<?xml version="1.0" encoding="UTF-8" standalone="no"?><author age_group="xx" gender="xx" lang="EN" type="twitter" url="https://twitter.com/larsbeck">
	<documents count="368">
		<document id="101231201913802752" url="https://twitter.com/larsbeck/status/101231201913802752"/>
		<document id="104159548906012673" url="https://twitter.com/larsbeck/status/104159548906012673"/>
		<document id="10618967893" url="https://twitter.com/larsbeck/status/10618967893"/>
		<document id="108097234666651648" url="https://twitter.com/larsbeck/status/108097234666651648"/>
		<document id="10863439199" url="https://twitter.com/larsbeck/status/10863439199"/>
		<document id="10864438887" url="https://twitter.com/larsbeck/status/10864438887"/>
		<document id="10869643932" url="https://twitter.com/larsbeck/status/10869643932"/>
		<document id="10970287767" url="https://twitter.com/larsbeck/status/10970287767"/>
		<document id="11025360357" url="https://twitter.com/larsbeck/status/11025360357"/>
		<document id="11038218028" url="https://twitter.com/larsbeck/status/11038218028"/>
		<document id="110640368466403328" url="https://twitter.com/larsbeck/status/110640368466403328"/>
		<document id="11082898190" url="https://twitter.com/larsbeck/status/11082898190"/>
		<document id="113622015348445184" url="https://twitter.com/larsbeck/status/113622015348445184"/>
		<document id="113965794651684867" url="https://twitter.com/larsbeck/status/113965794651684867"/>
		<document id="1155069235" url="https://twitter.com/larsbeck/status/1155069235"/>
		<document id="1157935757" url="https://twitter.com/larsbeck/status/1157935757"/>
		<document id="1161480746" url="https://twitter.com/larsbeck/status/1161480746"/>
		<document id="1164247082" url="https://twitter.com/larsbeck/status/1164247082"/>
		<document id="1166482440" url="https://twitter.com/larsbeck/status/1166482440"/>
		<document id="1169433835" url="https://twitter.com/larsbeck/status/1169433835"/>
		<document id="1172504414" url="https://twitter.com/larsbeck/status/1172504414"/>
		<document id="1176772718" url="https://twitter.com/larsbeck/status/1176772718"/>
		<document id="1181191862" url="https://twitter.com/larsbeck/status/1181191862"/>
		<document id="1189937806" url="https://twitter.com/larsbeck/status/1189937806"/>
		<document id="1192790382" url="https://twitter.com/larsbeck/status/1192790382"/>
		<document id="1193226329" url="https://twitter.com/larsbeck/status/1193226329"/>
		<document id="1195043530" url="https://twitter.com/larsbeck/status/1195043530"/>
		<document id="1196429072" url="https://twitter.com/larsbeck/status/1196429072"/>
		<document id="1196433990" url="https://twitter.com/larsbeck/status/1196433990"/>
		<document id="1196600716" url="https://twitter.com/larsbeck/status/1196600716"/>
		<document id="1230115480" url="https://twitter.com/larsbeck/status/1230115480"/>
		<document id="123714753326612480" url="https://twitter.com/larsbeck/status/123714753326612480"/>
		<document id="1245464515" url="https://twitter.com/larsbeck/status/1245464515"/>
		<document id="1274609966" url="https://twitter.com/larsbeck/status/1274609966"/>
		<document id="1284318275" url="https://twitter.com/larsbeck/status/1284318275"/>
		<document id="1289232320" url="https://twitter.com/larsbeck/status/1289232320"/>
		<document id="1304462590" url="https://twitter.com/larsbeck/status/1304462590"/>
		<document id="1329449566" url="https://twitter.com/larsbeck/status/1329449566"/>
		<document id="1356621850" url="https://twitter.com/larsbeck/status/1356621850"/>
		<document id="1374422185" url="https://twitter.com/larsbeck/status/1374422185"/>
		<document id="1375843538" url="https://twitter.com/larsbeck/status/1375843538"/>
		<document id="1375954962" url="https://twitter.com/larsbeck/status/1375954962"/>
		<document id="137597359088603136" url="https://twitter.com/larsbeck/status/137597359088603136"/>
		<document id="1388335280" url="https://twitter.com/larsbeck/status/1388335280"/>
		<document id="1393220684" url="https://twitter.com/larsbeck/status/1393220684"/>
		<document id="1403489303" url="https://twitter.com/larsbeck/status/1403489303"/>
		<document id="1427156249" url="https://twitter.com/larsbeck/status/1427156249"/>
		<document id="1464303724" url="https://twitter.com/larsbeck/status/1464303724"/>
		<document id="1470343576" url="https://twitter.com/larsbeck/status/1470343576"/>
		<document id="1470994446" url="https://twitter.com/larsbeck/status/1470994446"/>
		<document id="1471121674" url="https://twitter.com/larsbeck/status/1471121674"/>
		<document id="1472402672" url="https://twitter.com/larsbeck/status/1472402672"/>
		<document id="1483210514" url="https://twitter.com/larsbeck/status/1483210514"/>
		<document id="14854235866" url="https://twitter.com/larsbeck/status/14854235866"/>
		<document id="14888802500" url="https://twitter.com/larsbeck/status/14888802500"/>
		<document id="1497861409" url="https://twitter.com/larsbeck/status/1497861409"/>
		<document id="1535540332" url="https://twitter.com/larsbeck/status/1535540332"/>
		<document id="1543161597" url="https://twitter.com/larsbeck/status/1543161597"/>
		<document id="1543417084" url="https://twitter.com/larsbeck/status/1543417084"/>
		<document id="1550437129" url="https://twitter.com/larsbeck/status/1550437129"/>
		<document id="1584851965" url="https://twitter.com/larsbeck/status/1584851965"/>
		<document id="1585307845" url="https://twitter.com/larsbeck/status/1585307845"/>
		<document id="1628829096" url="https://twitter.com/larsbeck/status/1628829096"/>
		<document id="1649948375" url="https://twitter.com/larsbeck/status/1649948375"/>
		<document id="1694504825" url="https://twitter.com/larsbeck/status/1694504825"/>
		<document id="1694514750" url="https://twitter.com/larsbeck/status/1694514750"/>
		<document id="1763160454" url="https://twitter.com/larsbeck/status/1763160454"/>
		<document id="1787053327" url="https://twitter.com/larsbeck/status/1787053327"/>
		<document id="1787074991" url="https://twitter.com/larsbeck/status/1787074991"/>
		<document id="180252764214001664" url="https://twitter.com/larsbeck/status/180252764214001664"/>
		<document id="1834283550" url="https://twitter.com/larsbeck/status/1834283550"/>
		<document id="1835803971" url="https://twitter.com/larsbeck/status/1835803971"/>
		<document id="184610174936420353" url="https://twitter.com/larsbeck/status/184610174936420353"/>
		<document id="184683025236369408" url="https://twitter.com/larsbeck/status/184683025236369408"/>
		<document id="184707552775376898" url="https://twitter.com/larsbeck/status/184707552775376898"/>
		<document id="1850378172" url="https://twitter.com/larsbeck/status/1850378172"/>
		<document id="1857878658" url="https://twitter.com/larsbeck/status/1857878658"/>
		<document id="1891343876" url="https://twitter.com/larsbeck/status/1891343876"/>
		<document id="1905467801" url="https://twitter.com/larsbeck/status/1905467801"/>
		<document id="1928562140" url="https://twitter.com/larsbeck/status/1928562140"/>
		<document id="1945014018" url="https://twitter.com/larsbeck/status/1945014018"/>
		<document id="1945601862" url="https://twitter.com/larsbeck/status/1945601862"/>
		<document id="1947645612" url="https://twitter.com/larsbeck/status/1947645612"/>
		<document id="1994472035" url="https://twitter.com/larsbeck/status/1994472035"/>
		<document id="2028246170" url="https://twitter.com/larsbeck/status/2028246170"/>
		<document id="2075560278" url="https://twitter.com/larsbeck/status/2075560278"/>
		<document id="2078137543" url="https://twitter.com/larsbeck/status/2078137543"/>
		<document id="2078912633" url="https://twitter.com/larsbeck/status/2078912633"/>
		<document id="2131129112" url="https://twitter.com/larsbeck/status/2131129112"/>
		<document id="2277412683" url="https://twitter.com/larsbeck/status/2277412683"/>
		<document id="2280960811" url="https://twitter.com/larsbeck/status/2280960811"/>
		<document id="2283904447" url="https://twitter.com/larsbeck/status/2283904447"/>
		<document id="2300830311" url="https://twitter.com/larsbeck/status/2300830311"/>
		<document id="2308738527" url="https://twitter.com/larsbeck/status/2308738527"/>
		<document id="230994938828050433" url="https://twitter.com/larsbeck/status/230994938828050433"/>
		<document id="2503461554" url="https://twitter.com/larsbeck/status/2503461554"/>
		<document id="2531551341" url="https://twitter.com/larsbeck/status/2531551341"/>
		<document id="2536558662" url="https://twitter.com/larsbeck/status/2536558662"/>
		<document id="2568418500" url="https://twitter.com/larsbeck/status/2568418500"/>
		<document id="2592821600" url="https://twitter.com/larsbeck/status/2592821600"/>
		<document id="2613292560" url="https://twitter.com/larsbeck/status/2613292560"/>
		<document id="2680352223" url="https://twitter.com/larsbeck/status/2680352223"/>
		<document id="2756499552" url="https://twitter.com/larsbeck/status/2756499552"/>
		<document id="2761066191" url="https://twitter.com/larsbeck/status/2761066191"/>
		<document id="2796528756" url="https://twitter.com/larsbeck/status/2796528756"/>
		<document id="2850341806" url="https://twitter.com/larsbeck/status/2850341806"/>
		<document id="2858715943" url="https://twitter.com/larsbeck/status/2858715943"/>
		<document id="287256835877126144" url="https://twitter.com/larsbeck/status/287256835877126144"/>
		<document id="287566613270630401" url="https://twitter.com/larsbeck/status/287566613270630401"/>
		<document id="287921737809670144" url="https://twitter.com/larsbeck/status/287921737809670144"/>
		<document id="2907277767" url="https://twitter.com/larsbeck/status/2907277767"/>
		<document id="3056396053" url="https://twitter.com/larsbeck/status/3056396053"/>
		<document id="3056759234" url="https://twitter.com/larsbeck/status/3056759234"/>
		<document id="3107914726" url="https://twitter.com/larsbeck/status/3107914726"/>
		<document id="3138400735" url="https://twitter.com/larsbeck/status/3138400735"/>
		<document id="323747847155621888" url="https://twitter.com/larsbeck/status/323747847155621888"/>
		<document id="324813935561826305" url="https://twitter.com/larsbeck/status/324813935561826305"/>
		<document id="3479569084" url="https://twitter.com/larsbeck/status/3479569084"/>
		<document id="3488159088" url="https://twitter.com/larsbeck/status/3488159088"/>
		<document id="373847686237388800" url="https://twitter.com/larsbeck/status/373847686237388800"/>
		<document id="373877650500374528" url="https://twitter.com/larsbeck/status/373877650500374528"/>
		<document id="3740318934" url="https://twitter.com/larsbeck/status/3740318934"/>
		<document id="3753738373" url="https://twitter.com/larsbeck/status/3753738373"/>
		<document id="381828824138145792" url="https://twitter.com/larsbeck/status/381828824138145792"/>
		<document id="382073824512311296" url="https://twitter.com/larsbeck/status/382073824512311296"/>
		<document id="386390149728587776" url="https://twitter.com/larsbeck/status/386390149728587776"/>
		<document id="3950738449" url="https://twitter.com/larsbeck/status/3950738449"/>
		<document id="402544584565092353" url="https://twitter.com/larsbeck/status/402544584565092353"/>
		<document id="402798986316111872" url="https://twitter.com/larsbeck/status/402798986316111872"/>
		<document id="402829120456777728" url="https://twitter.com/larsbeck/status/402829120456777728"/>
		<document id="4054988955" url="https://twitter.com/larsbeck/status/4054988955"/>
		<document id="4055022047" url="https://twitter.com/larsbeck/status/4055022047"/>
		<document id="4055395629" url="https://twitter.com/larsbeck/status/4055395629"/>
		<document id="407245528003780608" url="https://twitter.com/larsbeck/status/407245528003780608"/>
		<document id="4076526453" url="https://twitter.com/larsbeck/status/4076526453"/>
		<document id="409299578329255936" url="https://twitter.com/larsbeck/status/409299578329255936"/>
		<document id="4831559984" url="https://twitter.com/larsbeck/status/4831559984"/>
		<document id="4892635754" url="https://twitter.com/larsbeck/status/4892635754"/>
		<document id="5107662298" url="https://twitter.com/larsbeck/status/5107662298"/>
		<document id="5283223254" url="https://twitter.com/larsbeck/status/5283223254"/>
		<document id="5289692306" url="https://twitter.com/larsbeck/status/5289692306"/>
		<document id="5311752478" url="https://twitter.com/larsbeck/status/5311752478"/>
		<document id="5315459372" url="https://twitter.com/larsbeck/status/5315459372"/>
		<document id="5502566284" url="https://twitter.com/larsbeck/status/5502566284"/>
		<document id="5559303253" url="https://twitter.com/larsbeck/status/5559303253"/>
		<document id="5586262276" url="https://twitter.com/larsbeck/status/5586262276"/>
		<document id="5795702347" url="https://twitter.com/larsbeck/status/5795702347"/>
		<document id="5854467027" url="https://twitter.com/larsbeck/status/5854467027"/>
		<document id="6013121717" url="https://twitter.com/larsbeck/status/6013121717"/>
		<document id="6050609973" url="https://twitter.com/larsbeck/status/6050609973"/>
		<document id="6111339381" url="https://twitter.com/larsbeck/status/6111339381"/>
		<document id="6124664769" url="https://twitter.com/larsbeck/status/6124664769"/>
		<document id="6139748273" url="https://twitter.com/larsbeck/status/6139748273"/>
		<document id="6168161019" url="https://twitter.com/larsbeck/status/6168161019"/>
		<document id="6538973512" url="https://twitter.com/larsbeck/status/6538973512"/>
		<document id="6542661906" url="https://twitter.com/larsbeck/status/6542661906"/>
		<document id="6756704093" url="https://twitter.com/larsbeck/status/6756704093"/>
		<document id="7456807078" url="https://twitter.com/larsbeck/status/7456807078"/>
		<document id="7517365165" url="https://twitter.com/larsbeck/status/7517365165"/>
		<document id="7521601270" url="https://twitter.com/larsbeck/status/7521601270"/>
		<document id="7552883476" url="https://twitter.com/larsbeck/status/7552883476"/>
		<document id="7689672063" url="https://twitter.com/larsbeck/status/7689672063"/>
		<document id="8242563685" url="https://twitter.com/larsbeck/status/8242563685"/>
		<document id="8243163108" url="https://twitter.com/larsbeck/status/8243163108"/>
		<document id="8370826563" url="https://twitter.com/larsbeck/status/8370826563"/>
		<document id="8517479519" url="https://twitter.com/larsbeck/status/8517479519"/>
		<document id="8688958847" url="https://twitter.com/larsbeck/status/8688958847"/>
		<document id="8803568629" url="https://twitter.com/larsbeck/status/8803568629"/>
		<document id="8805394241" url="https://twitter.com/larsbeck/status/8805394241"/>
		<document id="88159088629911552" url="https://twitter.com/larsbeck/status/88159088629911552"/>
		<document id="8913426054" url="https://twitter.com/larsbeck/status/8913426054"/>
		<document id="8952806112" url="https://twitter.com/larsbeck/status/8952806112"/>
		<document id="8953359483" url="https://twitter.com/larsbeck/status/8953359483"/>
		<document id="90311242580901888" url="https://twitter.com/larsbeck/status/90311242580901888"/>
		<document id="9344904557" url="https://twitter.com/larsbeck/status/9344904557"/>
		<document id="9580768423" url="https://twitter.com/larsbeck/status/9580768423"/>
		<document id="98340359414882304" url="https://twitter.com/larsbeck/status/98340359414882304"/>
		<document id="9867247782" url="https://twitter.com/larsbeck/status/9867247782"/>
		<document id="101231201913802752" url="https://twitter.com/larsbeck/status/101231201913802752"/>
		<document id="104159548906012673" url="https://twitter.com/larsbeck/status/104159548906012673"/>
		<document id="10618967893" url="https://twitter.com/larsbeck/status/10618967893"/>
		<document id="108097234666651648" url="https://twitter.com/larsbeck/status/108097234666651648"/>
		<document id="10863439199" url="https://twitter.com/larsbeck/status/10863439199"/>
		<document id="10864438887" url="https://twitter.com/larsbeck/status/10864438887"/>
		<document id="10869643932" url="https://twitter.com/larsbeck/status/10869643932"/>
		<document id="10970287767" url="https://twitter.com/larsbeck/status/10970287767"/>
		<document id="11025360357" url="https://twitter.com/larsbeck/status/11025360357"/>
		<document id="11038218028" url="https://twitter.com/larsbeck/status/11038218028"/>
		<document id="110640368466403328" url="https://twitter.com/larsbeck/status/110640368466403328"/>
		<document id="11082898190" url="https://twitter.com/larsbeck/status/11082898190"/>
		<document id="113622015348445184" url="https://twitter.com/larsbeck/status/113622015348445184"/>
		<document id="113965794651684867" url="https://twitter.com/larsbeck/status/113965794651684867"/>
		<document id="1155069235" url="https://twitter.com/larsbeck/status/1155069235"/>
		<document id="1157935757" url="https://twitter.com/larsbeck/status/1157935757"/>
		<document id="1161480746" url="https://twitter.com/larsbeck/status/1161480746"/>
		<document id="1164247082" url="https://twitter.com/larsbeck/status/1164247082"/>
		<document id="1166482440" url="https://twitter.com/larsbeck/status/1166482440"/>
		<document id="1169433835" url="https://twitter.com/larsbeck/status/1169433835"/>
		<document id="1172504414" url="https://twitter.com/larsbeck/status/1172504414"/>
		<document id="1176772718" url="https://twitter.com/larsbeck/status/1176772718"/>
		<document id="1181191862" url="https://twitter.com/larsbeck/status/1181191862"/>
		<document id="1189937806" url="https://twitter.com/larsbeck/status/1189937806"/>
		<document id="1192790382" url="https://twitter.com/larsbeck/status/1192790382"/>
		<document id="1193226329" url="https://twitter.com/larsbeck/status/1193226329"/>
		<document id="1195043530" url="https://twitter.com/larsbeck/status/1195043530"/>
		<document id="1196429072" url="https://twitter.com/larsbeck/status/1196429072"/>
		<document id="1196433990" url="https://twitter.com/larsbeck/status/1196433990"/>
		<document id="1196600716" url="https://twitter.com/larsbeck/status/1196600716"/>
		<document id="1230115480" url="https://twitter.com/larsbeck/status/1230115480"/>
		<document id="123714753326612480" url="https://twitter.com/larsbeck/status/123714753326612480"/>
		<document id="1245464515" url="https://twitter.com/larsbeck/status/1245464515"/>
		<document id="1274609966" url="https://twitter.com/larsbeck/status/1274609966"/>
		<document id="1284318275" url="https://twitter.com/larsbeck/status/1284318275"/>
		<document id="1289232320" url="https://twitter.com/larsbeck/status/1289232320"/>
		<document id="1304462590" url="https://twitter.com/larsbeck/status/1304462590"/>
		<document id="1329449566" url="https://twitter.com/larsbeck/status/1329449566"/>
		<document id="1356621850" url="https://twitter.com/larsbeck/status/1356621850"/>
		<document id="1374422185" url="https://twitter.com/larsbeck/status/1374422185"/>
		<document id="1375843538" url="https://twitter.com/larsbeck/status/1375843538"/>
		<document id="1375954962" url="https://twitter.com/larsbeck/status/1375954962"/>
		<document id="137597359088603136" url="https://twitter.com/larsbeck/status/137597359088603136"/>
		<document id="1388335280" url="https://twitter.com/larsbeck/status/1388335280"/>
		<document id="1393220684" url="https://twitter.com/larsbeck/status/1393220684"/>
		<document id="1403489303" url="https://twitter.com/larsbeck/status/1403489303"/>
		<document id="1427156249" url="https://twitter.com/larsbeck/status/1427156249"/>
		<document id="1464303724" url="https://twitter.com/larsbeck/status/1464303724"/>
		<document id="1470343576" url="https://twitter.com/larsbeck/status/1470343576"/>
		<document id="1470994446" url="https://twitter.com/larsbeck/status/1470994446"/>
		<document id="1471121674" url="https://twitter.com/larsbeck/status/1471121674"/>
		<document id="1472402672" url="https://twitter.com/larsbeck/status/1472402672"/>
		<document id="1483210514" url="https://twitter.com/larsbeck/status/1483210514"/>
		<document id="14854235866" url="https://twitter.com/larsbeck/status/14854235866"/>
		<document id="14888802500" url="https://twitter.com/larsbeck/status/14888802500"/>
		<document id="1497861409" url="https://twitter.com/larsbeck/status/1497861409"/>
		<document id="1535540332" url="https://twitter.com/larsbeck/status/1535540332"/>
		<document id="1543161597" url="https://twitter.com/larsbeck/status/1543161597"/>
		<document id="1543417084" url="https://twitter.com/larsbeck/status/1543417084"/>
		<document id="1550437129" url="https://twitter.com/larsbeck/status/1550437129"/>
		<document id="1584851965" url="https://twitter.com/larsbeck/status/1584851965"/>
		<document id="1585307845" url="https://twitter.com/larsbeck/status/1585307845"/>
		<document id="1628829096" url="https://twitter.com/larsbeck/status/1628829096"/>
		<document id="1649948375" url="https://twitter.com/larsbeck/status/1649948375"/>
		<document id="1694504825" url="https://twitter.com/larsbeck/status/1694504825"/>
		<document id="1694514750" url="https://twitter.com/larsbeck/status/1694514750"/>
		<document id="1763160454" url="https://twitter.com/larsbeck/status/1763160454"/>
		<document id="1787053327" url="https://twitter.com/larsbeck/status/1787053327"/>
		<document id="1787074991" url="https://twitter.com/larsbeck/status/1787074991"/>
		<document id="180252764214001664" url="https://twitter.com/larsbeck/status/180252764214001664"/>
		<document id="1834283550" url="https://twitter.com/larsbeck/status/1834283550"/>
		<document id="1835803971" url="https://twitter.com/larsbeck/status/1835803971"/>
		<document id="184610174936420353" url="https://twitter.com/larsbeck/status/184610174936420353"/>
		<document id="184683025236369408" url="https://twitter.com/larsbeck/status/184683025236369408"/>
		<document id="184707552775376898" url="https://twitter.com/larsbeck/status/184707552775376898"/>
		<document id="1850378172" url="https://twitter.com/larsbeck/status/1850378172"/>
		<document id="1857878658" url="https://twitter.com/larsbeck/status/1857878658"/>
		<document id="1891343876" url="https://twitter.com/larsbeck/status/1891343876"/>
		<document id="1905467801" url="https://twitter.com/larsbeck/status/1905467801"/>
		<document id="1928562140" url="https://twitter.com/larsbeck/status/1928562140"/>
		<document id="1945014018" url="https://twitter.com/larsbeck/status/1945014018"/>
		<document id="1945601862" url="https://twitter.com/larsbeck/status/1945601862"/>
		<document id="1947645612" url="https://twitter.com/larsbeck/status/1947645612"/>
		<document id="1994472035" url="https://twitter.com/larsbeck/status/1994472035"/>
		<document id="2028246170" url="https://twitter.com/larsbeck/status/2028246170"/>
		<document id="2075560278" url="https://twitter.com/larsbeck/status/2075560278"/>
		<document id="2078137543" url="https://twitter.com/larsbeck/status/2078137543"/>
		<document id="2078912633" url="https://twitter.com/larsbeck/status/2078912633"/>
		<document id="2131129112" url="https://twitter.com/larsbeck/status/2131129112"/>
		<document id="2277412683" url="https://twitter.com/larsbeck/status/2277412683"/>
		<document id="2280960811" url="https://twitter.com/larsbeck/status/2280960811"/>
		<document id="2283904447" url="https://twitter.com/larsbeck/status/2283904447"/>
		<document id="2300830311" url="https://twitter.com/larsbeck/status/2300830311"/>
		<document id="2308738527" url="https://twitter.com/larsbeck/status/2308738527"/>
		<document id="230994938828050433" url="https://twitter.com/larsbeck/status/230994938828050433"/>
		<document id="2503461554" url="https://twitter.com/larsbeck/status/2503461554"/>
		<document id="2531551341" url="https://twitter.com/larsbeck/status/2531551341"/>
		<document id="2536558662" url="https://twitter.com/larsbeck/status/2536558662"/>
		<document id="2568418500" url="https://twitter.com/larsbeck/status/2568418500"/>
		<document id="2592821600" url="https://twitter.com/larsbeck/status/2592821600"/>
		<document id="2613292560" url="https://twitter.com/larsbeck/status/2613292560"/>
		<document id="2680352223" url="https://twitter.com/larsbeck/status/2680352223"/>
		<document id="2756499552" url="https://twitter.com/larsbeck/status/2756499552"/>
		<document id="2761066191" url="https://twitter.com/larsbeck/status/2761066191"/>
		<document id="2796528756" url="https://twitter.com/larsbeck/status/2796528756"/>
		<document id="2850341806" url="https://twitter.com/larsbeck/status/2850341806"/>
		<document id="2858715943" url="https://twitter.com/larsbeck/status/2858715943"/>
		<document id="287256835877126144" url="https://twitter.com/larsbeck/status/287256835877126144"/>
		<document id="287566613270630401" url="https://twitter.com/larsbeck/status/287566613270630401"/>
		<document id="287921737809670144" url="https://twitter.com/larsbeck/status/287921737809670144"/>
		<document id="2907277767" url="https://twitter.com/larsbeck/status/2907277767"/>
		<document id="3056396053" url="https://twitter.com/larsbeck/status/3056396053"/>
		<document id="3056759234" url="https://twitter.com/larsbeck/status/3056759234"/>
		<document id="3107914726" url="https://twitter.com/larsbeck/status/3107914726"/>
		<document id="3138400735" url="https://twitter.com/larsbeck/status/3138400735"/>
		<document id="323747847155621888" url="https://twitter.com/larsbeck/status/323747847155621888"/>
		<document id="324813935561826305" url="https://twitter.com/larsbeck/status/324813935561826305"/>
		<document id="3479569084" url="https://twitter.com/larsbeck/status/3479569084"/>
		<document id="3488159088" url="https://twitter.com/larsbeck/status/3488159088"/>
		<document id="373847686237388800" url="https://twitter.com/larsbeck/status/373847686237388800"/>
		<document id="373877650500374528" url="https://twitter.com/larsbeck/status/373877650500374528"/>
		<document id="3740318934" url="https://twitter.com/larsbeck/status/3740318934"/>
		<document id="3753738373" url="https://twitter.com/larsbeck/status/3753738373"/>
		<document id="381828824138145792" url="https://twitter.com/larsbeck/status/381828824138145792"/>
		<document id="382073824512311296" url="https://twitter.com/larsbeck/status/382073824512311296"/>
		<document id="386390149728587776" url="https://twitter.com/larsbeck/status/386390149728587776"/>
		<document id="3950738449" url="https://twitter.com/larsbeck/status/3950738449"/>
		<document id="402544584565092353" url="https://twitter.com/larsbeck/status/402544584565092353"/>
		<document id="402798986316111872" url="https://twitter.com/larsbeck/status/402798986316111872"/>
		<document id="402829120456777728" url="https://twitter.com/larsbeck/status/402829120456777728"/>
		<document id="4054988955" url="https://twitter.com/larsbeck/status/4054988955"/>
		<document id="4055022047" url="https://twitter.com/larsbeck/status/4055022047"/>
		<document id="4055395629" url="https://twitter.com/larsbeck/status/4055395629"/>
		<document id="407245528003780608" url="https://twitter.com/larsbeck/status/407245528003780608"/>
		<document id="4076526453" url="https://twitter.com/larsbeck/status/4076526453"/>
		<document id="409299578329255936" url="https://twitter.com/larsbeck/status/409299578329255936"/>
		<document id="4831559984" url="https://twitter.com/larsbeck/status/4831559984"/>
		<document id="4892635754" url="https://twitter.com/larsbeck/status/4892635754"/>
		<document id="5107662298" url="https://twitter.com/larsbeck/status/5107662298"/>
		<document id="5283223254" url="https://twitter.com/larsbeck/status/5283223254"/>
		<document id="5289692306" url="https://twitter.com/larsbeck/status/5289692306"/>
		<document id="5311752478" url="https://twitter.com/larsbeck/status/5311752478"/>
		<document id="5315459372" url="https://twitter.com/larsbeck/status/5315459372"/>
		<document id="5502566284" url="https://twitter.com/larsbeck/status/5502566284"/>
		<document id="5559303253" url="https://twitter.com/larsbeck/status/5559303253"/>
		<document id="5586262276" url="https://twitter.com/larsbeck/status/5586262276"/>
		<document id="5795702347" url="https://twitter.com/larsbeck/status/5795702347"/>
		<document id="5854467027" url="https://twitter.com/larsbeck/status/5854467027"/>
		<document id="6013121717" url="https://twitter.com/larsbeck/status/6013121717"/>
		<document id="6050609973" url="https://twitter.com/larsbeck/status/6050609973"/>
		<document id="6111339381" url="https://twitter.com/larsbeck/status/6111339381"/>
		<document id="6124664769" url="https://twitter.com/larsbeck/status/6124664769"/>
		<document id="6139748273" url="https://twitter.com/larsbeck/status/6139748273"/>
		<document id="6168161019" url="https://twitter.com/larsbeck/status/6168161019"/>
		<document id="6538973512" url="https://twitter.com/larsbeck/status/6538973512"/>
		<document id="6542661906" url="https://twitter.com/larsbeck/status/6542661906"/>
		<document id="6756704093" url="https://twitter.com/larsbeck/status/6756704093"/>
		<document id="7456807078" url="https://twitter.com/larsbeck/status/7456807078"/>
		<document id="7517365165" url="https://twitter.com/larsbeck/status/7517365165"/>
		<document id="7521601270" url="https://twitter.com/larsbeck/status/7521601270"/>
		<document id="7552883476" url="https://twitter.com/larsbeck/status/7552883476"/>
		<document id="7689672063" url="https://twitter.com/larsbeck/status/7689672063"/>
		<document id="8242563685" url="https://twitter.com/larsbeck/status/8242563685"/>
		<document id="8243163108" url="https://twitter.com/larsbeck/status/8243163108"/>
		<document id="8370826563" url="https://twitter.com/larsbeck/status/8370826563"/>
		<document id="8517479519" url="https://twitter.com/larsbeck/status/8517479519"/>
		<document id="8688958847" url="https://twitter.com/larsbeck/status/8688958847"/>
		<document id="8803568629" url="https://twitter.com/larsbeck/status/8803568629"/>
		<document id="8805394241" url="https://twitter.com/larsbeck/status/8805394241"/>
		<document id="88159088629911552" url="https://twitter.com/larsbeck/status/88159088629911552"/>
		<document id="8913426054" url="https://twitter.com/larsbeck/status/8913426054"/>
		<document id="8952806112" url="https://twitter.com/larsbeck/status/8952806112"/>
		<document id="8953359483" url="https://twitter.com/larsbeck/status/8953359483"/>
		<document id="90311242580901888" url="https://twitter.com/larsbeck/status/90311242580901888"/>
		<document id="9344904557" url="https://twitter.com/larsbeck/status/9344904557"/>
		<document id="9580768423" url="https://twitter.com/larsbeck/status/9580768423"/>
		<document id="98340359414882304" url="https://twitter.com/larsbeck/status/98340359414882304"/>
		<document id="9867247782" url="https://twitter.com/larsbeck/status/9867247782"/>
	</documents>
</author>