<?xml version="1.0" encoding="UTF-8" standalone="no"?><author age_group="xx" gender="xx" lang="EN" type="twitter" url="https://twitter.com/mrgomezponce">
	<documents count="110">
		<document id="336819926687961088" url="https://twitter.com/mrgomezponce/status/336819926687961088"><![CDATA[Thanks! RT <a href="/gmolino" class="twitter-atreply pretty-link js-nav" dir="ltr" data-mentioned-user-id="2955311" ><s>@</s><b>gmolino</b></a>: Gmolino diario is out! <a href="http://t.co/4mXZU1ZDHK" rel="nofollow noopener" dir="ltr" data-expanded-url="http://paper.li/gmolino" class="twitter-timeline-link" target="_blank" title="http://paper.li/gmolino" ><span class="tco-ellipsis"></span><span class="invisible">http://</span><span class="js-display-url">paper.li/gmolino</span><span class="invisible"></span><span class="tco-ellipsis"><span class="invisible">&nbsp;</span></span></a> ▸ Top stories today via <a href="/mrgomezponce" class="twitter-atreply pretty-link js-nav" dir="ltr" data-mentioned-user-id="10864622" ><s>@</s><b>mrgomezponce</b></a> <a href="/Mr_Rockmantico" class="twitter-atreply pretty-link js-nav" dir="ltr" data-mentioned-user-id="16379282" ><s>@</s><b>Mr_Rockmantico</b></a> <a href="/AlfonsoRomay" class="twitter-atreply pretty-link js-nav" dir="ltr" data-mentioned-user-id="41376437" ><s>@</s><b>AlfonsoRomay</b></a>]]></document>
		<document id="338436540642521090" url="https://twitter.com/mrgomezponce/status/338436540642521090"><![CDATA[Wifi in the city by WiZi <a href="/hashtag/Zaragoza?src=hash" data-query-source="hashtag_click" class="twitter-hashtag pretty-link js-nav" dir="ltr" ><s>#</s><b>Zaragoza</b></a> <a href="http://t.co/gkAsh9Au5E" rel="nofollow noopener" dir="ltr" data-expanded-url="http://instagram.com/p/ZwM4hkJl0l/" class="twitter-timeline-link" target="_blank" title="http://instagram.com/p/ZwM4hkJl0l/" ><span class="tco-ellipsis"></span><span class="invisible">http://</span><span class="js-display-url">instagram.com/p/ZwM4hkJl0l/</span><span class="invisible"></span><span class="tco-ellipsis"><span class="invisible">&nbsp;</span></span></a>]]></document>
		<document id="343860465794940928" url="https://twitter.com/mrgomezponce/status/343860465794940928"><![CDATA[<a href="/standart_power" class="twitter-atreply pretty-link js-nav" dir="ltr" data-mentioned-user-id="553060249" ><s>@</s><b>standart_power</b></a> exacto!]]></document>
		<document id="346257155793506304" url="https://twitter.com/mrgomezponce/status/346257155793506304"><![CDATA[Thanks! RT <a href="/CyberElector" class="twitter-atreply pretty-link js-nav" dir="ltr" data-mentioned-user-id="161289359" ><s>@</s><b>CyberElector</b></a> The Daily CyberElector <a href="http://t.co/TSgyI8fNHg" rel="nofollow noopener" dir="ltr" data-expanded-url="http://paper.li/CyberElector" class="twitter-timeline-link" target="_blank" title="http://paper.li/CyberElector" ><span class="tco-ellipsis"></span><span class="invisible">http://</span><span class="js-display-url">paper.li/CyberElector</span><span class="invisible"></span><span class="tco-ellipsis"><span class="invisible">&nbsp;</span></span></a> ▸ Top stories today via <a href="/mrgomezponce" class="twitter-atreply pretty-link js-nav" dir="ltr" data-mentioned-user-id="10864622" ><s>@</s><b>mrgomezponce</b></a> <a href="/politicaenlaweb" class="twitter-atreply pretty-link js-nav" dir="ltr" data-mentioned-user-id="57514789" ><s>@</s><b>politicaenlaweb</b></a> <a href="/edaindil" class="twitter-atreply pretty-link js-nav" dir="ltr" data-mentioned-user-id="166874746" ><s>@</s><b>edaindil</b></a>]]></document>
		<document id="349261414940164096" url="https://twitter.com/mrgomezponce/status/349261414940164096"><![CDATA[<a href="/WilII_Smith" class="twitter-atreply pretty-link js-nav" dir="ltr" data-mentioned-user-id="2674600340" ><s>@</s><b>WilII_Smith</b></a> is really nice, smart and friendly, he trying to speak spanish but Pablo does make no effort... <a href="/hashtag/WillSmithEH?src=hash" data-query-source="hashtag_click" class="twitter-hashtag pretty-link js-nav" dir="ltr" ><s>#</s><b>WillSmithEH</b></a> <a href="/hashtag/Spainisdifferent?src=hash" data-query-source="hashtag_click" class="twitter-hashtag pretty-link js-nav" dir="ltr" ><s>#</s><b>Spainisdifferent</b></a>]]></document>
		<document id="350102286753726465" url="https://twitter.com/mrgomezponce/status/350102286753726465"><![CDATA[<a href="/Google" class="twitter-atreply pretty-link js-nav" dir="ltr" data-mentioned-user-id="20536157" ><s>@</s><b>google</b></a> Helping journalists tell stories through data analysis &amp; visualization at the Global Editors Network summit<a href="http://t.co/ecKhZADKCF" rel="nofollow noopener" dir="ltr" data-expanded-url="http://goo.gl/6qOfB" class="twitter-timeline-link u-hidden" target="_blank" title="http://goo.gl/6qOfB" ><span class="tco-ellipsis"></span><span class="invisible">http://</span><span class="js-display-url">goo.gl/6qOfB</span><span class="invisible"></span><span class="tco-ellipsis"><span class="invisible">&nbsp;</span></span></a>]]></document>
		<document id="351753596334903297" url="https://twitter.com/mrgomezponce/status/351753596334903297"><![CDATA[Dennis Frenchman: &quot;Zaragoza has been inspiration for the Projects like Guadalajara Ciudad Creativa Digital and others...&quot; <a href="/hashtag/eTOPIA_2013?src=hash" data-query-source="hashtag_click" class="twitter-hashtag pretty-link js-nav" dir="ltr" ><s>#</s><b>eTOPIA_2013</b></a>]]></document>
		<document id="358093932426575872" url="https://twitter.com/mrgomezponce/status/358093932426575872"><![CDATA[Morning ;) RT <a href="/imrealTED" class="twitter-atreply pretty-link js-nav" dir="ltr" data-mentioned-user-id="2200681128" ><s>@</s><b>ImRealTed</b></a>: The number of &quot;followers&quot; you have does not make you better than anyone else. Hitler had millions, Jesus had 12]]></document>
		<document id="359103324072591360" url="https://twitter.com/mrgomezponce/status/359103324072591360"><![CDATA[Thanks!! RT <a href="/Nurival" class="twitter-atreply pretty-link js-nav" dir="ltr" data-mentioned-user-id="40264947" ><s>@</s><b>Nurival</b></a>: The Jungle Press is out! <a href="http://t.co/zBGGQVoS0l" rel="nofollow noopener" dir="ltr" data-expanded-url="http://paper.li/Nurival/1309453479" class="twitter-timeline-link" target="_blank" title="http://paper.li/Nurival/1309453479" ><span class="tco-ellipsis"></span><span class="invisible">http://</span><span class="js-display-url">paper.li/Nurival/130945</span><span class="invisible">3479</span><span class="tco-ellipsis"><span class="invisible">&nbsp;</span>…</span></a> ▸ Top stories today via <a href="/mrgomezponce" class="twitter-atreply pretty-link js-nav" dir="ltr" data-mentioned-user-id="10864622" ><s>@</s><b>mrgomezponce</b></a>]]></document>
		<document id="364976383555928065" url="https://twitter.com/mrgomezponce/status/364976383555928065"><![CDATA[Buenas! Mucho twitt programado a estas horas en Twitter, #zombies#]]></document>
		<document id="373473588096929792" url="https://twitter.com/mrgomezponce/status/373473588096929792"><![CDATA[Thanks! RT <a href="/gmolino" class="twitter-atreply pretty-link js-nav" dir="ltr" data-mentioned-user-id="2955311" ><s>@</s><b>gmolino</b></a> Gmolino diario is out! <a href="http://t.co/4mXZU1ZDHK" rel="nofollow noopener" dir="ltr" data-expanded-url="http://paper.li/gmolino" class="twitter-timeline-link" target="_blank" title="http://paper.li/gmolino" ><span class="tco-ellipsis"></span><span class="invisible">http://</span><span class="js-display-url">paper.li/gmolino</span><span class="invisible"></span><span class="tco-ellipsis"><span class="invisible">&nbsp;</span></span></a>   ▸ Top stories today via <a href="/MissMacGuffin" class="twitter-atreply pretty-link js-nav" dir="ltr" data-mentioned-user-id="16964446" ><s>@</s><b>MissMacGuffin</b></a> <a href="/mrgomezponce" class="twitter-atreply pretty-link js-nav" dir="ltr" data-mentioned-user-id="10864622" ><s>@</s><b>mrgomezponce</b></a>]]></document>
		<document id="374078310118338560" url="https://twitter.com/mrgomezponce/status/374078310118338560"><![CDATA[<a href="/JotaBenedi" class="twitter-atreply pretty-link js-nav" dir="ltr" data-mentioned-user-id="122140608" ><s>@</s><b>JotaBenedi</b></a> Good luck! RT <a href="/JotaBenedi" class="twitter-atreply pretty-link js-nav" dir="ltr" data-mentioned-user-id="122140608" ><s>@</s><b>JotaBenedi</b></a>: Ready to rock steady!<a href="http://t.co/TfwD0JN3A6" class="twitter-timeline-link u-hidden" data-pre-embedded="true" dir="ltr" >pic.twitter.com/TfwD0JN3A6</a>]]></document>
		<document id="375304780152713216" url="https://twitter.com/mrgomezponce/status/375304780152713216"><![CDATA[Watch the first 54 seconds. That’s all I ask. You’ll be hooked after that, I swear.  (via <a href="/Upworthy" class="twitter-atreply pretty-link js-nav" dir="ltr" data-mentioned-user-id="524396430" ><s>@</s><b>Upworthy</b></a>)<a href="http://t.co/eGARHNyyNy" rel="nofollow noopener" dir="ltr" data-expanded-url="http://www.upworthy.com/watch-the-first-54-seconds-that-s-all-i-ask-you-ll-be-hooked-after-that-i-swear?g=3" class="twitter-timeline-link u-hidden" target="_blank" title="http://www.upworthy.com/watch-the-first-54-seconds-that-s-all-i-ask-you-ll-be-hooked-after-that-i-swear?g=3" ><span class="tco-ellipsis"></span><span class="invisible">http://www.</span><span class="js-display-url">upworthy.com/watch-the-firs</span><span class="invisible">t-54-seconds-that-s-all-i-ask-you-ll-be-hooked-after-that-i-swear?g=3</span><span class="tco-ellipsis"><span class="invisible">&nbsp;</span>…</span></a>]]></document>
		<document id="382549987177299968" url="https://twitter.com/mrgomezponce/status/382549987177299968"><![CDATA[Very interesting! Thanks Isabelle!! RT <a href="/nanouk" class="twitter-atreply pretty-link js-nav" dir="ltr" data-mentioned-user-id="15232782" ><s>@</s><b>nanouk</b></a>: Alice Ayel » IB Spanish students: social relationships <a href="http://t.co/jJzl4n01I3" rel="nofollow noopener" dir="ltr" data-expanded-url="http://bit.ly/16EwDUN" class="twitter-timeline-link" target="_blank" title="http://bit.ly/16EwDUN" ><span class="tco-ellipsis"></span><span class="invisible">http://</span><span class="js-display-url">bit.ly/16EwDUN</span><span class="invisible"></span><span class="tco-ellipsis"><span class="invisible">&nbsp;</span></span></a> <a href="/hashtag/Argentina?src=hash" data-query-source="hashtag_click" class="twitter-hashtag pretty-link js-nav" dir="ltr" ><s>#</s><b>Argentina</b></a>]]></document>
		<document id="382655216312934400" url="https://twitter.com/mrgomezponce/status/382655216312934400"><![CDATA[<a href="/BarackObama" class="twitter-atreply pretty-link js-nav" dir="ltr" data-mentioned-user-id="813286" ><s>@</s><b>BarackObama</b></a> why do you not answer to Dilma Rousseff? <a href="/hashtag/Brasil?src=hash" data-query-source="hashtag_click" class="twitter-hashtag pretty-link js-nav" dir="ltr" ><s>#</s><b>Brasil</b></a> <a href="/hashtag/Sudamerica?src=hash" data-query-source="hashtag_click" class="twitter-hashtag pretty-link js-nav" dir="ltr" ><s>#</s><b>Sudamerica</b></a> <a href="/hashtag/Spain?src=hash" data-query-source="hashtag_click" class="twitter-hashtag pretty-link js-nav" dir="ltr" ><s>#</s><b>Spain</b></a> want yo know]]></document>
		<document id="336819926687961088" url="https://twitter.com/mrgomezponce/status/336819926687961088"><![CDATA[Thanks! RT <a href="/gmolino" class="twitter-atreply pretty-link js-nav" dir="ltr" data-mentioned-user-id="2955311" ><s>@</s><b>gmolino</b></a>: Gmolino diario is out! <a href="http://t.co/4mXZU1ZDHK" rel="nofollow noopener" dir="ltr" data-expanded-url="http://paper.li/gmolino" class="twitter-timeline-link" target="_blank" title="http://paper.li/gmolino" ><span class="tco-ellipsis"></span><span class="invisible">http://</span><span class="js-display-url">paper.li/gmolino</span><span class="invisible"></span><span class="tco-ellipsis"><span class="invisible">&nbsp;</span></span></a> ▸ Top stories today via <a href="/mrgomezponce" class="twitter-atreply pretty-link js-nav" dir="ltr" data-mentioned-user-id="10864622" ><s>@</s><b>mrgomezponce</b></a> <a href="/Mr_Rockmantico" class="twitter-atreply pretty-link js-nav" dir="ltr" data-mentioned-user-id="16379282" ><s>@</s><b>Mr_Rockmantico</b></a> <a href="/AlfonsoRomay" class="twitter-atreply pretty-link js-nav" dir="ltr" data-mentioned-user-id="41376437" ><s>@</s><b>AlfonsoRomay</b></a>]]></document>
		<document id="338436540642521090" url="https://twitter.com/mrgomezponce/status/338436540642521090"><![CDATA[Wifi in the city by WiZi <a href="/hashtag/Zaragoza?src=hash" data-query-source="hashtag_click" class="twitter-hashtag pretty-link js-nav" dir="ltr" ><s>#</s><b>Zaragoza</b></a> <a href="http://t.co/gkAsh9Au5E" rel="nofollow noopener" dir="ltr" data-expanded-url="http://instagram.com/p/ZwM4hkJl0l/" class="twitter-timeline-link" target="_blank" title="http://instagram.com/p/ZwM4hkJl0l/" ><span class="tco-ellipsis"></span><span class="invisible">http://</span><span class="js-display-url">instagram.com/p/ZwM4hkJl0l/</span><span class="invisible"></span><span class="tco-ellipsis"><span class="invisible">&nbsp;</span></span></a>]]></document>
		<document id="343860465794940928" url="https://twitter.com/mrgomezponce/status/343860465794940928"><![CDATA[<a href="/standart_power" class="twitter-atreply pretty-link js-nav" dir="ltr" data-mentioned-user-id="553060249" ><s>@</s><b>standart_power</b></a> exacto!]]></document>
		<document id="346257155793506304" url="https://twitter.com/mrgomezponce/status/346257155793506304"><![CDATA[Thanks! RT <a href="/CyberElector" class="twitter-atreply pretty-link js-nav" dir="ltr" data-mentioned-user-id="161289359" ><s>@</s><b>CyberElector</b></a> The Daily CyberElector <a href="http://t.co/TSgyI8fNHg" rel="nofollow noopener" dir="ltr" data-expanded-url="http://paper.li/CyberElector" class="twitter-timeline-link" target="_blank" title="http://paper.li/CyberElector" ><span class="tco-ellipsis"></span><span class="invisible">http://</span><span class="js-display-url">paper.li/CyberElector</span><span class="invisible"></span><span class="tco-ellipsis"><span class="invisible">&nbsp;</span></span></a> ▸ Top stories today via <a href="/mrgomezponce" class="twitter-atreply pretty-link js-nav" dir="ltr" data-mentioned-user-id="10864622" ><s>@</s><b>mrgomezponce</b></a> <a href="/politicaenlaweb" class="twitter-atreply pretty-link js-nav" dir="ltr" data-mentioned-user-id="57514789" ><s>@</s><b>politicaenlaweb</b></a> <a href="/edaindil" class="twitter-atreply pretty-link js-nav" dir="ltr" data-mentioned-user-id="166874746" ><s>@</s><b>edaindil</b></a>]]></document>
		<document id="349261414940164096" url="https://twitter.com/mrgomezponce/status/349261414940164096"><![CDATA[<a href="/WilII_Smith" class="twitter-atreply pretty-link js-nav" dir="ltr" data-mentioned-user-id="2674600340" ><s>@</s><b>WilII_Smith</b></a> is really nice, smart and friendly, he trying to speak spanish but Pablo does make no effort... <a href="/hashtag/WillSmithEH?src=hash" data-query-source="hashtag_click" class="twitter-hashtag pretty-link js-nav" dir="ltr" ><s>#</s><b>WillSmithEH</b></a> <a href="/hashtag/Spainisdifferent?src=hash" data-query-source="hashtag_click" class="twitter-hashtag pretty-link js-nav" dir="ltr" ><s>#</s><b>Spainisdifferent</b></a>]]></document>
		<document id="350102286753726465" url="https://twitter.com/mrgomezponce/status/350102286753726465"><![CDATA[<a href="/Google" class="twitter-atreply pretty-link js-nav" dir="ltr" data-mentioned-user-id="20536157" ><s>@</s><b>google</b></a> Helping journalists tell stories through data analysis &amp; visualization at the Global Editors Network summit<a href="http://t.co/ecKhZADKCF" rel="nofollow noopener" dir="ltr" data-expanded-url="http://goo.gl/6qOfB" class="twitter-timeline-link u-hidden" target="_blank" title="http://goo.gl/6qOfB" ><span class="tco-ellipsis"></span><span class="invisible">http://</span><span class="js-display-url">goo.gl/6qOfB</span><span class="invisible"></span><span class="tco-ellipsis"><span class="invisible">&nbsp;</span></span></a>]]></document>
		<document id="351753596334903297" url="https://twitter.com/mrgomezponce/status/351753596334903297"><![CDATA[Dennis Frenchman: &quot;Zaragoza has been inspiration for the Projects like Guadalajara Ciudad Creativa Digital and others...&quot; <a href="/hashtag/eTOPIA_2013?src=hash" data-query-source="hashtag_click" class="twitter-hashtag pretty-link js-nav" dir="ltr" ><s>#</s><b>eTOPIA_2013</b></a>]]></document>
		<document id="358093932426575872" url="https://twitter.com/mrgomezponce/status/358093932426575872"><![CDATA[Morning ;) RT <a href="/imrealTED" class="twitter-atreply pretty-link js-nav" dir="ltr" data-mentioned-user-id="2200681128" ><s>@</s><b>ImRealTed</b></a>: The number of &quot;followers&quot; you have does not make you better than anyone else. Hitler had millions, Jesus had 12]]></document>
		<document id="359103324072591360" url="https://twitter.com/mrgomezponce/status/359103324072591360"><![CDATA[Thanks!! RT <a href="/Nurival" class="twitter-atreply pretty-link js-nav" dir="ltr" data-mentioned-user-id="40264947" ><s>@</s><b>Nurival</b></a>: The Jungle Press is out! <a href="http://t.co/zBGGQVoS0l" rel="nofollow noopener" dir="ltr" data-expanded-url="http://paper.li/Nurival/1309453479" class="twitter-timeline-link" target="_blank" title="http://paper.li/Nurival/1309453479" ><span class="tco-ellipsis"></span><span class="invisible">http://</span><span class="js-display-url">paper.li/Nurival/130945</span><span class="invisible">3479</span><span class="tco-ellipsis"><span class="invisible">&nbsp;</span>…</span></a> ▸ Top stories today via <a href="/mrgomezponce" class="twitter-atreply pretty-link js-nav" dir="ltr" data-mentioned-user-id="10864622" ><s>@</s><b>mrgomezponce</b></a>]]></document>
		<document id="364976383555928065" url="https://twitter.com/mrgomezponce/status/364976383555928065"><![CDATA[Buenas! Mucho twitt programado a estas horas en Twitter, #zombies#]]></document>
		<document id="373473588096929792" url="https://twitter.com/mrgomezponce/status/373473588096929792"><![CDATA[Thanks! RT <a href="/gmolino" class="twitter-atreply pretty-link js-nav" dir="ltr" data-mentioned-user-id="2955311" ><s>@</s><b>gmolino</b></a> Gmolino diario is out! <a href="http://t.co/4mXZU1ZDHK" rel="nofollow noopener" dir="ltr" data-expanded-url="http://paper.li/gmolino" class="twitter-timeline-link" target="_blank" title="http://paper.li/gmolino" ><span class="tco-ellipsis"></span><span class="invisible">http://</span><span class="js-display-url">paper.li/gmolino</span><span class="invisible"></span><span class="tco-ellipsis"><span class="invisible">&nbsp;</span></span></a>   ▸ Top stories today via <a href="/MissMacGuffin" class="twitter-atreply pretty-link js-nav" dir="ltr" data-mentioned-user-id="16964446" ><s>@</s><b>MissMacGuffin</b></a> <a href="/mrgomezponce" class="twitter-atreply pretty-link js-nav" dir="ltr" data-mentioned-user-id="10864622" ><s>@</s><b>mrgomezponce</b></a>]]></document>
		<document id="374078310118338560" url="https://twitter.com/mrgomezponce/status/374078310118338560"><![CDATA[<a href="/JotaBenedi" class="twitter-atreply pretty-link js-nav" dir="ltr" data-mentioned-user-id="122140608" ><s>@</s><b>JotaBenedi</b></a> Good luck! RT <a href="/JotaBenedi" class="twitter-atreply pretty-link js-nav" dir="ltr" data-mentioned-user-id="122140608" ><s>@</s><b>JotaBenedi</b></a>: Ready to rock steady!<a href="http://t.co/TfwD0JN3A6" class="twitter-timeline-link u-hidden" data-pre-embedded="true" dir="ltr" >pic.twitter.com/TfwD0JN3A6</a>]]></document>
		<document id="375304780152713216" url="https://twitter.com/mrgomezponce/status/375304780152713216"><![CDATA[Watch the first 54 seconds. That’s all I ask. You’ll be hooked after that, I swear.  (via <a href="/Upworthy" class="twitter-atreply pretty-link js-nav" dir="ltr" data-mentioned-user-id="524396430" ><s>@</s><b>Upworthy</b></a>)<a href="http://t.co/eGARHNyyNy" rel="nofollow noopener" dir="ltr" data-expanded-url="http://www.upworthy.com/watch-the-first-54-seconds-that-s-all-i-ask-you-ll-be-hooked-after-that-i-swear?g=3" class="twitter-timeline-link u-hidden" target="_blank" title="http://www.upworthy.com/watch-the-first-54-seconds-that-s-all-i-ask-you-ll-be-hooked-after-that-i-swear?g=3" ><span class="tco-ellipsis"></span><span class="invisible">http://www.</span><span class="js-display-url">upworthy.com/watch-the-firs</span><span class="invisible">t-54-seconds-that-s-all-i-ask-you-ll-be-hooked-after-that-i-swear?g=3</span><span class="tco-ellipsis"><span class="invisible">&nbsp;</span>…</span></a>]]></document>
		<document id="382549987177299968" url="https://twitter.com/mrgomezponce/status/382549987177299968"><![CDATA[Very interesting! Thanks Isabelle!! RT <a href="/nanouk" class="twitter-atreply pretty-link js-nav" dir="ltr" data-mentioned-user-id="15232782" ><s>@</s><b>nanouk</b></a>: Alice Ayel » IB Spanish students: social relationships <a href="http://t.co/jJzl4n01I3" rel="nofollow noopener" dir="ltr" data-expanded-url="http://bit.ly/16EwDUN" class="twitter-timeline-link" target="_blank" title="http://bit.ly/16EwDUN" ><span class="tco-ellipsis"></span><span class="invisible">http://</span><span class="js-display-url">bit.ly/16EwDUN</span><span class="invisible"></span><span class="tco-ellipsis"><span class="invisible">&nbsp;</span></span></a> <a href="/hashtag/Argentina?src=hash" data-query-source="hashtag_click" class="twitter-hashtag pretty-link js-nav" dir="ltr" ><s>#</s><b>Argentina</b></a>]]></document>
		<document id="382655216312934400" url="https://twitter.com/mrgomezponce/status/382655216312934400"><![CDATA[<a href="/BarackObama" class="twitter-atreply pretty-link js-nav" dir="ltr" data-mentioned-user-id="813286" ><s>@</s><b>BarackObama</b></a> why do you not answer to Dilma Rousseff? <a href="/hashtag/Brasil?src=hash" data-query-source="hashtag_click" class="twitter-hashtag pretty-link js-nav" dir="ltr" ><s>#</s><b>Brasil</b></a> <a href="/hashtag/Sudamerica?src=hash" data-query-source="hashtag_click" class="twitter-hashtag pretty-link js-nav" dir="ltr" ><s>#</s><b>Sudamerica</b></a> <a href="/hashtag/Spain?src=hash" data-query-source="hashtag_click" class="twitter-hashtag pretty-link js-nav" dir="ltr" ><s>#</s><b>Spain</b></a> want yo know]]></document>
	</documents>
</author>