<?xml version="1.0" encoding="UTF-8" standalone="no"?><author age_group="xx" gender="xx" lang="EN" type="twitter" url="https://twitter.com/accidentalgreen">
	<documents count="73">
		<document id="107077400638140417" url="https://twitter.com/accidentalgreen/status/107077400638140417"><![CDATA[Just posted a photo <a href="http://t.co/ciYueEV" rel="nofollow noopener" dir="ltr" data-expanded-url="http://instagr.am/p/LTLmv/" class="twitter-timeline-link" target="_blank" title="http://instagr.am/p/LTLmv/" ><span class="tco-ellipsis"></span><span class="invisible">http://</span><span class="js-display-url">instagr.am/p/LTLmv/</span><span class="invisible"></span><span class="tco-ellipsis"><span class="invisible">&nbsp;</span></span></a>]]></document>
		<document id="107078723051864064" url="https://twitter.com/accidentalgreen/status/107078723051864064"><![CDATA[Happy beginning. First pet, adopted guinea pig from RSPCA. $300 vet bill to try to save it&#39;s life...no happy endi <a href="http://t.co/wyij1G2" rel="nofollow noopener" dir="ltr" data-expanded-url="http://instagr.am/p/LTMF6/" class="twitter-timeline-link" target="_blank" title="http://instagr.am/p/LTMF6/" ><span class="tco-ellipsis"></span><span class="invisible">http://</span><span class="js-display-url">instagr.am/p/LTMF6/</span><span class="invisible"></span><span class="tco-ellipsis"><span class="invisible">&nbsp;</span></span></a>]]></document>
		<document id="13294321331" url="https://twitter.com/accidentalgreen/status/13294321331"><![CDATA[Bottled water costs two to four times more than fresh milk http://accidental-greenie.blogspot.com/]]></document>
		<document id="13357766873" url="https://twitter.com/accidentalgreen/status/13357766873"><![CDATA[@BiomeEcoStores Bushwalking at Mt Tamborine. Only wildlife we saw though were leaches...children don&#39;t quite get &quot;listening to the bush&quot;]]></document>
		<document id="13357936973" url="https://twitter.com/accidentalgreen/status/13357936973"><![CDATA[<a href="/petitecokids" class="twitter-atreply pretty-link js-nav" dir="ltr" data-mentioned-user-id="113311893" ><s>@</s><b>petitecokids</b></a>  Beautiful work on your Mothers Day gift guide.  The eco, ethical products available in Aust these days is incredible.]]></document>
		<document id="13403648826" url="https://twitter.com/accidentalgreen/status/13403648826"><![CDATA[@BiomeEcoStores We walked the Curtis Falls track in the Joalah section.  Beautiful creek with rockpools. Next time taking togs for a swim!]]></document>
		<document id="13406040061" url="https://twitter.com/accidentalgreen/status/13406040061"><![CDATA[Updating our Natural Weddings directory for green wedding and events.  We started 2007, seems a long time ago http://bit.ly/greenweddings]]></document>
		<document id="13410485386" url="https://twitter.com/accidentalgreen/status/13410485386"><![CDATA[Beautiful images on Natural Weddings by eco friendly photographer hj imagery. Love the placecards tied on lemons.   http://bit.ly/dqMXYJ]]></document>
		<document id="13531174168" url="https://twitter.com/accidentalgreen/status/13531174168"><![CDATA[@kidskonserve See what the Examiner (USA) had to say about Packing Waste Free Lunches  http://bit.ly/cYnFtz]]></document>
		<document id="13709817011" url="https://twitter.com/accidentalgreen/status/13709817011"><![CDATA[How to pack your child a waste-free lunch - http://tinyurl.com/2dcrpqn]]></document>
		<document id="13789165173" url="https://twitter.com/accidentalgreen/status/13789165173"><![CDATA[@biomeecostores  Congratulations, I just saw you have achieved 1000 followers.  What a beautiful looking number 1000 is!]]></document>
		<document id="13822738522" url="https://twitter.com/accidentalgreen/status/13822738522"><![CDATA[@BiomeEcoStores Wholemeal bread sandwich with grated cheese, grated carrot and sultanas wrapped in a Food Kozy http://bit.ly/c5FeW9]]></document>
		<document id="13836913471" url="https://twitter.com/accidentalgreen/status/13836913471"><![CDATA[<a href="/samclifford" class="twitter-atreply pretty-link js-nav" dir="ltr" data-mentioned-user-id="17910383" ><s>@</s><b>samclifford</b></a> Just to let you know you gave me smile re the lemon hurting :0]]></document>
		<document id="13837416149" url="https://twitter.com/accidentalgreen/status/13837416149"><![CDATA[Swap your usual stuff for Fairtrade stuff.  http://www.fairtrade.com.au/thebigswap]]></document>
		<document id="13837716424" url="https://twitter.com/accidentalgreen/status/13837716424"><![CDATA[Sign the petition to get Food Standards ANZ to require labelling of palm oil on products http://www.zoo.org.au/PalmOil]]></document>
		<document id="15807564382" url="https://twitter.com/accidentalgreen/status/15807564382"><![CDATA[<a href="/WildAboutWhales" class="twitter-atreply pretty-link js-nav" dir="ltr" data-mentioned-user-id="142868635" ><s>@</s><b>WildAboutWhales</b></a>  Awesome Twitter thank you, but do you have a QLD equivalent for when the whales get here?]]></document>
		<document id="15807760752" url="https://twitter.com/accidentalgreen/status/15807760752"><![CDATA[<a href="/frank_in_oz" class="twitter-atreply pretty-link js-nav" dir="ltr" data-mentioned-user-id="2521748761" ><s>@</s><b>frank_in_oz</b></a> AGREE. How can it be right that a few are Billionaires from mining a resource that belongs to all? The equity is out of whack.]]></document>
		<document id="15849054611" url="https://twitter.com/accidentalgreen/status/15849054611"><![CDATA[@BiomeEcoStores Thanks so much for sorting through all my stuff! You put it sweetly about taking it all back to where I gathered it from :-)]]></document>
		<document id="165297589695160320" url="https://twitter.com/accidentalgreen/status/165297589695160320"><![CDATA[<a href="/inspirocomms" class="twitter-atreply pretty-link js-nav" dir="ltr" data-mentioned-user-id="174996033" ><s>@</s><b>inspirocomms</b></a> <a href="/tara_castle" class="twitter-atreply pretty-link js-nav" dir="ltr" data-mentioned-user-id="246551204" ><s>@</s><b>tara_castle</b></a>  You can tick off one of those 5 Kiva loans for me!]]></document>
		<document id="16661495840" url="https://twitter.com/accidentalgreen/status/16661495840"><![CDATA[@BiomeEcoStores World Cup eco tip: only boil enough water for the cups you&#39;re making...fill cup &gt; tip into jug &gt; boil]]></document>
		<document id="16739932838" url="https://twitter.com/accidentalgreen/status/16739932838"><![CDATA[@BiomeEcoStores World Cup Eco tip: if only there was a way to turn nervous energy into electrical power, we&#39;d power all TVs on Thurs nite!]]></document>
		<document id="173025684359348224" url="https://twitter.com/accidentalgreen/status/173025684359348224"><![CDATA[Floating key rings made from thong factory offcuts. May your keys never float away... <a href="http://t.co/gNKt60Mf" rel="nofollow noopener" dir="ltr" data-expanded-url="http://instagr.am/p/HY4ekiI9zx/" class="twitter-timeline-link" target="_blank" title="http://instagr.am/p/HY4ekiI9zx/" ><span class="tco-ellipsis"></span><span class="invisible">http://</span><span class="js-display-url">instagr.am/p/HY4ekiI9zx/</span><span class="invisible"></span><span class="tco-ellipsis"><span class="invisible">&nbsp;</span></span></a>]]></document>
		<document id="17378519453" url="https://twitter.com/accidentalgreen/status/17378519453"><![CDATA[20% OFF STORE WIDE AT BIOME ECO STORE til midnight tonight. Enter Redeem code &#39;EOFY&#39; at Checkout to receive 20% off. http://www.biome.com.au]]></document>
		<document id="17482888907" url="https://twitter.com/accidentalgreen/status/17482888907"><![CDATA[Just ordered our Green Waste wheelie bin from Brisbane City Council.  Sadly though have to wait for pick up starting in January 2011 :-(]]></document>
		<document id="176606481662226434" url="https://twitter.com/accidentalgreen/status/176606481662226434"><![CDATA[How about public food forests in Australia too? <a href="http://t.co/xnmYI0sz" rel="nofollow noopener" dir="ltr" data-expanded-url="http://grist.org/urban-agriculture/into-the-woods-seattle-plants-a-public-food-forest/" class="twitter-timeline-link" target="_blank" title="http://grist.org/urban-agriculture/into-the-woods-seattle-plants-a-public-food-forest/" ><span class="tco-ellipsis"></span><span class="invisible">http://</span><span class="js-display-url">grist.org/urban-agricult</span><span class="invisible">ure/into-the-woods-seattle-plants-a-public-food-forest/</span><span class="tco-ellipsis"><span class="invisible">&nbsp;</span>…</span></a> via <a href="/grist" class="twitter-atreply pretty-link js-nav" dir="ltr" data-mentioned-user-id="7215512" ><s>@</s><b>grist</b></a>]]></document>
		<document id="177712999128240128" url="https://twitter.com/accidentalgreen/status/177712999128240128"><![CDATA[@rdrakey <a href="/Togoware" class="twitter-atreply pretty-link js-nav" dir="ltr" data-mentioned-user-id="20194433" ><s>@</s><b>Togoware</b></a> We tried about 2 years ago..maybe before its time! We do want people to BYO containers when they buy takeaway.]]></document>
		<document id="19826858698" url="https://twitter.com/accidentalgreen/status/19826858698"><![CDATA[Chelsea Clinton&#39;s Vegan and gluten free wedding  http://bt.io/FijY  Not sure why it has to cost $3 million tho!]]></document>
		<document id="19827675505" url="https://twitter.com/accidentalgreen/status/19827675505"><![CDATA[Love this website http://www.recycledbride.com/ Free marketplace for selling wedding dress &amp; more <a href="/recycledbride" class="twitter-atreply pretty-link js-nav" dir="ltr" data-mentioned-user-id="2169798571" ><s>@</s><b>recycledbride</b></a>]]></document>
		<document id="19877561915" url="https://twitter.com/accidentalgreen/status/19877561915"><![CDATA[Will Qld elect our first ever Greens Senator?  Vote for a voice for the environment in our State.  http://greens.org.au/larissawaters]]></document>
		<document id="19971093086" url="https://twitter.com/accidentalgreen/status/19971093086"><![CDATA[Just given 50 cents off takeaway coffee for BYOing my KeepCup by Gloria Jeans Toowong QLD]]></document>
		<document id="20053425983" url="https://twitter.com/accidentalgreen/status/20053425983"><![CDATA[@GloriaJeansBBJ  that&#39;s great news.  I&#39;m sure it applies to any reusable cup you byo because esp. important for planet to encourage reuse]]></document>
		<document id="20054500320" url="https://twitter.com/accidentalgreen/status/20054500320"><![CDATA[<a href="/blue_caravan" class="twitter-atreply pretty-link js-nav" dir="ltr" data-mentioned-user-id="738044620509224961" ><s>@</s><b>blue_caravan</b></a>  love quote about money and manure having spent much of today spreading the latter around!]]></document>
		<document id="20104605085" url="https://twitter.com/accidentalgreen/status/20104605085"><![CDATA[Love that <a href="/merlocoffee" class="twitter-atreply pretty-link js-nav" dir="ltr" data-mentioned-user-id="29932393" ><s>@</s><b>merlocoffee</b></a> Paddington just gave 50 cents off for BYOing my own KeepCup.  Another un-recyclable cup not on its way to landfill...]]></document>
		<document id="20111799993" url="https://twitter.com/accidentalgreen/status/20111799993"><![CDATA[@BiomeEcoStores Gorgeous.  What a way to start life ... hanging on for dear life :-)]]></document>
		<document id="20212342753" url="https://twitter.com/accidentalgreen/status/20212342753"><![CDATA[<a href="/easygreenlivng" class="twitter-atreply pretty-link js-nav" dir="ltr" data-mentioned-user-id="16854746" ><s>@</s><b>easygreenlivng</b></a> Thanks for these eco accomm tips.  We are coming to NZ next year for a wedding and need tips on places to stay :-)]]></document>
		<document id="22769708581" url="https://twitter.com/accidentalgreen/status/22769708581"><![CDATA[Best Australian article I&#39;ve ever read on &quot;sustainable&quot; paper, logging industry jargon http://www.bindarri.com.au/envi-carbon-neutral-paper/]]></document>
		<document id="22781259844" url="https://twitter.com/accidentalgreen/status/22781259844"><![CDATA[<a href="/frankiemagazine" class="twitter-atreply pretty-link js-nav" dir="ltr" data-mentioned-user-id="24636118" ><s>@</s><b>frankieMagazine</b></a> Do you wholesale the diary?  Biome Eco Store may be interested in selling.]]></document>
		<document id="23209364008" url="https://twitter.com/accidentalgreen/status/23209364008"><![CDATA[Another advantage of a keepcup.  At coffee shops that won&#39;t use your name, you know which cup is yours - rather than fight over whose latte?]]></document>
		<document id="237497672796344320" url="https://twitter.com/accidentalgreen/status/237497672796344320"><![CDATA[<a href="/AustralianStory" class="twitter-atreply pretty-link js-nav" dir="ltr" data-mentioned-user-id="221584601" ><s>@</s><b>AustralianStory</b></a> Enjoyed watching your story Caitlin. Sad and touching. From the Baileys xx]]></document>
		<document id="23914420253" url="https://twitter.com/accidentalgreen/status/23914420253"><![CDATA[review of the Box Appetit From Black + Blum: The Designer Lunchbox on PlanetGreen <a href="http://t.co/aTar9md" rel="nofollow noopener" dir="ltr" data-expanded-url="http://shar.es/0q4KD" class="twitter-timeline-link" target="_blank" title="http://shar.es/0q4KD" ><span class="tco-ellipsis"></span><span class="invisible">http://</span><span class="js-display-url">shar.es/0q4KD</span><span class="invisible"></span><span class="tco-ellipsis"><span class="invisible">&nbsp;</span></span></a> Available at<a href="http://t.co/QWpXNKm" rel="nofollow noopener" dir="ltr" data-expanded-url="http://Www.biome.com.au" class="twitter-timeline-link u-hidden" target="_blank" title="http://Www.biome.com.au" ><span class="tco-ellipsis"></span><span class="invisible">http://Www.</span><span class="js-display-url">biome.com.au</span><span class="invisible"></span><span class="tco-ellipsis"><span class="invisible">&nbsp;</span></span></a>]]></document>
		<document id="23916048962" url="https://twitter.com/accidentalgreen/status/23916048962"><![CDATA[Refreshing to read someone else exposing misleading marketing terms like nature inspired http://www.natural-soap-making.com/advertising.html]]></document>
		<document id="24434673933" url="https://twitter.com/accidentalgreen/status/24434673933"><![CDATA[<a href="/SourceBottle" class="twitter-atreply pretty-link js-nav" dir="ltr" data-mentioned-user-id="24280970" ><s>@</s><b>SourceBottle</b></a>  Newspaper seeks Melbourne-based couples for story on weddings. Suggest your <a href="/hashtag/greenwedding?src=hash" data-query-source="hashtag_click" class="twitter-hashtag pretty-link js-nav" dir="ltr" ><s>#</s><b>greenwedding</b></a> to them!   http://bit.ly/9mpCoS]]></document>
		<document id="24434981379" url="https://twitter.com/accidentalgreen/status/24434981379"><![CDATA[WIN $25 vouchers all this month from Biome by identifying Threatened Animals.  Learn more &gt; http://www.biome.com.au/Brisbane_eco_store.php]]></document>
		<document id="24539026589" url="https://twitter.com/accidentalgreen/status/24539026589"><![CDATA[&#39;I often have long conversations all by myself &amp; I&#39;m so clever sometimes I don&#39;t understand a single word I&#39;m saying.&#39; http://bit.ly/axVFLN]]></document>
		<document id="25679352918" url="https://twitter.com/accidentalgreen/status/25679352918"><![CDATA[<a href="/CelebrateGreen" class="twitter-atreply pretty-link js-nav" dir="ltr" data-mentioned-user-id="14188969" ><s>@</s><b>CelebrateGreen</b></a> 7 ways to keep your home clean using everyday lemons (via <a href="/DIYNetwork" class="twitter-atreply pretty-link js-nav" dir="ltr" data-mentioned-user-id="27687672" ><s>@</s><b>diynetwork</b></a>): http://bit.ly/dlb34S]]></document>
		<document id="26698071048" url="https://twitter.com/accidentalgreen/status/26698071048"><![CDATA[FREE SHIPPING at Biome plus a free &#39;No Tree No Me&#39; Koala sticker til midnight tonight for Facebook and Twitter... http://fb.me/IiybF6nS]]></document>
		<document id="29074505336" url="https://twitter.com/accidentalgreen/status/29074505336"><![CDATA[Spread the word about <a href="/hashtag/waste_free_lunch?src=hash" data-query-source="hashtag_click" class="twitter-hashtag pretty-link js-nav" dir="ltr" ><s>#</s><b>waste_free_lunch</b></a> with Kids Konserve safe lunch kits. 40% OFF sale. http://www.biome.com.au/shop_index.php?cPath=99]]></document>
		<document id="335339741149028352" url="https://twitter.com/accidentalgreen/status/335339741149028352"><![CDATA[Australia retailers need to sign - people are more important than profits.<a href="http://t.co/WNER82j2sq" rel="nofollow noopener" dir="ltr" data-expanded-url="http://lnkd.in/cafpGu" class="twitter-timeline-link u-hidden" target="_blank" title="http://lnkd.in/cafpGu" ><span class="tco-ellipsis"></span><span class="invisible">http://</span><span class="js-display-url">lnkd.in/cafpGu</span><span class="invisible"></span><span class="tco-ellipsis"><span class="invisible">&nbsp;</span></span></a>]]></document>
		<document id="342860237671370752" url="https://twitter.com/accidentalgreen/status/342860237671370752"><![CDATA[<a href="/organicmania" class="twitter-atreply pretty-link js-nav" dir="ltr" data-mentioned-user-id="14753323" ><s>@</s><b>organicmania</b></a> Hi Lynn. I am interested in advertising on your Organicmania blog.  Could you please email me tracey@biome.com.au]]></document>
		<document id="358351263240192" url="https://twitter.com/accidentalgreen/status/358351263240192"><![CDATA[Check these gorgeous hand made recycled paper decorations for a <a href="/hashtag/green_wedding?src=hash" data-query-source="hashtag_click" class="twitter-hashtag pretty-link js-nav" dir="ltr" ><s>#</s><b>green_wedding</b></a> by Live and Lovely http://www.greenweddingevent.blogspot.com/]]></document>
		<document id="3660991044" url="https://twitter.com/accidentalgreen/status/3660991044"><![CDATA[@BiomeEcoStores  tell me more, what are those handy little clips made from? how do they work?]]></document>
		<document id="3702841287" url="https://twitter.com/accidentalgreen/status/3702841287"><![CDATA[@BiomeEcoStores For pure entertainment value, this staff member wants to give her Dad an LED ear light :-)  http://bit.ly/3AwJJZ]]></document>
		<document id="3707650537" url="https://twitter.com/accidentalgreen/status/3707650537"><![CDATA[Loving the new selection of products on our eco friendly homepage http://bit.ly/friendlyeco]]></document>
		<document id="3733139286" url="https://twitter.com/accidentalgreen/status/3733139286"><![CDATA[Watched an incredible doco on the Exxon Valdez oil spill in Alaska 20 (time flies) years ago.  Travesty how little damages Exxon had to pay.]]></document>
		<document id="3733196187" url="https://twitter.com/accidentalgreen/status/3733196187"><![CDATA[Love everybody and speak the truth ... see more about Guru Walter Wombat&#39;s wisdom on our blog  http://accidental-greenie.blogspot.com/]]></document>
		<document id="3839498016" url="https://twitter.com/accidentalgreen/status/3839498016"><![CDATA[Reminded of the joy of seeing small eco businesses that we support blossom over the years. Eco friendly cards. http://bit.ly/earthgreetings]]></document>
		<document id="4314868415" url="https://twitter.com/accidentalgreen/status/4314868415"><![CDATA[Thinking about how much I enjoy watching the garden grow...and diverting water from the shower!  http://accidental-greenie.blogspot.com/]]></document>
		<document id="4314950541" url="https://twitter.com/accidentalgreen/status/4314950541"><![CDATA[Reminded tonight Gastrolux frying pan was a great Father&#39;s Day present. No toxic off-gasses and oil-free cooking  http://bit.ly/gastrolux]]></document>
		<document id="4906137422" url="https://twitter.com/accidentalgreen/status/4906137422"><![CDATA[Pop into Biome at Paddington on Tuesday, 20 OCtober for an organic skin care consultattion.  More info... http://bit.ly/Skincare_event]]></document>
		<document id="88577952614318081" url="https://twitter.com/accidentalgreen/status/88577952614318081"><![CDATA[<a href="/hashtag/BPA?src=hash" data-query-source="hashtag_click" class="twitter-hashtag pretty-link js-nav" dir="ltr" ><s>#</s><b>BPA</b></a> story on Channel 10 news and interview with Tracey Bailey of Biome Eco Stores. Three things to reduce exposure...<a href="http://t.co/ttU91Iq" rel="nofollow noopener" dir="ltr" data-expanded-url="http://fb.me/Z28IL25z" class="twitter-timeline-link u-hidden" target="_blank" title="http://fb.me/Z28IL25z" ><span class="tco-ellipsis"></span><span class="invisible">http://</span><span class="js-display-url">fb.me/Z28IL25z</span><span class="invisible"></span><span class="tco-ellipsis"><span class="invisible">&nbsp;</span></span></a>]]></document>
		<document id="90265807006867456" url="https://twitter.com/accidentalgreen/status/90265807006867456"><![CDATA[If we don&#39;t pay for carbon now, who will? Our children? Grandchildren? By then, it will cost them much more than money. <a href="/SayYesAustralia" class="twitter-atreply pretty-link js-nav" dir="ltr" data-mentioned-user-id="296032760" ><s>@</s><b>SayYesAustralia</b></a>]]></document>
		<document id="90352657935499264" url="https://twitter.com/accidentalgreen/status/90352657935499264"><![CDATA[Great video by <a href="/GetUp" class="twitter-atreply pretty-link js-nav" dir="ltr" data-mentioned-user-id="26189696" ><s>@</s><b>GetUp</b></a> <a href="http://t.co/ic5JsqN" rel="nofollow noopener" dir="ltr" data-expanded-url="http://bit.ly/qfiMkC" class="twitter-timeline-link" target="_blank" title="http://bit.ly/qfiMkC" ><span class="tco-ellipsis"></span><span class="invisible">http://</span><span class="js-display-url">bit.ly/qfiMkC</span><span class="invisible"></span><span class="tco-ellipsis"><span class="invisible">&nbsp;</span></span></a>. Helps to explain <a href="/hashtag/CleanEnergyFuture?src=hash" data-query-source="hashtag_click" class="twitter-hashtag pretty-link js-nav" dir="ltr" ><s>#</s><b>CleanEnergyFuture</b></a> in 2 minutes!  Share it around to fight the scare campaign.]]></document>
		<document id="91676451157458944" url="https://twitter.com/accidentalgreen/status/91676451157458944"><![CDATA[Just added 4 great BUY ONE, GREAT ONE FREE SPECIALS to Biome online - also available IN-STORE when you mention...<a href="http://t.co/Yg1eC59" rel="nofollow noopener" dir="ltr" data-expanded-url="http://fb.me/QomCs0AO" class="twitter-timeline-link u-hidden" target="_blank" title="http://fb.me/QomCs0AO" ><span class="tco-ellipsis"></span><span class="invisible">http://</span><span class="js-display-url">fb.me/QomCs0AO</span><span class="invisible"></span><span class="tco-ellipsis"><span class="invisible">&nbsp;</span></span></a>]]></document>
		<document id="91677218182406144" url="https://twitter.com/accidentalgreen/status/91677218182406144"><![CDATA[Get a free $32.95 Nathan stainless steel bottle when you buy one at Biome Eco Stores.<a href="http://t.co/V94yqKY" rel="nofollow noopener" dir="ltr" data-expanded-url="http://www.biome.com.au/shop_index.php?cPath=99" class="twitter-timeline-link u-hidden" target="_blank" title="http://www.biome.com.au/shop_index.php?cPath=99" ><span class="tco-ellipsis"></span><span class="invisible">http://www.</span><span class="js-display-url">biome.com.au/shop_index.php</span><span class="invisible">?cPath=99</span><span class="tco-ellipsis"><span class="invisible">&nbsp;</span>…</span></a>]]></document>
		<document id="94370063511068673" url="https://twitter.com/accidentalgreen/status/94370063511068673"><![CDATA[Just posted a photo http://instagr.am/p/IOmeQ/]]></document>
		<document id="94502225841369088" url="https://twitter.com/accidentalgreen/status/94502225841369088"><![CDATA[Late afternoon walk on Rainbow Beach, Queensland. Winter. http://instagr.am/p/IQbev/]]></document>
		<document id="94504565415743488" url="https://twitter.com/accidentalgreen/status/94504565415743488"><![CDATA[We&#39;ve been friends for six years since we opened biome Paddington down the road. Your disclaim  @ Lure on Latrobe http://instagr.am/p/IQddy/]]></document>
		<document id="94699575792779264" url="https://twitter.com/accidentalgreen/status/94699575792779264"><![CDATA[<a href="/Sierra_Magazine" class="twitter-atreply pretty-link js-nav" dir="ltr" data-mentioned-user-id="14325188" ><s>@</s><b>Sierra_Magazine</b></a> Gates Foundation putting $42 million toward &quot;reinventing the toilet&quot; to bring safe sanitation to poor<a href="http://t.co/YZxAPSP" rel="nofollow noopener" dir="ltr" data-expanded-url="http://bit.ly/qFzX3s" class="twitter-timeline-link u-hidden" target="_blank" title="http://bit.ly/qFzX3s" ><span class="tco-ellipsis"></span><span class="invisible">http://</span><span class="js-display-url">bit.ly/qFzX3s</span><span class="invisible"></span><span class="tco-ellipsis"><span class="invisible">&nbsp;</span></span></a>]]></document>
		<document id="94704239099650048" url="https://twitter.com/accidentalgreen/status/94704239099650048"><![CDATA[Detox Now! <a href="/hashtag/Greenpeace?src=hash" data-query-source="hashtag_click" class="twitter-hashtag pretty-link js-nav" dir="ltr" ><s>#</s><b>Greenpeace</b></a> campaign to get <a href="/hashtag/Nike?src=hash" data-query-source="hashtag_click" class="twitter-hashtag pretty-link js-nav" dir="ltr" ><s>#</s><b>Nike</b></a> <a href="/hashtag/Adidas?src=hash" data-query-source="hashtag_click" class="twitter-hashtag pretty-link js-nav" dir="ltr" ><s>#</s><b>Adidas</b></a> to eliminate toxics from supply chain &amp; products.  Sign petition <a href="http://t.co/fJ4lgXx" rel="nofollow noopener" dir="ltr" data-expanded-url="http://www.greenpeace.org/international/en/campaigns/toxics/water/detox/Tell-Nike-and-Adidas-to-Detox/" class="twitter-timeline-link" target="_blank" title="http://www.greenpeace.org/international/en/campaigns/toxics/water/detox/Tell-Nike-and-Adidas-to-Detox/" ><span class="tco-ellipsis"></span><span class="invisible">http://www.</span><span class="js-display-url">greenpeace.org/international/</span><span class="invisible">en/campaigns/toxics/water/detox/Tell-Nike-and-Adidas-to-Detox/</span><span class="tco-ellipsis"><span class="invisible">&nbsp;</span>…</span></a>]]></document>
		<document id="95289126739390465" url="https://twitter.com/accidentalgreen/status/95289126739390465"><![CDATA[No filter, just raw beauty of this parcel that <a href="/hashtag/australiapost?src=hash" data-query-source="hashtag_click" class="twitter-hashtag pretty-link js-nav" dir="ltr" ><s>#</s><b>australiapost</b></a> try to hand to the recipient (biome online customer http://instagr.am/p/Ic3mV/]]></document>
		<document id="95375679650144256" url="https://twitter.com/accidentalgreen/status/95375679650144256"><![CDATA[Spell it out with letters made in Australia from old timber off cuts and screen printed by a creative sm  @ Biome http://instagr.am/p/IePwl/]]></document>
		<document id="96941474079440897" url="https://twitter.com/accidentalgreen/status/96941474079440897"><![CDATA[Stroll along Lower Latrobe <a href="/hashtag/Brisbane?src=hash" data-query-source="hashtag_click" class="twitter-hashtag pretty-link js-nav" dir="ltr" ><s>#</s><b>Brisbane</b></a> past Blake &amp; Taylor. Congrats on your gorgeous restoration  @ Blake &amp; Taylor http://instagr.am/p/IycH7/]]></document>
		<document id="98308716146864128" url="https://twitter.com/accidentalgreen/status/98308716146864128"><![CDATA[50 cents for 60 forks? That surely doesn&#39;t account for the costs of pollution and landfill!? http://instagr.am/p/JI-QV/]]></document>
	</documents>
</author>