<?xml version="1.0" encoding="UTF-8" standalone="no"?><author age_group="xx" gender="xx" lang="EN" type="twitter" url="https://twitter.com/ovaismehboob">
	<documents count="76">
		<document id="215387675274903552" url="https://twitter.com/ovaismehboob/status/215387675274903552"><![CDATA[Hello world ! this is my first tweet :)]]></document>
		<document id="215739288158089216" url="https://twitter.com/ovaismehboob/status/215739288158089216"><![CDATA[Mac Os VM works! getting ready to dive into a pool of iPhone/iPad development...]]></document>
		<document id="215915564298801153" url="https://twitter.com/ovaismehboob/status/215915564298801153"><![CDATA[Interesting read....<a href="http://t.co/Rs11RSlN" rel="nofollow noopener" dir="ltr" data-expanded-url="http://www.techrepublic.com/blog/hiner/microsoft-surface-ipad-knockoff-for-enterprise-that-works/10632?tag=nl.e101" class="twitter-timeline-link u-hidden" target="_blank" title="http://www.techrepublic.com/blog/hiner/microsoft-surface-ipad-knockoff-for-enterprise-that-works/10632?tag=nl.e101" ><span class="tco-ellipsis"></span><span class="invisible">http://www.</span><span class="js-display-url">techrepublic.com/blog/hiner/mic</span><span class="invisible">rosoft-surface-ipad-knockoff-for-enterprise-that-works/10632?tag=nl.e101</span><span class="tco-ellipsis"><span class="invisible">&nbsp;</span>…</span></a>]]></document>
		<document id="221365915437117440" url="https://twitter.com/ovaismehboob/status/221365915437117440"><![CDATA[Sand Castle works great in generating .Net source code documentation<a href="http://t.co/leCeGyN0" rel="nofollow noopener" dir="ltr" data-expanded-url="http://sandcastle.codeplex.com/" class="twitter-timeline-link u-hidden" target="_blank" title="http://sandcastle.codeplex.com/" ><span class="tco-ellipsis"></span><span class="invisible">http://</span><span class="js-display-url">sandcastle.codeplex.com</span><span class="invisible">/</span><span class="tco-ellipsis"><span class="invisible">&nbsp;</span></span></a>]]></document>
		<document id="226085871349288960" url="https://twitter.com/ovaismehboob/status/226085871349288960"><![CDATA[Ramadhan Mubarak to all Muslims out there!]]></document>
		<document id="244183824509059072" url="https://twitter.com/ovaismehboob/status/244183824509059072"><![CDATA[Why Remote Workers Are More (Yes, More) Engaged<a href="http://t.co/D12Yy6As" rel="nofollow noopener" dir="ltr" data-expanded-url="http://lnkd.in/Y8TZfQ" class="twitter-timeline-link u-hidden" target="_blank" title="http://lnkd.in/Y8TZfQ" ><span class="tco-ellipsis"></span><span class="invisible">http://</span><span class="js-display-url">lnkd.in/Y8TZfQ</span><span class="invisible"></span><span class="tco-ellipsis"><span class="invisible">&nbsp;</span></span></a>]]></document>
		<document id="246335284709584896" url="https://twitter.com/ovaismehboob/status/246335284709584896"><![CDATA[searching for an e-book &quot;Microsoft Silverlight 5: Building Rich Enterprise Dashboards&quot;]]></document>
		<document id="247326510615257088" url="https://twitter.com/ovaismehboob/status/247326510615257088"><![CDATA[<a href="http://t.co/3t3Hv4Ru" rel="nofollow noopener" dir="ltr" data-expanded-url="http://ASP.NET" class="twitter-timeline-link" target="_blank" title="http://ASP.NET" ><span class="tco-ellipsis"></span><span class="invisible">http://</span><span class="js-display-url">ASP.NET</span><span class="invisible"></span><span class="tco-ellipsis"><span class="invisible">&nbsp;</span></span></a> MVC Solution Best Practices (Channel 9) <a href="http://t.co/1o6bQiLC" rel="nofollow noopener" dir="ltr" data-expanded-url="http://channel9.msdn.com/Events/aspConf/aspConf/ASP-NET-MVC-Solution-Best-Practices" class="twitter-timeline-link" target="_blank" title="http://channel9.msdn.com/Events/aspConf/aspConf/ASP-NET-MVC-Solution-Best-Practices" ><span class="tco-ellipsis"></span><span class="invisible">http://</span><span class="js-display-url">channel9.msdn.com/Events/aspConf</span><span class="invisible">/aspConf/ASP-NET-MVC-Solution-Best-Practices</span><span class="tco-ellipsis"><span class="invisible">&nbsp;</span>…</span></a> via <a href="/ch9" class="twitter-atreply pretty-link js-nav" dir="ltr" data-mentioned-user-id="9460682" ><s>@</s><b>ch9</b></a>]]></document>
		<document id="249231620798832640" url="https://twitter.com/ovaismehboob/status/249231620798832640"><![CDATA[Awarded MVB<a href="http://t.co/a4ixCRn4" rel="nofollow noopener" dir="ltr" data-expanded-url="http://ovaismehboob.wordpress.com/2012/09/21/awarded-mvb-most-valuable-blogger/2012/09/21/awarded-mvb-most-valuable-blogger/" class="twitter-timeline-link u-hidden" target="_blank" title="http://ovaismehboob.wordpress.com/2012/09/21/awarded-mvb-most-valuable-blogger/2012/09/21/awarded-mvb-most-valuable-blogger/" ><span class="tco-ellipsis"></span><span class="invisible">http://</span><span class="js-display-url">ovaismehboob.wordpress.com/2012/09/21/awa</span><span class="invisible">rded-mvb-most-valuable-blogger/2012/09/21/awarded-mvb-most-valuable-blogger/</span><span class="tco-ellipsis"><span class="invisible">&nbsp;</span>…</span></a>]]></document>
		<document id="250481846545162240" url="https://twitter.com/ovaismehboob/status/250481846545162240"><![CDATA[Visual Studio 2012 - Great New Features<a href="http://t.co/EgH58QX8" rel="nofollow noopener" dir="ltr" data-expanded-url="http://community.dynamics.com/product/crm/crmnontechnical/b/crmhobbitsdynamicscrmblog/archive/2012/09/23/visual-studio-2012-great-new-features-for-web-and-crm-2011-development.aspx" class="twitter-timeline-link u-hidden" target="_blank" title="http://community.dynamics.com/product/crm/crmnontechnical/b/crmhobbitsdynamicscrmblog/archive/2012/09/23/visual-studio-2012-great-new-features-for-web-and-crm-2011-development.aspx" ><span class="tco-ellipsis"></span><span class="invisible">http://</span><span class="js-display-url">community.dynamics.com/product/crm/cr</span><span class="invisible">mnontechnical/b/crmhobbitsdynamicscrmblog/archive/2012/09/23/visual-studio-2012-great-new-features-for-web-and-crm-2011-development.aspx</span><span class="tco-ellipsis"><span class="invisible">&nbsp;</span>…</span></a>]]></document>
		<document id="250482515125608448" url="https://twitter.com/ovaismehboob/status/250482515125608448"><![CDATA[Visual Studio 2012: Free desktop development tool out today, first update outlined<a href="http://t.co/RcaqerRE" rel="nofollow noopener" dir="ltr" data-expanded-url="http://arstechnica.com/information-technology/2012/09/visual-studio-2012-free-desktop-development-tool-out-today-first-update-outlined/" class="twitter-timeline-link u-hidden" target="_blank" title="http://arstechnica.com/information-technology/2012/09/visual-studio-2012-free-desktop-development-tool-out-today-first-update-outlined/" ><span class="tco-ellipsis"></span><span class="invisible">http://</span><span class="js-display-url">arstechnica.com/information-te</span><span class="invisible">chnology/2012/09/visual-studio-2012-free-desktop-development-tool-out-today-first-update-outlined/</span><span class="tco-ellipsis"><span class="invisible">&nbsp;</span>…</span></a>]]></document>
		<document id="250966284257341440" url="https://twitter.com/ovaismehboob/status/250966284257341440"><![CDATA[follow me on Twitter <a href="/ovaismehboob" class="twitter-atreply pretty-link js-nav" dir="ltr" data-mentioned-user-id="95355500" ><s>@</s><b>ovaismehboob</b></a>]]></document>
		<document id="250966605113204737" url="https://twitter.com/ovaismehboob/status/250966605113204737"><![CDATA[follow me on Twitter <a href="http://t.co/GVI57jY0" rel="nofollow noopener" dir="ltr" data-expanded-url="http://lnkd.in/bMbw-s" class="twitter-timeline-link" target="_blank" title="http://lnkd.in/bMbw-s" ><span class="tco-ellipsis"></span><span class="invisible">http://</span><span class="js-display-url">lnkd.in/bMbw-s</span><span class="invisible"></span><span class="tco-ellipsis"><span class="invisible">&nbsp;</span></span></a>]]></document>
		<document id="251315488301400065" url="https://twitter.com/ovaismehboob/status/251315488301400065"><![CDATA[so... this month assignment is on workflows... <a href="/hashtag/Microsoft?src=hash" data-query-source="hashtag_click" class="twitter-hashtag pretty-link js-nav" dir="ltr" ><s>#</s><b>Microsoft</b></a> Windows Workflow Foundation]]></document>
		<document id="251417775787089920" url="https://twitter.com/ovaismehboob/status/251417775787089920"><![CDATA[Built in Popular Apps in Visual Studio 2012  <a href="http://t.co/PFrtjE77" rel="nofollow noopener" dir="ltr" data-expanded-url="http://blogs.msdn.com/b/dotnet/archive/2012/09/12/celebrating-the-visual-studio-2012-launch-with-the-release-of-a-popular-app.aspx" class="twitter-timeline-link" target="_blank" title="http://blogs.msdn.com/b/dotnet/archive/2012/09/12/celebrating-the-visual-studio-2012-launch-with-the-release-of-a-popular-app.aspx" ><span class="tco-ellipsis"></span><span class="invisible">http://</span><span class="js-display-url">blogs.msdn.com/b/dotnet/archi</span><span class="invisible">ve/2012/09/12/celebrating-the-visual-studio-2012-launch-with-the-release-of-a-popular-app.aspx</span><span class="tco-ellipsis"><span class="invisible">&nbsp;</span>…</span></a>]]></document>
		<document id="253547508633063424" url="https://twitter.com/ovaismehboob/status/253547508633063424"><![CDATA[My articles got published at DZone :)<a href="http://t.co/hEXdASMW" rel="nofollow noopener" dir="ltr" data-expanded-url="http://architects.dzone.com/users/ovaismehboob" class="twitter-timeline-link" target="_blank" title="http://architects.dzone.com/users/ovaismehboob" ><span class="tco-ellipsis"></span><span class="invisible">http://</span><span class="js-display-url">architects.dzone.com/users/ovaismeh</span><span class="invisible">boob</span><span class="tco-ellipsis"><span class="invisible">&nbsp;</span>…</span></a>]]></document>
		<document id="253774821509447681" url="https://twitter.com/ovaismehboob/status/253774821509447681"><![CDATA[I have created a Meetup group to share info. on Microsoft Latest technology stack. You can visit the link to Join!<a href="http://t.co/xvPXxpFz" rel="nofollow noopener" dir="ltr" data-expanded-url="http://www.meetup.com/MSTPUG" class="twitter-timeline-link u-hidden" target="_blank" title="http://www.meetup.com/MSTPUG" ><span class="tco-ellipsis"></span><span class="invisible">http://www.</span><span class="js-display-url">meetup.com/MSTPUG</span><span class="invisible"></span><span class="tco-ellipsis"><span class="invisible">&nbsp;</span></span></a>]]></document>
		<document id="255520993387356160" url="https://twitter.com/ovaismehboob/status/255520993387356160"><![CDATA[Handling rich experiences using JS becomes lot easier using TS...<a href="http://t.co/NkyeJZem" rel="nofollow noopener" dir="ltr" data-expanded-url="http://blogs.msdn.com/b/somasegar/archive/2012/10/01/typescript-javascript-development-at-application-scale.aspx" class="twitter-timeline-link u-hidden" target="_blank" title="http://blogs.msdn.com/b/somasegar/archive/2012/10/01/typescript-javascript-development-at-application-scale.aspx" ><span class="tco-ellipsis"></span><span class="invisible">http://</span><span class="js-display-url">blogs.msdn.com/b/somasegar/ar</span><span class="invisible">chive/2012/10/01/typescript-javascript-development-at-application-scale.aspx</span><span class="tco-ellipsis"><span class="invisible">&nbsp;</span>…</span></a>]]></document>
		<document id="255521121720496128" url="https://twitter.com/ovaismehboob/status/255521121720496128"><![CDATA[Here&#39;s the playground to play with TS....
<a href="http://t.co/B4EI962G" rel="nofollow noopener" dir="ltr" data-expanded-url="http://www.typescriptlang.org/Playground/" class="twitter-timeline-link" target="_blank" title="http://www.typescriptlang.org/Playground/" ><span class="tco-ellipsis"></span><span class="invisible">http://www.</span><span class="js-display-url">typescriptlang.org/Playground/</span><span class="invisible"></span><span class="tco-ellipsis"><span class="invisible">&nbsp;</span></span></a>]]></document>
		<document id="256241854511722496" url="https://twitter.com/ovaismehboob/status/256241854511722496"><![CDATA[Glad to recieve sponsorship from Plural Sight for our group Microsoft Technology Practices User Group]]></document>
		<document id="257902875303362560" url="https://twitter.com/ovaismehboob/status/257902875303362560"><![CDATA[Problem loading <a href="http://t.co/ZfAlc0Aq" rel="nofollow noopener" dir="ltr" data-expanded-url="http://ASP.Net" class="twitter-timeline-link" target="_blank" title="http://ASP.Net" ><span class="tco-ellipsis"></span><span class="invisible">http://</span><span class="js-display-url">ASP.Net</span><span class="invisible"></span><span class="tco-ellipsis"><span class="invisible">&nbsp;</span></span></a> project after installing VS 2010 SP1<a href="http://t.co/0QYHrBPS" rel="nofollow noopener" dir="ltr" data-expanded-url="http://wp.me/p17Ij5-9X" class="twitter-timeline-link u-hidden" target="_blank" title="http://wp.me/p17Ij5-9X" ><span class="tco-ellipsis"></span><span class="invisible">http://</span><span class="js-display-url">wp.me/p17Ij5-9X</span><span class="invisible"></span><span class="tco-ellipsis"><span class="invisible">&nbsp;</span></span></a>]]></document>
		<document id="258455189571395585" url="https://twitter.com/ovaismehboob/status/258455189571395585"><![CDATA[Loving developing dashboard on Silverlight 5 :) really interesting!!]]></document>
		<document id="259237108290576384" url="https://twitter.com/ovaismehboob/status/259237108290576384"><![CDATA[.Net Framework 4.5 - Off to a great start <a href="http://t.co/nfR86Ylh" rel="nofollow noopener" dir="ltr" data-expanded-url="http://blogs.msdn.com/b/dotnet/archive/2012/10/17/net-framework-4-5-off-to-a-great-start.aspx" class="twitter-timeline-link" target="_blank" title="http://blogs.msdn.com/b/dotnet/archive/2012/10/17/net-framework-4-5-off-to-a-great-start.aspx" ><span class="tco-ellipsis"></span><span class="invisible">http://</span><span class="js-display-url">blogs.msdn.com/b/dotnet/archi</span><span class="invisible">ve/2012/10/17/net-framework-4-5-off-to-a-great-start.aspx</span><span class="tco-ellipsis"><span class="invisible">&nbsp;</span>…</span></a>]]></document>
		<document id="259993930458861568" url="https://twitter.com/ovaismehboob/status/259993930458861568"><![CDATA[Develop and Consume OData Web Services in WCF<a href="http://t.co/aRPgPpSx" rel="nofollow noopener" dir="ltr" data-expanded-url="http://wp.me/p17Ij5-au" class="twitter-timeline-link u-hidden" target="_blank" title="http://wp.me/p17Ij5-au" ><span class="tco-ellipsis"></span><span class="invisible">http://</span><span class="js-display-url">wp.me/p17Ij5-au</span><span class="invisible"></span><span class="tco-ellipsis"><span class="invisible">&nbsp;</span></span></a>]]></document>
		<document id="264002914345955328" url="https://twitter.com/ovaismehboob/status/264002914345955328"><![CDATA[its time to plan for a new meetup ... just waiting for the confirmation on the venue... <a href="/hashtag/meetup?src=hash" data-query-source="hashtag_click" class="twitter-hashtag pretty-link js-nav" dir="ltr" ><s>#</s><b>meetup</b></a>.com/mstpug]]></document>
		<document id="265981795986706432" url="https://twitter.com/ovaismehboob/status/265981795986706432"><![CDATA[<a href="/mwkhan1996" class="twitter-atreply pretty-link js-nav" dir="ltr" data-mentioned-user-id="282711351" ><s>@</s><b>mwkhan1996</b></a> no thats related to some project...]]></document>
		<document id="267650201458708481" url="https://twitter.com/ovaismehboob/status/267650201458708481"><![CDATA[Using Enterprise Library Validation Application Block in&amp;nbsp;WCF<a href="http://t.co/e8oJVfIP" rel="nofollow noopener" dir="ltr" data-expanded-url="http://wp.me/p17Ij5-aE" class="twitter-timeline-link u-hidden" target="_blank" title="http://wp.me/p17Ij5-aE" ><span class="tco-ellipsis"></span><span class="invisible">http://</span><span class="js-display-url">wp.me/p17Ij5-aE</span><span class="invisible"></span><span class="tco-ellipsis"><span class="invisible">&nbsp;</span></span></a>]]></document>
		<document id="267693250347941889" url="https://twitter.com/ovaismehboob/status/267693250347941889"><![CDATA[Tips for working from home <a href="http://t.co/6lv0IXys" rel="nofollow noopener" dir="ltr" data-expanded-url="http://wp.me/pXKKD-9f" class="twitter-timeline-link" target="_blank" title="http://wp.me/pXKKD-9f" ><span class="tco-ellipsis"></span><span class="invisible">http://</span><span class="js-display-url">wp.me/pXKKD-9f</span><span class="invisible"></span><span class="tco-ellipsis"><span class="invisible">&nbsp;</span></span></a> via <a href="/PrgrmrsUnlmtd" class="twitter-atreply pretty-link js-nav" dir="ltr" data-mentioned-user-id="132338374" ><s>@</s><b>PrgrmrsUnlmtd</b></a>]]></document>
		<document id="269165018002632705" url="https://twitter.com/ovaismehboob/status/269165018002632705"><![CDATA[5 Questions Great Job Candidates Ask<a href="http://t.co/Bu7BnIPM" rel="nofollow noopener" dir="ltr" data-expanded-url="http://lnkd.in/-VuQbf" class="twitter-timeline-link u-hidden" target="_blank" title="http://lnkd.in/-VuQbf" ><span class="tco-ellipsis"></span><span class="invisible">http://</span><span class="js-display-url">lnkd.in/-VuQbf</span><span class="invisible"></span><span class="tco-ellipsis"><span class="invisible">&nbsp;</span></span></a>]]></document>
		<document id="269556269004767232" url="https://twitter.com/ovaismehboob/status/269556269004767232"><![CDATA[8 Reasons Microsoft&#39;s Surface Is Better Than The iPad <a href="http://t.co/Lbs3fufw" rel="nofollow noopener" dir="ltr" data-expanded-url="http://www.businessinsider.com/surface-ipad-comparison-2012-11?0=tools" class="twitter-timeline-link" target="_blank" title="http://www.businessinsider.com/surface-ipad-comparison-2012-11?0=tools" ><span class="tco-ellipsis"></span><span class="invisible">http://www.</span><span class="js-display-url">businessinsider.com/surface-ipad-c</span><span class="invisible">omparison-2012-11?0=tools</span><span class="tco-ellipsis"><span class="invisible">&nbsp;</span>…</span></a> via <a href="/sai_tools" class="twitter-atreply pretty-link js-nav" dir="ltr" data-mentioned-user-id="2555386818" ><s>@</s><b>sai_tools</b></a>]]></document>
		<document id="271618529160212481" url="https://twitter.com/ovaismehboob/status/271618529160212481"><![CDATA[Basic Introduction about T4 Templates &amp; How to customize them for <a href="http://t.co/3t3Hv4Ru" rel="nofollow noopener" dir="ltr" data-expanded-url="http://ASP.NET" class="twitter-timeline-link" target="_blank" title="http://ASP.NET" ><span class="tco-ellipsis"></span><span class="invisible">http://</span><span class="js-display-url">ASP.NET</span><span class="invisible"></span><span class="tco-ellipsis"><span class="invisible">&nbsp;</span></span></a> MVC Project<a href="http://t.co/BkRYaMtZ" rel="nofollow noopener" dir="ltr" data-expanded-url="http://wp.me/p17Ij5-aR" class="twitter-timeline-link u-hidden" target="_blank" title="http://wp.me/p17Ij5-aR" ><span class="tco-ellipsis"></span><span class="invisible">http://</span><span class="js-display-url">wp.me/p17Ij5-aR</span><span class="invisible"></span><span class="tco-ellipsis"><span class="invisible">&nbsp;</span></span></a>]]></document>
		<document id="274061236432412672" url="https://twitter.com/ovaismehboob/status/274061236432412672"><![CDATA[Just cleared MS exam 70-480 - Programming in HTML5 with JavaScript and CSS3 Specialist]]></document>
		<document id="275833604586762240" url="https://twitter.com/ovaismehboob/status/275833604586762240"><![CDATA[Skype interface looks more better than before...]]></document>
		<document id="278789361762455552" url="https://twitter.com/ovaismehboob/status/278789361762455552"><![CDATA[Enabling Transactions in WCF<a href="http://t.co/Y7XQtnNL" rel="nofollow noopener" dir="ltr" data-expanded-url="http://wp.me/p17Ij5-aV" class="twitter-timeline-link u-hidden" target="_blank" title="http://wp.me/p17Ij5-aV" ><span class="tco-ellipsis"></span><span class="invisible">http://</span><span class="js-display-url">wp.me/p17Ij5-aV</span><span class="invisible"></span><span class="tco-ellipsis"><span class="invisible">&nbsp;</span></span></a>]]></document>
		<document id="289755492484513795" url="https://twitter.com/ovaismehboob/status/289755492484513795"><![CDATA[what a weather :)]]></document>
		<document id="304208633112174592" url="https://twitter.com/ovaismehboob/status/304208633112174592"><![CDATA[You should join me at this Meetup. Check it out and RSVP!<a href="http://t.co/7mDEq74j" rel="nofollow noopener" dir="ltr" data-expanded-url="http://meetu.ps/wFW8b" class="twitter-timeline-link u-hidden" target="_blank" title="http://meetu.ps/wFW8b" ><span class="tco-ellipsis"></span><span class="invisible">http://</span><span class="js-display-url">meetu.ps/wFW8b</span><span class="invisible"></span><span class="tco-ellipsis"><span class="invisible">&nbsp;</span></span></a>]]></document>
		<document id="311014796298444801" url="https://twitter.com/ovaismehboob/status/311014796298444801"><![CDATA[You should join me at this Meetup. Check it out and RSVP!<a href="http://t.co/XL4QXI5EVx" rel="nofollow noopener" dir="ltr" data-expanded-url="http://meetu.ps/Dchpg" class="twitter-timeline-link u-hidden" target="_blank" title="http://meetu.ps/Dchpg" ><span class="tco-ellipsis"></span><span class="invisible">http://</span><span class="js-display-url">meetu.ps/Dchpg</span><span class="invisible"></span><span class="tco-ellipsis"><span class="invisible">&nbsp;</span></span></a>]]></document>
		<document id="317490440528093184" url="https://twitter.com/ovaismehboob/status/317490440528093184"><![CDATA[C# 5 really made asynchronous programming a lot simpler to handle using await and Async #.net development]]></document>
		<document id="317588118649847809" url="https://twitter.com/ovaismehboob/status/317588118649847809"><![CDATA[Enabling Lazy Loading in Entity Framework Code First Model<a href="http://t.co/dU6etnnByO" rel="nofollow noopener" dir="ltr" data-expanded-url="http://wp.me/p17Ij5-aZ" class="twitter-timeline-link u-hidden" target="_blank" title="http://wp.me/p17Ij5-aZ" ><span class="tco-ellipsis"></span><span class="invisible">http://</span><span class="js-display-url">wp.me/p17Ij5-aZ</span><span class="invisible"></span><span class="tco-ellipsis"><span class="invisible">&nbsp;</span></span></a>]]></document>
		<document id="318691652644507648" url="https://twitter.com/ovaismehboob/status/318691652644507648"><![CDATA[Two days left for another UG event at Microsoft Office, Karachi]]></document>
		<document id="319702366662320129" url="https://twitter.com/ovaismehboob/status/319702366662320129"><![CDATA[<a href="/prosarfraz" class="twitter-atreply pretty-link js-nav" dir="ltr" data-mentioned-user-id="143756858" ><s>@</s><b>prosarfraz</b></a> Thanks Sarfraz for giving us such an informative session.]]></document>
		<document id="319703529470173185" url="https://twitter.com/ovaismehboob/status/319703529470173185"><![CDATA[Yesterday&#39;s event went excellent on <a href="http://t.co/Rz3oT4ly5C" rel="nofollow noopener" dir="ltr" data-expanded-url="http://ASP.NET" class="twitter-timeline-link" target="_blank" title="http://ASP.NET" ><span class="tco-ellipsis"></span><span class="invisible">http://</span><span class="js-display-url">ASP.NET</span><span class="invisible"></span><span class="tco-ellipsis"><span class="invisible">&nbsp;</span></span></a> Web API, CRM and WCF OData Services @ Microsoft Office <a href="/hashtag/meetup?src=hash" data-query-source="hashtag_click" class="twitter-hashtag pretty-link js-nav" dir="ltr" ><s>#</s><b>meetup</b></a>.com/mstpug]]></document>
		<document id="319704331614052352" url="https://twitter.com/ovaismehboob/status/319704331614052352"><![CDATA[Link to photos of Yesterday&#39;s Event at Microsoft Office, Karachi <a href="http://t.co/Gb7t7XLZwt" rel="nofollow noopener" dir="ltr" data-expanded-url="http://meetu.ps/SxCnb" class="twitter-timeline-link" target="_blank" title="http://meetu.ps/SxCnb" ><span class="tco-ellipsis"></span><span class="invisible">http://</span><span class="js-display-url">meetu.ps/SxCnb</span><span class="invisible"></span><span class="tco-ellipsis"><span class="invisible">&nbsp;</span></span></a>]]></document>
		<document id="325534226621542400" url="https://twitter.com/ovaismehboob/status/325534226621542400"><![CDATA[Reviewing book - Object Oriented Thought Process]]></document>
		<document id="328522866381422594" url="https://twitter.com/ovaismehboob/status/328522866381422594"><![CDATA[Enterprise Library 6 has been released...<a href="http://t.co/TeKwnxAHNn" rel="nofollow noopener" dir="ltr" data-expanded-url="http://msdn.microsoft.com/en-US/library/dn169621.aspx" class="twitter-timeline-link" target="_blank" title="http://msdn.microsoft.com/en-US/library/dn169621.aspx" ><span class="tco-ellipsis"></span><span class="invisible">http://</span><span class="js-display-url">msdn.microsoft.com/en-US/library/</span><span class="invisible">dn169621.aspx</span><span class="tco-ellipsis"><span class="invisible">&nbsp;</span>…</span></a>]]></document>
		<document id="329096115674812416" url="https://twitter.com/ovaismehboob/status/329096115674812416"><![CDATA[Register guys for online Session on applying ALM with Visual Studio 2012<a href="http://t.co/UwQDJmNmpv" rel="nofollow noopener" dir="ltr" data-expanded-url="http://www.microsoftvirtualacademy.com/JumpStartDetails.aspx?ev=17" class="twitter-timeline-link u-hidden" target="_blank" title="http://www.microsoftvirtualacademy.com/JumpStartDetails.aspx?ev=17" ><span class="tco-ellipsis"></span><span class="invisible">http://www.</span><span class="js-display-url">microsoftvirtualacademy.com/JumpStartDetai</span><span class="invisible">ls.aspx?ev=17</span><span class="tco-ellipsis"><span class="invisible">&nbsp;</span>…</span></a>]]></document>
		<document id="335676435928850432" url="https://twitter.com/ovaismehboob/status/335676435928850432"><![CDATA[Reviewed Book “Object-Oriented Thought Process – by Matt Weisfeld”<a href="http://t.co/jHlLAqkTKr" rel="nofollow noopener" dir="ltr" data-expanded-url="http://wp.me/p17Ij5-b0" class="twitter-timeline-link u-hidden" target="_blank" title="http://wp.me/p17Ij5-b0" ><span class="tco-ellipsis"></span><span class="invisible">http://</span><span class="js-display-url">wp.me/p17Ij5-b0</span><span class="invisible"></span><span class="tco-ellipsis"><span class="invisible">&nbsp;</span></span></a>]]></document>
		<document id="339312013291442176" url="https://twitter.com/ovaismehboob/status/339312013291442176"><![CDATA[Object-Oriented Thought Process 4th Edition – by Matt Weisfeld | Mobile Zone: <a href="http://t.co/eCxIS6BtfQ" rel="nofollow noopener" dir="ltr" data-expanded-url="http://mobile.dzone.com/reviews/reviewed-book-" class="twitter-timeline-link" target="_blank" title="http://mobile.dzone.com/reviews/reviewed-book-" ><span class="tco-ellipsis"></span><span class="invisible">http://</span><span class="js-display-url">mobile.dzone.com/reviews/review</span><span class="invisible">ed-book-</span><span class="tco-ellipsis"><span class="invisible">&nbsp;</span>…</span></a>“object-oriented#.UaR4OEoJMiE.twitter]]></document>
		<document id="345409111875272704" url="https://twitter.com/ovaismehboob/status/345409111875272704"><![CDATA[Done POC on chat app using Silverlight5,WCF &amp; <a href="http://t.co/rTYKr3RH0K" rel="nofollow noopener" dir="ltr" data-expanded-url="http://ASP.Net" class="twitter-timeline-link" target="_blank" title="http://ASP.Net" ><span class="tco-ellipsis"></span><span class="invisible">http://</span><span class="js-display-url">ASP.Net</span><span class="invisible"></span><span class="tco-ellipsis"><span class="invisible">&nbsp;</span></span></a>.I&#39;d to make a special bridging b/w silverlight &amp;<a href="http://t.co/cmsMQffShl" rel="nofollow noopener" dir="ltr" data-expanded-url="http://asp.net" class="twitter-timeline-link u-hidden" target="_blank" title="http://asp.net" ><span class="tco-ellipsis"></span><span class="invisible">http://</span><span class="js-display-url">asp.net</span><span class="invisible"></span><span class="tco-ellipsis"><span class="invisible">&nbsp;</span></span></a>]]></document>
		<document id="348316469270036480" url="https://twitter.com/ovaismehboob/status/348316469270036480"><![CDATA[Bridging data between <a href="http://t.co/rTYKr3RH0K" rel="nofollow noopener" dir="ltr" data-expanded-url="http://ASP.Net" class="twitter-timeline-link" target="_blank" title="http://ASP.Net" ><span class="tco-ellipsis"></span><span class="invisible">http://</span><span class="js-display-url">ASP.Net</span><span class="invisible"></span><span class="tco-ellipsis"><span class="invisible">&nbsp;</span></span></a> and Silverlight<a href="http://t.co/9RoZdYGuxy" rel="nofollow noopener" dir="ltr" data-expanded-url="http://wp.me/p17Ij5-b2" class="twitter-timeline-link u-hidden" target="_blank" title="http://wp.me/p17Ij5-b2" ><span class="tco-ellipsis"></span><span class="invisible">http://</span><span class="js-display-url">wp.me/p17Ij5-b2</span><span class="invisible"></span><span class="tco-ellipsis"><span class="invisible">&nbsp;</span></span></a>]]></document>
		<document id="350150693270728705" url="https://twitter.com/ovaismehboob/status/350150693270728705"><![CDATA[Flying With Mr.Bean Version by Elnora English <a href="https://t.co/BbKldp2tUf" rel="nofollow noopener" dir="ltr" data-expanded-url="https://itun.es/pk/yWCDN.i" class="twitter-timeline-link" target="_blank" title="https://itun.es/pk/yWCDN.i" ><span class="tco-ellipsis"></span><span class="invisible">https://</span><span class="js-display-url">itun.es/pk/yWCDN.i</span><span class="invisible"></span><span class="tco-ellipsis"><span class="invisible">&nbsp;</span></span></a>]]></document>
		<document id="352522971446910977" url="https://twitter.com/ovaismehboob/status/352522971446910977"><![CDATA[Was a long day today.. signing off now...]]></document>
		<document id="353339746312916992" url="https://twitter.com/ovaismehboob/status/353339746312916992"><![CDATA[IE11 supports WebGL, gains better debug tools <a href="http://t.co/hBM8tLzuB6" rel="nofollow noopener" dir="ltr" data-expanded-url="http://www.netmagazine.com/" class="twitter-timeline-link" target="_blank" title="http://www.netmagazine.com/" ><span class="tco-ellipsis"></span><span class="invisible">http://www.</span><span class="js-display-url">netmagazine.com</span><span class="invisible">/</span><span class="tco-ellipsis"><span class="invisible">&nbsp;</span></span></a>]]></document>
		<document id="353409896609357824" url="https://twitter.com/ovaismehboob/status/353409896609357824"><![CDATA[Production deployment Issues when <a href="http://t.co/rTYKr3RH0K" rel="nofollow noopener" dir="ltr" data-expanded-url="http://ASP.Net" class="twitter-timeline-link" target="_blank" title="http://ASP.Net" ><span class="tco-ellipsis"></span><span class="invisible">http://</span><span class="js-display-url">ASP.Net</span><span class="invisible"></span><span class="tco-ellipsis"><span class="invisible">&nbsp;</span></span></a> Web Application access COM+ component<a href="http://t.co/2Vf2dSp8j5" rel="nofollow noopener" dir="ltr" data-expanded-url="http://wp.me/p17Ij5-b6" class="twitter-timeline-link u-hidden" target="_blank" title="http://wp.me/p17Ij5-b6" ><span class="tco-ellipsis"></span><span class="invisible">http://</span><span class="js-display-url">wp.me/p17Ij5-b6</span><span class="invisible"></span><span class="tco-ellipsis"><span class="invisible">&nbsp;</span></span></a>]]></document>
		<document id="354603219613261825" url="https://twitter.com/ovaismehboob/status/354603219613261825"><![CDATA[25 secrets for faster <a href="http://t.co/rTYKr3RH0K" rel="nofollow noopener" dir="ltr" data-expanded-url="http://ASP.Net" class="twitter-timeline-link" target="_blank" title="http://ASP.Net" ><span class="tco-ellipsis"></span><span class="invisible">http://</span><span class="js-display-url">ASP.Net</span><span class="invisible"></span><span class="tco-ellipsis"><span class="invisible">&nbsp;</span></span></a> Applications<a href="http://t.co/sa7tX8jIbv" rel="nofollow noopener" dir="ltr" data-expanded-url="http://www.red-gate.com/products/dotnet-development/ants-performance-profiler/entrypage/faster-asp-net-apps?utm_source=linkedin&amp;utm_medium=social&amp;utm_campaign=antsperformanceprofiler&amp;utm_content=25asp_secrets" class="twitter-timeline-link u-hidden" target="_blank" title="http://www.red-gate.com/products/dotnet-development/ants-performance-profiler/entrypage/faster-asp-net-apps?utm_source=linkedin&amp;utm_medium=social&amp;utm_campaign=antsperformanceprofiler&amp;utm_content=25asp_secrets" ><span class="tco-ellipsis"></span><span class="invisible">http://www.</span><span class="js-display-url">red-gate.com/products/dotne</span><span class="invisible">t-development/ants-performance-profiler/entrypage/faster-asp-net-apps?utm_source=linkedin&amp;utm_medium=social&amp;utm_campaign=antsperformanceprofiler&amp;utm_content=25asp_secrets</span><span class="tco-ellipsis"><span class="invisible">&nbsp;</span>…</span></a>]]></document>
		<document id="355797640325246976" url="https://twitter.com/ovaismehboob/status/355797640325246976"><![CDATA[Microsoft Overhauls, the Apple Way<a href="http://t.co/Cogh8A1UmK" rel="nofollow noopener" dir="ltr" data-expanded-url="http://lnkd.in/PD5cmZ" class="twitter-timeline-link u-hidden" target="_blank" title="http://lnkd.in/PD5cmZ" ><span class="tco-ellipsis"></span><span class="invisible">http://</span><span class="js-display-url">lnkd.in/PD5cmZ</span><span class="invisible"></span><span class="tco-ellipsis"><span class="invisible">&nbsp;</span></span></a>]]></document>
		<document id="362346056551366656" url="https://twitter.com/ovaismehboob/status/362346056551366656"><![CDATA[Pros and Cons of Mobile apps vs native apps<a href="http://t.co/Te4AiTI3FV" rel="nofollow noopener" dir="ltr" data-expanded-url="http://venturebeat.com/2013/07/29/native-v-web-chart/" class="twitter-timeline-link u-hidden" target="_blank" title="http://venturebeat.com/2013/07/29/native-v-web-chart/" ><span class="tco-ellipsis"></span><span class="invisible">http://</span><span class="js-display-url">venturebeat.com/2013/07/29/nat</span><span class="invisible">ive-v-web-chart/</span><span class="tco-ellipsis"><span class="invisible">&nbsp;</span>…</span></a>]]></document>
		<document id="370143637570854912" url="https://twitter.com/ovaismehboob/status/370143637570854912"><![CDATA[shared a link<a href="http://t.co/jXiyoCjx77" rel="nofollow noopener" dir="ltr" data-expanded-url="http://feedproxy.google.com/~r/cnet/pRza/~3/Zuv9_pAXpwI/" class="twitter-timeline-link u-hidden" target="_blank" title="http://feedproxy.google.com/~r/cnet/pRza/~3/Zuv9_pAXpwI/" ><span class="tco-ellipsis"></span><span class="invisible">http://</span><span class="js-display-url">feedproxy.google.com/~r/cnet/pRza/~</span><span class="invisible">3/Zuv9_pAXpwI/</span><span class="tco-ellipsis"><span class="invisible">&nbsp;</span>…</span></a>]]></document>
		<document id="370144913775923200" url="https://twitter.com/ovaismehboob/status/370144913775923200"><![CDATA[shared a link <a href="http://t.co/XHuKYC7MIy" rel="nofollow noopener" dir="ltr" data-expanded-url="http://feedproxy.google.com/~r/wmexperts/~3/4PDAdtdkYG4/story01.htm" class="twitter-timeline-link" target="_blank" title="http://feedproxy.google.com/~r/wmexperts/~3/4PDAdtdkYG4/story01.htm" ><span class="tco-ellipsis"></span><span class="invisible">http://</span><span class="js-display-url">feedproxy.google.com/~r/wmexperts/~</span><span class="invisible">3/4PDAdtdkYG4/story01.htm</span><span class="tco-ellipsis"><span class="invisible">&nbsp;</span>…</span></a>]]></document>
		<document id="370145090683277312" url="https://twitter.com/ovaismehboob/status/370145090683277312"><![CDATA[shared a link <a href="http://t.co/mUfTuEuYVF" rel="nofollow noopener" dir="ltr" data-expanded-url="http://feedproxy.google.com/~r/wmexperts/~3/qYUHc9HQemg/story01.htm" class="twitter-timeline-link" target="_blank" title="http://feedproxy.google.com/~r/wmexperts/~3/qYUHc9HQemg/story01.htm" ><span class="tco-ellipsis"></span><span class="invisible">http://</span><span class="js-display-url">feedproxy.google.com/~r/wmexperts/~</span><span class="invisible">3/qYUHc9HQemg/story01.htm</span><span class="tco-ellipsis"><span class="invisible">&nbsp;</span>…</span></a>]]></document>
		<document id="384117197347753984" url="https://twitter.com/ovaismehboob/status/384117197347753984"><![CDATA[<a href="/prosarfraz" class="twitter-atreply pretty-link js-nav" dir="ltr" data-mentioned-user-id="143756858" ><s>@</s><b>prosarfraz</b></a> <img class="Emoji Emoji--forText" src="https://abs.twimg.com/emoji/v2/72x72/1f60a.png" draggable="false" alt="]]>😊<![CDATA[" title="Smiling face with smiling eyes" aria-label="Emoji: Smiling face with smiling eyes">]]></document>
		<document id="384118958934466560" url="https://twitter.com/ovaismehboob/status/384118958934466560"><![CDATA[Nice read<a href="http://t.co/gB0F8Ggrro" rel="nofollow noopener" dir="ltr" data-expanded-url="http://feeds.haacked.com/~r/haacked/~3/4lYnsmhujx0/platform-limitations-harm-net.aspx" class="twitter-timeline-link u-hidden" target="_blank" title="http://feeds.haacked.com/~r/haacked/~3/4lYnsmhujx0/platform-limitations-harm-net.aspx" ><span class="tco-ellipsis"></span><span class="invisible">http://</span><span class="js-display-url">feeds.haacked.com/~r/haacked/~3/</span><span class="invisible">4lYnsmhujx0/platform-limitations-harm-net.aspx</span><span class="tco-ellipsis"><span class="invisible">&nbsp;</span>…</span></a>]]></document>
		<document id="387900915010654208" url="https://twitter.com/ovaismehboob/status/387900915010654208"><![CDATA[Doing a book review i.e. &quot;Learning Vaadin 7, Second Edition&quot;]]></document>
		<document id="389903412793737216" url="https://twitter.com/ovaismehboob/status/389903412793737216"><![CDATA[Reducing XAP size of Silverlight Client apps<a href="http://t.co/idGaiGMP7X" rel="nofollow noopener" dir="ltr" data-expanded-url="http://wp.me/p17Ij5-bc" class="twitter-timeline-link u-hidden" target="_blank" title="http://wp.me/p17Ij5-bc" ><span class="tco-ellipsis"></span><span class="invisible">http://</span><span class="js-display-url">wp.me/p17Ij5-bc</span><span class="invisible"></span><span class="tco-ellipsis"><span class="invisible">&nbsp;</span></span></a>]]></document>
		<document id="392290706259050497" url="https://twitter.com/ovaismehboob/status/392290706259050497"><![CDATA[You should join me at this Meetup. Check it out and RSVP!<a href="http://t.co/IwVPTABOub" rel="nofollow noopener" dir="ltr" data-expanded-url="http://meetu.ps/22GY2C" class="twitter-timeline-link u-hidden" target="_blank" title="http://meetu.ps/22GY2C" ><span class="tco-ellipsis"></span><span class="invisible">http://</span><span class="js-display-url">meetu.ps/22GY2C</span><span class="invisible"></span><span class="tco-ellipsis"><span class="invisible">&nbsp;</span></span></a>]]></document>
		<document id="394726992626847744" url="https://twitter.com/ovaismehboob/status/394726992626847744"><![CDATA[Loading Web API Controllers from other Libraries when Self Hosting Web API<a href="http://t.co/DMaYKrY3ry" rel="nofollow noopener" dir="ltr" data-expanded-url="http://wp.me/p17Ij5-bg" class="twitter-timeline-link u-hidden" target="_blank" title="http://wp.me/p17Ij5-bg" ><span class="tco-ellipsis"></span><span class="invisible">http://</span><span class="js-display-url">wp.me/p17Ij5-bg</span><span class="invisible"></span><span class="tco-ellipsis"><span class="invisible">&nbsp;</span></span></a>]]></document>
		<document id="394790980450148353" url="https://twitter.com/ovaismehboob/status/394790980450148353"><![CDATA[b<a href="http://t.co/0rnGXwYIeE" rel="nofollow noopener" dir="ltr" data-expanded-url="http://www.dzone.com/articles/loading-web-api-controllers#.Um5NQb_x1tA.twitter" class="twitter-timeline-link u-hidden" target="_blank" title="http://www.dzone.com/articles/loading-web-api-controllers#.Um5NQb_x1tA.twitter" ><span class="tco-ellipsis"></span><span class="invisible">http://www.</span><span class="js-display-url">dzone.com/articles/loadi</span><span class="invisible">ng-web-api-controllers#.Um5NQb_x1tA.twitter</span><span class="tco-ellipsis"><span class="invisible">&nbsp;</span>…</span></a>]]></document>
		<document id="394791030718857216" url="https://twitter.com/ovaismehboob/status/394791030718857216"><![CDATA[Loading Web API Controllers from a separate library when Self Hosting Web API | DZone:<a href="http://t.co/0rnGXwYIeE" rel="nofollow noopener" dir="ltr" data-expanded-url="http://www.dzone.com/articles/loading-web-api-controllers#.Um5NQb_x1tA.twitter" class="twitter-timeline-link u-hidden" target="_blank" title="http://www.dzone.com/articles/loading-web-api-controllers#.Um5NQb_x1tA.twitter" ><span class="tco-ellipsis"></span><span class="invisible">http://www.</span><span class="js-display-url">dzone.com/articles/loadi</span><span class="invisible">ng-web-api-controllers#.Um5NQb_x1tA.twitter</span><span class="tco-ellipsis"><span class="invisible">&nbsp;</span>…</span></a>]]></document>
		<document id="395440130258784256" url="https://twitter.com/ovaismehboob/status/395440130258784256"><![CDATA[Microsoft is working on a Google Glass competitor<a href="http://t.co/EW45OZsWba" rel="nofollow noopener" dir="ltr" data-expanded-url="http://www.techspot.com/news/54419-microsoft-is-working-on-a-google-glass-competitor-says-wsj.html" class="twitter-timeline-link u-hidden" target="_blank" title="http://www.techspot.com/news/54419-microsoft-is-working-on-a-google-glass-competitor-says-wsj.html" ><span class="tco-ellipsis"></span><span class="invisible">http://www.</span><span class="js-display-url">techspot.com/news/54419-mic</span><span class="invisible">rosoft-is-working-on-a-google-glass-competitor-says-wsj.html</span><span class="tco-ellipsis"><span class="invisible">&nbsp;</span>…</span></a>]]></document>
		<document id="398301123750006784" url="https://twitter.com/ovaismehboob/status/398301123750006784"><![CDATA[Glad to receive the Plural Sight sponsorship again for 1 more year for my user group <a href="http://t.co/P1I2anwtdO" rel="nofollow noopener" dir="ltr" data-expanded-url="http://meetup.com/mstpug" class="twitter-timeline-link" target="_blank" title="http://meetup.com/mstpug" ><span class="tco-ellipsis"></span><span class="invisible">http://</span><span class="js-display-url">meetup.com/mstpug</span><span class="invisible"></span><span class="tco-ellipsis"><span class="invisible">&nbsp;</span></span></a> with 24 monthly subscriptions]]></document>
		<document id="401158619971850240" url="https://twitter.com/ovaismehboob/status/401158619971850240"><![CDATA[Hosted two Sessions on MS Dynamics CRM and ASP .NET Web API @ Microsoft<a href="http://t.co/pkJImidnm6" rel="nofollow noopener" dir="ltr" data-expanded-url="http://wp.me/p17Ij5-bn" class="twitter-timeline-link u-hidden" target="_blank" title="http://wp.me/p17Ij5-bn" ><span class="tco-ellipsis"></span><span class="invisible">http://</span><span class="js-display-url">wp.me/p17Ij5-bn</span><span class="invisible"></span><span class="tco-ellipsis"><span class="invisible">&nbsp;</span></span></a>]]></document>
		<document id="403847891623878656" url="https://twitter.com/ovaismehboob/status/403847891623878656"><![CDATA[Reviewed Book “Learning Vaadin 7 – Second Edition by Nicolas Fränkel”<a href="http://t.co/WCj0VrcVJM" rel="nofollow noopener" dir="ltr" data-expanded-url="http://wp.me/p17Ij5-bp" class="twitter-timeline-link u-hidden" target="_blank" title="http://wp.me/p17Ij5-bp" ><span class="tco-ellipsis"></span><span class="invisible">http://</span><span class="js-display-url">wp.me/p17Ij5-bp</span><span class="invisible"></span><span class="tco-ellipsis"><span class="invisible">&nbsp;</span></span></a>]]></document>
		<document id="405626493352415232" url="https://twitter.com/ovaismehboob/status/405626493352415232"><![CDATA[You should join me at this Meetup. Check it out and RSVP!<a href="http://t.co/F7iJeyHXlH" rel="nofollow noopener" dir="ltr" data-expanded-url="http://meetu.ps/251v8Y" class="twitter-timeline-link u-hidden" target="_blank" title="http://meetu.ps/251v8Y" ><span class="tco-ellipsis"></span><span class="invisible">http://</span><span class="js-display-url">meetu.ps/251v8Y</span><span class="invisible"></span><span class="tco-ellipsis"><span class="invisible">&nbsp;</span></span></a>]]></document>
		<document id="407579560528457728" url="https://twitter.com/ovaismehboob/status/407579560528457728"><![CDATA[WCF Duplex messaging does not support WP8 ... let&#39;s check SignalR]]></document>
		<document id="415211486387400704" url="https://twitter.com/ovaismehboob/status/415211486387400704"><![CDATA[Wcf cloud service based on TCP endpoint with duplex binding has been successfully configured and deployed on Azure...soon write a blog post]]></document>
		<document id="419481500284112896" url="https://twitter.com/ovaismehboob/status/419481500284112896"><![CDATA[Creating Custom Formatter in <a href="http://t.co/Rz3oT43Xe4" rel="nofollow noopener" dir="ltr" data-expanded-url="http://ASP.NET" class="twitter-timeline-link" target="_blank" title="http://ASP.NET" ><span class="tco-ellipsis"></span><span class="invisible">http://</span><span class="js-display-url">ASP.NET</span><span class="invisible"></span><span class="tco-ellipsis"><span class="invisible">&nbsp;</span></span></a> Web API for specific formatted response<a href="http://t.co/QHoO1W7r1K" rel="nofollow noopener" dir="ltr" data-expanded-url="http://wp.me/p17Ij5-bG" class="twitter-timeline-link u-hidden" target="_blank" title="http://wp.me/p17Ij5-bG" ><span class="tco-ellipsis"></span><span class="invisible">http://</span><span class="js-display-url">wp.me/p17Ij5-bG</span><span class="invisible"></span><span class="tco-ellipsis"><span class="invisible">&nbsp;</span></span></a>]]></document>
	</documents>
</author>