<?xml version="1.0" encoding="UTF-8" standalone="no"?><author age_group="xx" gender="xx" lang="EN" type="twitter" url="https://twitter.com/Centralpt">
	<documents count="135">
		<document id="106062869413642240" url="https://twitter.com/Centralpt/status/106062869413642240"><![CDATA[Ingles Intensivo (40hs) en Torrent (VLC) - <a href="http://t.co/s71u0u6" rel="nofollow noopener" dir="ltr" data-expanded-url="http://viadeo.com/s/MmOrD" class="twitter-timeline-link" target="_blank" title="http://viadeo.com/s/MmOrD" ><span class="tco-ellipsis"></span><span class="invisible">http://</span><span class="js-display-url">viadeo.com/s/MmOrD</span><span class="invisible"></span><span class="tco-ellipsis"><span class="invisible">&nbsp;</span></span></a>]]></document>
		<document id="106084054952198145" url="https://twitter.com/Centralpt/status/106084054952198145"><![CDATA[¿Necesitas aprender o mejorar tu Inglés? - Ingles Intensivo en Septiembre :<a href="http://t.co/lsMfbts" rel="nofollow noopener" dir="ltr" data-expanded-url="http://viadeo.com/s/aKgE1" class="twitter-timeline-link u-hidden" target="_blank" title="http://viadeo.com/s/aKgE1" ><span class="tco-ellipsis"></span><span class="invisible">http://</span><span class="js-display-url">viadeo.com/s/aKgE1</span><span class="invisible"></span><span class="tco-ellipsis"><span class="invisible">&nbsp;</span></span></a>]]></document>
		<document id="111357137728442368" url="https://twitter.com/Centralpt/status/111357137728442368"><![CDATA[Por si les interesa mejorar o aprender Ingles...., esta promocion solo dura 13 hs mas!!!! - -  <a href="http://t.co/1XlOuCV" rel="nofollow noopener" dir="ltr" data-expanded-url="http://www.groupon.es/in/,807384" class="twitter-timeline-link" target="_blank" title="http://www.groupon.es/in/,807384" ><span class="tco-ellipsis"></span><span class="invisible">http://www.</span><span class="js-display-url">groupon.es/in/,807384</span><span class="invisible"></span><span class="tco-ellipsis"><span class="invisible">&nbsp;</span></span></a>]]></document>
		<document id="111384800690053120" url="https://twitter.com/Centralpt/status/111384800690053120"><![CDATA[Por si les interesa mejorar o aprender Ingles...., esta promoción solo dura 1 hs mas!!!! - - <a href="http://t.co/9mhLF74" rel="nofollow noopener" dir="ltr" data-expanded-url="http://viadeo.com/s/MDFtC2?affiliate=14&amp;utm_source=Viadeo-Twitter-back&amp;utm_medium=Twitter_sync&amp;utm_term=MB&amp;utm_campaign=Social_networks" class="twitter-timeline-link" target="_blank" title="http://viadeo.com/s/MDFtC2?affiliate=14&amp;utm_source=Viadeo-Twitter-back&amp;utm_medium=Twitter_sync&amp;utm_term=MB&amp;utm_campaign=Social_networks" ><span class="tco-ellipsis"></span><span class="invisible">http://</span><span class="js-display-url">viadeo.com/s/MDFtC2?affil</span><span class="invisible">iate=14&amp;utm_source=Viadeo-Twitter-back&amp;utm_medium=Twitter_sync&amp;utm_term=MB&amp;utm_campaign=Social_networks</span><span class="tco-ellipsis"><span class="invisible">&nbsp;</span>…</span></a>]]></document>
		<document id="111386303647588352" url="https://twitter.com/Centralpt/status/111386303647588352"><![CDATA[Por si les interesa mejorar o aprender Ingles...., esta promocion solo dura 13 hs mas!!!! - - <a href="http://t.co/1XlOuCV" rel="nofollow noopener" dir="ltr" data-expanded-url="http://www.groupon.es/in/,807384" class="twitter-timeline-link" target="_blank" title="http://www.groupon.es/in/,807384" ><span class="tco-ellipsis"></span><span class="invisible">http://www.</span><span class="js-display-url">groupon.es/in/,807384</span><span class="invisible"></span><span class="tco-ellipsis"><span class="invisible">&nbsp;</span></span></a>]]></document>
		<document id="119714700979212288" url="https://twitter.com/Centralpt/status/119714700979212288"><![CDATA[&quot;En la mayoría de los colegios enseñan spanglish, no inglés&quot; | Kallejeo Torrent <a href="http://t.co/ylxhpKLr" rel="nofollow noopener" dir="ltr" data-expanded-url="http://torrent.kallejeo.com/sociedad-en-torrent/entrevista/entrevista-academia-ingles-nativo-central-point-metodo-directo-callan-torrent-marcela-mattenet" class="twitter-timeline-link" target="_blank" title="http://torrent.kallejeo.com/sociedad-en-torrent/entrevista/entrevista-academia-ingles-nativo-central-point-metodo-directo-callan-torrent-marcela-mattenet" ><span class="tco-ellipsis"></span><span class="invisible">http://</span><span class="js-display-url">torrent.kallejeo.com/sociedad-en-to</span><span class="invisible">rrent/entrevista/entrevista-academia-ingles-nativo-central-point-metodo-directo-callan-torrent-marcela-mattenet</span><span class="tco-ellipsis"><span class="invisible">&nbsp;</span>…</span></a> via <a href="/k_torrent" class="twitter-atreply pretty-link js-nav" dir="ltr" data-mentioned-user-id="207966146" ><s>@</s><b>k_torrent</b></a>]]></document>
		<document id="119872360324136960" url="https://twitter.com/Centralpt/status/119872360324136960"><![CDATA[He publicado una foto nueva en Facebook <a href="http://t.co/vxMY1KHO" rel="nofollow noopener" dir="ltr" data-expanded-url="http://fb.me/Lqtk31eW" class="twitter-timeline-link" target="_blank" title="http://fb.me/Lqtk31eW" ><span class="tco-ellipsis"></span><span class="invisible">http://</span><span class="js-display-url">fb.me/Lqtk31eW</span><span class="invisible"></span><span class="tco-ellipsis"><span class="invisible">&nbsp;</span></span></a>]]></document>
		<document id="131813898948055040" url="https://twitter.com/Centralpt/status/131813898948055040"><![CDATA[Os cuento que Central Point esta participando en un Projecto Europeo Leonardo Da Vince, para crear un curso... <a href="http://t.co/p20GS367" rel="nofollow noopener" dir="ltr" data-expanded-url="http://fb.me/1fby5FlSm" class="twitter-timeline-link" target="_blank" title="http://fb.me/1fby5FlSm" ><span class="tco-ellipsis"></span><span class="invisible">http://</span><span class="js-display-url">fb.me/1fby5FlSm</span><span class="invisible"></span><span class="tco-ellipsis"><span class="invisible">&nbsp;</span></span></a>]]></document>
		<document id="13262644522" url="https://twitter.com/Centralpt/status/13262644522"><![CDATA[Visite NETWORKING DIA DE LA PERSONA EMPRENDEDORA DE LA COMUNIDAD VALENCIANA en amiando en http://www.amiando.com/tw/BHHAGUT/271214709]]></document>
		<document id="14225742025" url="https://twitter.com/Centralpt/status/14225742025"><![CDATA[Networking @ día de las personas emprendedora]]></document>
		<document id="15423401728" url="https://twitter.com/Centralpt/status/15423401728"><![CDATA[hay alguien que entienda Joomblo por valencia??? necesito un poco de ayuda mm@centralpoint.es]]></document>
		<document id="15423502470" url="https://twitter.com/Centralpt/status/15423502470"><![CDATA[Necesito ayuda con joombla hay alguien que me pueda ayudar?? mm@centralpoint.es]]></document>
		<document id="1577378962" url="https://twitter.com/Centralpt/status/1577378962"><![CDATA[Busco empresas que puedan estar interesadas en nuestros servicios Linguisticos y de traduccion.]]></document>
		<document id="15860418708" url="https://twitter.com/Centralpt/status/15860418708"><![CDATA[http://www.facebook.com/photo.php?pid=210061&amp;l=1710e9d3d3&amp;id=128476260507099]]></document>
		<document id="15862549285" url="https://twitter.com/Centralpt/status/15862549285"><![CDATA[I posted 16 photos on Facebook in the album &quot;Clases de repaso&quot; http://fb.me/vwnJQXXc]]></document>
		<document id="15862876864" url="https://twitter.com/Centralpt/status/15862876864"><![CDATA[I posted 9 photos on Facebook in the album &quot;Clases Ingles Callan (adultos)&quot; http://fb.me/ADxWRiJJ]]></document>
		<document id="15863096309" url="https://twitter.com/Centralpt/status/15863096309"><![CDATA[I posted 6 photos on Facebook in the album &quot;Clases de Español como segunda lengua&quot; http://fb.me/zbN91pZs]]></document>
		<document id="15863294150" url="https://twitter.com/Centralpt/status/15863294150"><![CDATA[I posted 6 photos on Facebook in the album &quot;Nuestra Inaguracion  Enero 2005&quot; http://fb.me/zeJbZf8a]]></document>
		<document id="15864968540" url="https://twitter.com/Centralpt/status/15864968540"><![CDATA[http://www.facebook.com/photo.php?pid=210128&amp;l=06d6cfb8f8&amp;id=128476260507099]]></document>
		<document id="15865015963" url="https://twitter.com/Centralpt/status/15865015963"><![CDATA[http://www.facebook.com/photo.php?pid=210129&amp;l=5b87c752e8&amp;id=128476260507099]]></document>
		<document id="15866956776" url="https://twitter.com/Centralpt/status/15866956776"><![CDATA[&lt;fb:comments numposts=&quot;10&quot; width=&quot;550&quot;&gt;&lt;/fb:comments&gt; http://fb.me/BS0aCa5S]]></document>
		<document id="162614439873478657" url="https://twitter.com/Centralpt/status/162614439873478657"><![CDATA[Quieres aprender o mejorar tu ingles? Aprovecha y se el primero en apuntarte!!!!!... <a href="http://t.co/5ShPUrYd" rel="nofollow noopener" dir="ltr" data-expanded-url="http://fb.me/1rs0g9mfl" class="twitter-timeline-link" target="_blank" title="http://fb.me/1rs0g9mfl" ><span class="tco-ellipsis"></span><span class="invisible">http://</span><span class="js-display-url">fb.me/1rs0g9mfl</span><span class="invisible"></span><span class="tco-ellipsis"><span class="invisible">&nbsp;</span></span></a>]]></document>
		<document id="162863752314757120" url="https://twitter.com/Centralpt/status/162863752314757120"><![CDATA[LinkedIn Events: Ingles A1 Intensivo - Los Sábados de Febrero a Junio en Torrent <a href="http://t.co/esMpRdzr" rel="nofollow noopener" dir="ltr" data-expanded-url="http://linkd.in/y78YCa" class="twitter-timeline-link" target="_blank" title="http://linkd.in/y78YCa" ><span class="tco-ellipsis"></span><span class="invisible">http://</span><span class="js-display-url">linkd.in/y78YCa</span><span class="invisible"></span><span class="tco-ellipsis"><span class="invisible">&nbsp;</span></span></a>]]></document>
		<document id="162882280048689152" url="https://twitter.com/Centralpt/status/162882280048689152"><![CDATA[Ingles A1 - Intensivo - Sabados de Febrero a Junio - En Torrent  - <a href="http://t.co/cgGjothu" rel="nofollow noopener" dir="ltr" data-expanded-url="http://viadeo.com/s/TSplF" class="twitter-timeline-link" target="_blank" title="http://viadeo.com/s/TSplF" ><span class="tco-ellipsis"></span><span class="invisible">http://</span><span class="js-display-url">viadeo.com/s/TSplF</span><span class="invisible"></span><span class="tco-ellipsis"><span class="invisible">&nbsp;</span></span></a>]]></document>
		<document id="162882574748893184" url="https://twitter.com/Centralpt/status/162882574748893184"><![CDATA[Ingles A1 - Intensivo - Sabados de Febrero a Junio - En Torrent  - <a href="http://t.co/3qQECLZU" rel="nofollow noopener" dir="ltr" data-expanded-url="http://viadeo.com/s/21yLO" class="twitter-timeline-link" target="_blank" title="http://viadeo.com/s/21yLO" ><span class="tco-ellipsis"></span><span class="invisible">http://</span><span class="js-display-url">viadeo.com/s/21yLO</span><span class="invisible"></span><span class="tco-ellipsis"><span class="invisible">&nbsp;</span></span></a>]]></document>
		<document id="162882750821564417" url="https://twitter.com/Centralpt/status/162882750821564417"><![CDATA[Ingles A1 - Intensivo - Sabados de Febrero a Junio - En Torrent  - <a href="http://t.co/EF0qmiPl" rel="nofollow noopener" dir="ltr" data-expanded-url="http://viadeo.com/s/87ERU" class="twitter-timeline-link" target="_blank" title="http://viadeo.com/s/87ERU" ><span class="tco-ellipsis"></span><span class="invisible">http://</span><span class="js-display-url">viadeo.com/s/87ERU</span><span class="invisible"></span><span class="tco-ellipsis"><span class="invisible">&nbsp;</span></span></a>]]></document>
		<document id="16312602024" url="https://twitter.com/Centralpt/status/16312602024"><![CDATA[No te pierdas Ingles Callan intensivo en Julio a 290€ - Informate 96109667]]></document>
		<document id="164335613603094528" url="https://twitter.com/Centralpt/status/164335613603094528"><![CDATA[recomienda <a href="http://t.co/molqUNH2" rel="nofollow noopener" dir="ltr" data-expanded-url="http://www.xing.com/events/861594" class="twitter-timeline-link" target="_blank" title="http://www.xing.com/events/861594" ><span class="tco-ellipsis"></span><span class="invisible">http://www.</span><span class="js-display-url">xing.com/events/861594</span><span class="invisible"></span><span class="tco-ellipsis"><span class="invisible">&nbsp;</span></span></a> en XING. Quedan muy pocos días para apuntarte al curso intensivo de Ingles de los Sábados. ...]]></document>
		<document id="16790232327" url="https://twitter.com/Centralpt/status/16790232327"><![CDATA[Check out this site: Sailing on Condor -- http://bit.ly/blGFt0]]></document>
		<document id="17259396445" url="https://twitter.com/Centralpt/status/17259396445"><![CDATA[I&#39;m attending 2nd InterNations Get-Together in Valencia  - http://www.internations.org/events/view/8693]]></document>
		<document id="17324533780" url="https://twitter.com/Centralpt/status/17324533780"><![CDATA[I&#39;m attending 2nd InterNations Get-Together in Valencia  - http://www.internations.org/events/view/8693]]></document>
		<document id="17645630750" url="https://twitter.com/Centralpt/status/17645630750"><![CDATA[Wondering why people think that studying a second language is a luxury and not a necessity, especially nowadays that we all are European….]]></document>
		<document id="177001671040303105" url="https://twitter.com/Centralpt/status/177001671040303105"><![CDATA[¿Estas pensando en aprender ingles en Inglaterra? si es así ven a vernos, te organizamos todo para que vayas como... <a href="http://t.co/sXudKUtj" rel="nofollow noopener" dir="ltr" data-expanded-url="http://fb.me/1wzeIRQPg" class="twitter-timeline-link" target="_blank" title="http://fb.me/1wzeIRQPg" ><span class="tco-ellipsis"></span><span class="invisible">http://</span><span class="js-display-url">fb.me/1wzeIRQPg</span><span class="invisible"></span><span class="tco-ellipsis"><span class="invisible">&nbsp;</span></span></a>]]></document>
		<document id="18056142930" url="https://twitter.com/Centralpt/status/18056142930"><![CDATA[Fancy sailing in Denia this summer?? http://sailingoncondor.blogspot.com]]></document>
		<document id="18101722948" url="https://twitter.com/Centralpt/status/18101722948"><![CDATA[Fancy sailing in Denia (Spain) this summer?? Sail with us: http://sailingoncondor.blogspot.com]]></document>
		<document id="184365340136964096" url="https://twitter.com/Centralpt/status/184365340136964096"><![CDATA[¡¡¡Ya estamos justo frente al metro Torrent Avenguda!!! A partir de hoy estamos en un punto mas accesible para... <a href="http://t.co/AUvWT88F" rel="nofollow noopener" dir="ltr" data-expanded-url="http://fb.me/1aP8yR7k1" class="twitter-timeline-link" target="_blank" title="http://fb.me/1aP8yR7k1" ><span class="tco-ellipsis"></span><span class="invisible">http://</span><span class="js-display-url">fb.me/1aP8yR7k1</span><span class="invisible"></span><span class="tco-ellipsis"><span class="invisible">&nbsp;</span></span></a>]]></document>
		<document id="192584860181868545" url="https://twitter.com/Centralpt/status/192584860181868545"><![CDATA[Aun hay tiempo para apuntarse a Ingles o a clases de repaso si es lo que necesitas - Estamos justo al frente del... <a href="http://t.co/Kfnk5zGj" rel="nofollow noopener" dir="ltr" data-expanded-url="http://fb.me/1xQ6QLp7r" class="twitter-timeline-link" target="_blank" title="http://fb.me/1xQ6QLp7r" ><span class="tco-ellipsis"></span><span class="invisible">http://</span><span class="js-display-url">fb.me/1xQ6QLp7r</span><span class="invisible"></span><span class="tco-ellipsis"><span class="invisible">&nbsp;</span></span></a>]]></document>
		<document id="20013320690" url="https://twitter.com/Centralpt/status/20013320690"><![CDATA[SEPTIEMBRE - Curso Intensivo de Ingles Nivel 2 - En Torrent - de Lunes a Jueves de 1930 a 2130hs - 290€ - Informate: info@centralpoint.es]]></document>
		<document id="213231389745745920" url="https://twitter.com/Centralpt/status/213231389745745920"><![CDATA[<a href="/hashtag/Evento?src=hash" data-query-source="hashtag_click" class="twitter-hashtag pretty-link js-nav" dir="ltr" ><s>#</s><b>Evento</b></a> interesante en <a href="/hashtag/Torrent?src=hash" data-query-source="hashtag_click" class="twitter-hashtag pretty-link js-nav" dir="ltr" ><s>#</s><b>Torrent</b></a>: Ingles Intensivo Julio (66hs) o Septiembre (60hs)  en Torrent - <a href="http://t.co/7okbOMYy" rel="nofollow noopener" dir="ltr" data-expanded-url="http://xing.com/r/Z1NZS" class="twitter-timeline-link" target="_blank" title="http://xing.com/r/Z1NZS" ><span class="tco-ellipsis"></span><span class="invisible">http://</span><span class="js-display-url">xing.com/r/Z1NZS</span><span class="invisible"></span><span class="tco-ellipsis"><span class="invisible">&nbsp;</span></span></a> Aprovecha el ver...]]></document>
		<document id="213254149435961344" url="https://twitter.com/Centralpt/status/213254149435961344"><![CDATA[He publicado 6 fotos en Facebook en el álbum &quot;&quot;. <a href="http://t.co/KAbOO0iF" rel="nofollow noopener" dir="ltr" data-expanded-url="http://fb.me/1HAukj7ZS" class="twitter-timeline-link" target="_blank" title="http://fb.me/1HAukj7ZS" ><span class="tco-ellipsis"></span><span class="invisible">http://</span><span class="js-display-url">fb.me/1HAukj7ZS</span><span class="invisible"></span><span class="tco-ellipsis"><span class="invisible">&nbsp;</span></span></a>]]></document>
		<document id="213259516261842944" url="https://twitter.com/Centralpt/status/213259516261842944"><![CDATA[¿Necesitas aprender o mejorar tu Inglés?

Aprovecha el mes de Julio o Septiembre para hacer un curso Intensivo... <a href="http://t.co/bdpmstbp" rel="nofollow noopener" dir="ltr" data-expanded-url="http://fb.me/xKhuKZBH" class="twitter-timeline-link" target="_blank" title="http://fb.me/xKhuKZBH" ><span class="tco-ellipsis"></span><span class="invisible">http://</span><span class="js-display-url">fb.me/xKhuKZBH</span><span class="invisible"></span><span class="tco-ellipsis"><span class="invisible">&nbsp;</span></span></a>]]></document>
		<document id="21485877098" url="https://twitter.com/Centralpt/status/21485877098"><![CDATA[SEPTIEMBRE - Curso Intensivo de Ingles Nivel 2 - En Torrent - de Lunes a Jueves de 1930 a 2130hs - 290€ - Informate: info@centralpoint.]]></document>
		<document id="21663435167" url="https://twitter.com/Centralpt/status/21663435167"><![CDATA[Looking for a Native English Teacher, mondays to Friday 17 to 19hs - Classes in TORRENT. Please mail CV info@centralpoint.es]]></document>
		<document id="220836606171561986" url="https://twitter.com/Centralpt/status/220836606171561986"><![CDATA[Tenemos la visita de los Socios Europeos del Proyecto Leonardo y mucho trabajo! <a href="http://t.co/hpuTLgD5" rel="nofollow noopener" dir="ltr" data-expanded-url="http://www.correspond.eu" class="twitter-timeline-link" target="_blank" title="http://www.correspond.eu" ><span class="tco-ellipsis"></span><span class="invisible">http://www.</span><span class="js-display-url">correspond.eu</span><span class="invisible"></span><span class="tco-ellipsis"><span class="invisible">&nbsp;</span></span></a>]]></document>
		<document id="222665699959640064" url="https://twitter.com/Centralpt/status/222665699959640064"><![CDATA[Valencia Community: First a Building Spree, Now the Ax Is Falling - Pittsburgh Post-Gazette <a href="http://t.co/RLORmgu1" rel="nofollow noopener" dir="ltr" data-expanded-url="http://www.post-gazette.com/stories/news/world/first-a-building-spree-now-the-ax-is-falling-643970/" class="twitter-timeline-link" target="_blank" title="http://www.post-gazette.com/stories/news/world/first-a-building-spree-now-the-ax-is-falling-643970/" ><span class="tco-ellipsis"></span><span class="invisible">http://www.</span><span class="js-display-url">post-gazette.com/stories/news/w</span><span class="invisible">orld/first-a-building-spree-now-the-ax-is-falling-643970/</span><span class="tco-ellipsis"><span class="invisible">&nbsp;</span>…</span></a> via <a href="/PittsburghPG" class="twitter-atreply pretty-link js-nav" dir="ltr" data-mentioned-user-id="21780652" ><s>@</s><b>pittsburghpg</b></a>]]></document>
		<document id="223699066712887298" url="https://twitter.com/Centralpt/status/223699066712887298"><![CDATA[Los 4 grupos de ingles intensivo están trabajando y aprendiendo muy bien!! Vamos chicos que solo falta medio mes y ya termináis!!!]]></document>
		<document id="238221140915539968" url="https://twitter.com/Centralpt/status/238221140915539968"><![CDATA[He publicado una foto nueva en Facebook <a href="http://t.co/F3DbEKgO" rel="nofollow noopener" dir="ltr" data-expanded-url="http://fb.me/KSvgapzo" class="twitter-timeline-link" target="_blank" title="http://fb.me/KSvgapzo" ><span class="tco-ellipsis"></span><span class="invisible">http://</span><span class="js-display-url">fb.me/KSvgapzo</span><span class="invisible"></span><span class="tco-ellipsis"><span class="invisible">&nbsp;</span></span></a>]]></document>
		<document id="243652989649309696" url="https://twitter.com/Centralpt/status/243652989649309696"><![CDATA[Las clases ya han empezado esta semana, no dejes para mas tarde el apuntarte que los grupos son reducidos!]]></document>
		<document id="243665978955808768" url="https://twitter.com/Centralpt/status/243665978955808768"><![CDATA[Las clases de Ingles ya han empezado esta semana, no dejes para mas tarde el apuntarte que los grupos son reducidos!]]></document>
		<document id="245127601176338432" url="https://twitter.com/Centralpt/status/245127601176338432"><![CDATA[El 17 comenzamos las clases de los niños y jóvenes. No olvidéis que los niños de 3 años vienen gratis!]]></document>
		<document id="245558433481383937" url="https://twitter.com/Centralpt/status/245558433481383937"><![CDATA[¿Qué es el Método Callan?
Tu método para aprender inglés en tres pasos

1.º Escucha y habla

2.º Repasa y... <a href="http://t.co/M2pnu7yS" rel="nofollow noopener" dir="ltr" data-expanded-url="http://fb.me/2msviFCQa" class="twitter-timeline-link" target="_blank" title="http://fb.me/2msviFCQa" ><span class="tco-ellipsis"></span><span class="invisible">http://</span><span class="js-display-url">fb.me/2msviFCQa</span><span class="invisible"></span><span class="tco-ellipsis"><span class="invisible">&nbsp;</span></span></a>]]></document>
		<document id="245578219334557696" url="https://twitter.com/Centralpt/status/245578219334557696"><![CDATA[CALLAN METHOD <a href="http://t.co/JJN6M13S" rel="nofollow noopener" dir="ltr" data-expanded-url="http://fb.me/1RCoerNov" class="twitter-timeline-link" target="_blank" title="http://fb.me/1RCoerNov" ><span class="tco-ellipsis"></span><span class="invisible">http://</span><span class="js-display-url">fb.me/1RCoerNov</span><span class="invisible"></span><span class="tco-ellipsis"><span class="invisible">&nbsp;</span></span></a>]]></document>
		<document id="245578440101748737" url="https://twitter.com/Centralpt/status/245578440101748737"><![CDATA[Opinon de un alumno Español estudiando ingles con el Metodo Callan en Londres<a href="http://t.co/DEUcTmu5" rel="nofollow noopener" dir="ltr" data-expanded-url="http://fb.me/20qBnB1Cm" class="twitter-timeline-link u-hidden" target="_blank" title="http://fb.me/20qBnB1Cm" ><span class="tco-ellipsis"></span><span class="invisible">http://</span><span class="js-display-url">fb.me/20qBnB1Cm</span><span class="invisible"></span><span class="tco-ellipsis"><span class="invisible">&nbsp;</span></span></a>]]></document>
		<document id="245830926586753024" url="https://twitter.com/Centralpt/status/245830926586753024"><![CDATA[¿Necesitas prepararte para el B1 (PET)? Las clases son los martes y jueves de 19.30 a 20.30. Podrás dar el examen...<a href="http://t.co/gcnQthmQ" rel="nofollow noopener" dir="ltr" data-expanded-url="http://fb.me/25jefMTFD" class="twitter-timeline-link u-hidden" target="_blank" title="http://fb.me/25jefMTFD" ><span class="tco-ellipsis"></span><span class="invisible">http://</span><span class="js-display-url">fb.me/25jefMTFD</span><span class="invisible"></span><span class="tco-ellipsis"><span class="invisible">&nbsp;</span></span></a>]]></document>
		<document id="24644628756" url="https://twitter.com/Centralpt/status/24644628756"><![CDATA[Aprenda ingles con el mejor Metodo Directo - Callan, para clases informate 961097667 - www.centralpoint.es]]></document>
		<document id="248841423657525251" url="https://twitter.com/Centralpt/status/248841423657525251"><![CDATA[Central Point Academia <a href="http://t.co/R51mReNt" rel="nofollow noopener" dir="ltr" data-expanded-url="http://www.vulka.es/empresa/central-point-academia_1462060.html" class="twitter-timeline-link" target="_blank" title="http://www.vulka.es/empresa/central-point-academia_1462060.html" ><span class="tco-ellipsis"></span><span class="invisible">http://www.</span><span class="js-display-url">vulka.es/empresa/centra</span><span class="invisible">l-point-academia_1462060.html</span><span class="tco-ellipsis"><span class="invisible">&nbsp;</span>…</span></a>]]></document>
		<document id="248843713202237440" url="https://twitter.com/Centralpt/status/248843713202237440"><![CDATA[Marcela Mattenet: &quot;En la mayoría de los colegios enseñan spanglish, no inglés&quot; <a href="http://t.co/sZpOvqIf" rel="nofollow noopener" dir="ltr" data-expanded-url="http://fb.me/XAdHVRFa" class="twitter-timeline-link" target="_blank" title="http://fb.me/XAdHVRFa" ><span class="tco-ellipsis"></span><span class="invisible">http://</span><span class="js-display-url">fb.me/XAdHVRFa</span><span class="invisible"></span><span class="tco-ellipsis"><span class="invisible">&nbsp;</span></span></a>]]></document>
		<document id="250602021630115841" url="https://twitter.com/Centralpt/status/250602021630115841"><![CDATA[Para los que nos han preguntado sobre los grupos de conversación en Ingles: 
- Comienza en Octubre 
- gratuito... <a href="http://t.co/B5pQ2W6z" rel="nofollow noopener" dir="ltr" data-expanded-url="http://fb.me/13exezO4U" class="twitter-timeline-link" target="_blank" title="http://fb.me/13exezO4U" ><span class="tco-ellipsis"></span><span class="invisible">http://</span><span class="js-display-url">fb.me/13exezO4U</span><span class="invisible"></span><span class="tco-ellipsis"><span class="invisible">&nbsp;</span></span></a>]]></document>
		<document id="253203502774505472" url="https://twitter.com/Centralpt/status/253203502774505472"><![CDATA[¿Estas buscando clases de Aleman, Frances u otros idiomas? Llámanos que te informamos de nuestros cursos.]]></document>
		<document id="268641751126904832" url="https://twitter.com/Centralpt/status/268641751126904832"><![CDATA[L´HORTA SUD . L´Horta : La Academia de inglés ‘Central Point’, una realidad gracias al asesoramiento<a href="http://t.co/5Tjoo20r" rel="nofollow noopener" dir="ltr" data-expanded-url="http://fb.me/Mfw7n5cQ" class="twitter-timeline-link u-hidden" target="_blank" title="http://fb.me/Mfw7n5cQ" ><span class="tco-ellipsis"></span><span class="invisible">http://</span><span class="js-display-url">fb.me/Mfw7n5cQ</span><span class="invisible"></span><span class="tco-ellipsis"><span class="invisible">&nbsp;</span></span></a>]]></document>
		<document id="268642098071367681" url="https://twitter.com/Centralpt/status/268642098071367681"><![CDATA[La Academia de inglés ‘Central Point’, una realidad gracias al asesoramiento prestado por la Mancomu<a href="http://t.co/r6GWZkDo" rel="nofollow noopener" dir="ltr" data-expanded-url="http://fb.me/1IE7zxTpX" class="twitter-timeline-link u-hidden" target="_blank" title="http://fb.me/1IE7zxTpX" ><span class="tco-ellipsis"></span><span class="invisible">http://</span><span class="js-display-url">fb.me/1IE7zxTpX</span><span class="invisible"></span><span class="tco-ellipsis"><span class="invisible">&nbsp;</span></span></a>]]></document>
		<document id="281100243561484288" url="https://twitter.com/Centralpt/status/281100243561484288"><![CDATA[Resolucion de año nuevo..&quot;Sacarme el B1&quot; <a href="http://t.co/ZjvbcWrv" rel="nofollow noopener" dir="ltr" data-expanded-url="http://fb.me/vljF9X2X" class="twitter-timeline-link" target="_blank" title="http://fb.me/vljF9X2X" ><span class="tco-ellipsis"></span><span class="invisible">http://</span><span class="js-display-url">fb.me/vljF9X2X</span><span class="invisible"></span><span class="tco-ellipsis"><span class="invisible">&nbsp;</span></span></a>]]></document>
		<document id="285103102984613888" url="https://twitter.com/Centralpt/status/285103102984613888"><![CDATA[Si estas pensando en estudiar o trabajar en Inglaterra esto es para ti! <a href="http://t.co/E9VEmpyi" rel="nofollow noopener" dir="ltr" data-expanded-url="http://fb.me/2s9vTLFNO" class="twitter-timeline-link" target="_blank" title="http://fb.me/2s9vTLFNO" ><span class="tco-ellipsis"></span><span class="invisible">http://</span><span class="js-display-url">fb.me/2s9vTLFNO</span><span class="invisible"></span><span class="tco-ellipsis"><span class="invisible">&nbsp;</span></span></a>]]></document>
		<document id="286874341503811584" url="https://twitter.com/Centralpt/status/286874341503811584"><![CDATA[Decite a sacar el B1, nosotros te ayudamos a prepararlo con un curso intesivo de 1 mes. Comienza todos los meses. Informate: 96 109767]]></document>
		<document id="287173877757521922" url="https://twitter.com/Centralpt/status/287173877757521922"><![CDATA[Si tu resolucion de año nuevo es sacarte el B1...no te lo piences mas y aprovecha nuestros cursos intensivos... <a href="http://t.co/BIR8Kxeh" rel="nofollow noopener" dir="ltr" data-expanded-url="http://fb.me/1ua5xrAyP" class="twitter-timeline-link" target="_blank" title="http://fb.me/1ua5xrAyP" ><span class="tco-ellipsis"></span><span class="invisible">http://</span><span class="js-display-url">fb.me/1ua5xrAyP</span><span class="invisible"></span><span class="tco-ellipsis"><span class="invisible">&nbsp;</span></span></a>]]></document>
		<document id="288019612174524416" url="https://twitter.com/Centralpt/status/288019612174524416"><![CDATA[Preparate para sacar el B1 <a href="http://t.co/wO8PPL1l" rel="nofollow noopener" dir="ltr" data-expanded-url="http://fb.me/1UjUfAiNc" class="twitter-timeline-link" target="_blank" title="http://fb.me/1UjUfAiNc" ><span class="tco-ellipsis"></span><span class="invisible">http://</span><span class="js-display-url">fb.me/1UjUfAiNc</span><span class="invisible"></span><span class="tco-ellipsis"><span class="invisible">&nbsp;</span></span></a>]]></document>
		<document id="291559113392013313" url="https://twitter.com/Centralpt/status/291559113392013313"><![CDATA[La crisis y el paro apremian a los españoles a estudiar por fin inglés<a href="http://t.co/Gt4tNVeD" rel="nofollow noopener" dir="ltr" data-expanded-url="http://fb.me/tMtf8eVc" class="twitter-timeline-link u-hidden" target="_blank" title="http://fb.me/tMtf8eVc" ><span class="tco-ellipsis"></span><span class="invisible">http://</span><span class="js-display-url">fb.me/tMtf8eVc</span><span class="invisible"></span><span class="tco-ellipsis"><span class="invisible">&nbsp;</span></span></a>]]></document>
		<document id="291906086263480320" url="https://twitter.com/Centralpt/status/291906086263480320"><![CDATA[Y me pregunto...¿que dicen las estadisticas sobre la Comunidad Valenciana?<a href="http://t.co/iJLX2mqA" rel="nofollow noopener" dir="ltr" data-expanded-url="http://fb.me/28ah6GTCF" class="twitter-timeline-link u-hidden" target="_blank" title="http://fb.me/28ah6GTCF" ><span class="tco-ellipsis"></span><span class="invisible">http://</span><span class="js-display-url">fb.me/28ah6GTCF</span><span class="invisible"></span><span class="tco-ellipsis"><span class="invisible">&nbsp;</span></span></a>]]></document>
		<document id="294078879549771776" url="https://twitter.com/Centralpt/status/294078879549771776"><![CDATA[Ofrecemos la oportunidad de hacer este curso de E-Learning GRATUITO a aquellas empresas de Torrent que quieren... <a href="http://t.co/J7bGgioV" rel="nofollow noopener" dir="ltr" data-expanded-url="http://fb.me/1wPeI9Uv1" class="twitter-timeline-link" target="_blank" title="http://fb.me/1wPeI9Uv1" ><span class="tco-ellipsis"></span><span class="invisible">http://</span><span class="js-display-url">fb.me/1wPeI9Uv1</span><span class="invisible"></span><span class="tco-ellipsis"><span class="invisible">&nbsp;</span></span></a>]]></document>
		<document id="294087668889944065" url="https://twitter.com/Centralpt/status/294087668889944065"><![CDATA[Ofrecemos la oportunidad de hacer este curso de E-Learning GRATUITO a aquellas empresas que quieren vender sus... <a href="http://t.co/0gaxKMvd" rel="nofollow noopener" dir="ltr" data-expanded-url="http://fb.me/1R051KxiU" class="twitter-timeline-link" target="_blank" title="http://fb.me/1R051KxiU" ><span class="tco-ellipsis"></span><span class="invisible">http://</span><span class="js-display-url">fb.me/1R051KxiU</span><span class="invisible"></span><span class="tco-ellipsis"><span class="invisible">&nbsp;</span></span></a>]]></document>
		<document id="295963141433597952" url="https://twitter.com/Centralpt/status/295963141433597952"><![CDATA[¡Importantísimo el aprendizaje de idiomas!<a href="http://t.co/RMtQScD7" rel="nofollow noopener" dir="ltr" data-expanded-url="http://fb.me/1v6pZRYgz" class="twitter-timeline-link u-hidden" target="_blank" title="http://fb.me/1v6pZRYgz" ><span class="tco-ellipsis"></span><span class="invisible">http://</span><span class="js-display-url">fb.me/1v6pZRYgz</span><span class="invisible"></span><span class="tco-ellipsis"><span class="invisible">&nbsp;</span></span></a>]]></document>
		<document id="296744068103426048" url="https://twitter.com/Centralpt/status/296744068103426048"><![CDATA[Ya son 16 las personas apuntadas! <a href="http://t.co/H5HMPY47" rel="nofollow noopener" dir="ltr" data-expanded-url="http://fb.me/VRsGC1TF" class="twitter-timeline-link" target="_blank" title="http://fb.me/VRsGC1TF" ><span class="tco-ellipsis"></span><span class="invisible">http://</span><span class="js-display-url">fb.me/VRsGC1TF</span><span class="invisible"></span><span class="tco-ellipsis"><span class="invisible">&nbsp;</span></span></a>]]></document>
		<document id="298147613570637824" url="https://twitter.com/Centralpt/status/298147613570637824"><![CDATA[<a href="http://t.co/IqMkABrJ" rel="nofollow noopener" dir="ltr" data-expanded-url="http://www.laguiadetorrent.com/la-gu%C3%ADa/oportunidades/140-central-point/160-preparaci%C3%B3n-para-el-examen-b1" class="twitter-timeline-link" target="_blank" title="http://www.laguiadetorrent.com/la-gu%C3%ADa/oportunidades/140-central-point/160-preparaci%C3%B3n-para-el-examen-b1" ><span class="tco-ellipsis"></span><span class="invisible">http://www.</span><span class="js-display-url">laguiadetorrent.com/la-gu%C3%ADa/o</span><span class="invisible">portunidades/140-central-point/160-preparaci%C3%B3n-para-el-examen-b1</span><span class="tco-ellipsis"><span class="invisible">&nbsp;</span>…</span></a>]]></document>
		<document id="298174277339979776" url="https://twitter.com/Centralpt/status/298174277339979776"><![CDATA[¿Estas pensando en estudiar y trabajar en el Reino Unido? <a href="http://t.co/cZbexPmX" rel="nofollow noopener" dir="ltr" data-expanded-url="http://fb.me/1vIBpAvL0" class="twitter-timeline-link" target="_blank" title="http://fb.me/1vIBpAvL0" ><span class="tco-ellipsis"></span><span class="invisible">http://</span><span class="js-display-url">fb.me/1vIBpAvL0</span><span class="invisible"></span><span class="tco-ellipsis"><span class="invisible">&nbsp;</span></span></a>]]></document>
		<document id="298179253277696002" url="https://twitter.com/Centralpt/status/298179253277696002"><![CDATA[¿Estas pensando en estudiar y trabajar en el Reino Unido? <a href="http://t.co/eBeb0psV" rel="nofollow noopener" dir="ltr" data-expanded-url="http://fb.me/2edQGTaFA" class="twitter-timeline-link" target="_blank" title="http://fb.me/2edQGTaFA" ><span class="tco-ellipsis"></span><span class="invisible">http://</span><span class="js-display-url">fb.me/2edQGTaFA</span><span class="invisible"></span><span class="tco-ellipsis"><span class="invisible">&nbsp;</span></span></a>]]></document>
		<document id="29920051083608064" url="https://twitter.com/Centralpt/status/29920051083608064"><![CDATA[La cuesta de enero se parece a la subida al himalaya!!]]></document>
		<document id="302119320018894848" url="https://twitter.com/Centralpt/status/302119320018894848"><![CDATA[¡¡COMENZAMOS EL MIRCOLES!! <a href="http://t.co/SiTKy5hZ" rel="nofollow noopener" dir="ltr" data-expanded-url="http://fb.me/2uVYpmdPC" class="twitter-timeline-link" target="_blank" title="http://fb.me/2uVYpmdPC" ><span class="tco-ellipsis"></span><span class="invisible">http://</span><span class="js-display-url">fb.me/2uVYpmdPC</span><span class="invisible"></span><span class="tco-ellipsis"><span class="invisible">&nbsp;</span></span></a>]]></document>
		<document id="305430936365965312" url="https://twitter.com/Centralpt/status/305430936365965312"><![CDATA[<a href="http://t.co/95TULTy9UT" rel="nofollow noopener" dir="ltr" data-expanded-url="http://fb.me/2acfPg3Yw" class="twitter-timeline-link" target="_blank" title="http://fb.me/2acfPg3Yw" ><span class="tco-ellipsis"></span><span class="invisible">http://</span><span class="js-display-url">fb.me/2acfPg3Yw</span><span class="invisible"></span><span class="tco-ellipsis"><span class="invisible">&nbsp;</span></span></a>]]></document>
		<document id="306092006088773632" url="https://twitter.com/Centralpt/status/306092006088773632"><![CDATA[Estamos preparando para el sabado los juegos y actividades en Ingles <a href="http://t.co/KGRsEGbNHy" rel="nofollow noopener" dir="ltr" data-expanded-url="http://fb.me/2cEtT9aDm" class="twitter-timeline-link" target="_blank" title="http://fb.me/2cEtT9aDm" ><span class="tco-ellipsis"></span><span class="invisible">http://</span><span class="js-display-url">fb.me/2cEtT9aDm</span><span class="invisible"></span><span class="tco-ellipsis"><span class="invisible">&nbsp;</span></span></a>]]></document>
		<document id="308891852717826048" url="https://twitter.com/Centralpt/status/308891852717826048"><![CDATA[Via <a href="/nprnews" class="twitter-atreply pretty-link js-nav" dir="ltr" data-mentioned-user-id="3386439610" ><s>@</s><b>nprnews</b></a>: Speaking More Than One Language Could Prevent Alzheimer&#39;s <a href="http://t.co/iWi9r4wSwR" rel="nofollow noopener" dir="ltr" data-expanded-url="http://n.pr/10iY1dd" class="twitter-timeline-link" target="_blank" title="http://n.pr/10iY1dd" ><span class="tco-ellipsis"></span><span class="invisible">http://</span><span class="js-display-url">n.pr/10iY1dd</span><span class="invisible"></span><span class="tco-ellipsis"><span class="invisible">&nbsp;</span></span></a>]]></document>
		<document id="31336692442992640" url="https://twitter.com/Centralpt/status/31336692442992640"><![CDATA[Que nos pasa que no miramos al mercado exterior como posiblidad de expandir nuestros negocios? No sera por no hablar ingles????]]></document>
		<document id="316627434504069121" url="https://twitter.com/Centralpt/status/316627434504069121"><![CDATA[He publicado una foto nueva en Facebook <a href="http://t.co/vuXts0YXcs" rel="nofollow noopener" dir="ltr" data-expanded-url="http://fb.me/2jIQBLWBv" class="twitter-timeline-link" target="_blank" title="http://fb.me/2jIQBLWBv" ><span class="tco-ellipsis"></span><span class="invisible">http://</span><span class="js-display-url">fb.me/2jIQBLWBv</span><span class="invisible"></span><span class="tco-ellipsis"><span class="invisible">&nbsp;</span></span></a>]]></document>
		<document id="320154464201875456" url="https://twitter.com/Centralpt/status/320154464201875456"><![CDATA[He publicado una foto nueva en Facebook <a href="http://t.co/M1daTWGMrm" rel="nofollow noopener" dir="ltr" data-expanded-url="http://fb.me/OM61C5VU" class="twitter-timeline-link" target="_blank" title="http://fb.me/OM61C5VU" ><span class="tco-ellipsis"></span><span class="invisible">http://</span><span class="js-display-url">fb.me/OM61C5VU</span><span class="invisible"></span><span class="tco-ellipsis"><span class="invisible">&nbsp;</span></span></a>]]></document>
		<document id="320821135333801984" url="https://twitter.com/Centralpt/status/320821135333801984"><![CDATA[<a href="http://t.co/Xydel73jaE" rel="nofollow noopener" dir="ltr" data-expanded-url="http://www.vlcnews.es/secciones/opinion" class="twitter-timeline-link" target="_blank" title="http://www.vlcnews.es/secciones/opinion" ><span class="tco-ellipsis"></span><span class="invisible">http://www.</span><span class="js-display-url">vlcnews.es/secciones/opin</span><span class="invisible">ion</span><span class="tco-ellipsis"><span class="invisible">&nbsp;</span>…</span></a>]]></document>
		<document id="328892388103835648" url="https://twitter.com/Centralpt/status/328892388103835648"><![CDATA[He publicado una foto nueva en Facebook <a href="http://t.co/SeUEdpkJxF" rel="nofollow noopener" dir="ltr" data-expanded-url="http://fb.me/RY3Iw8aD" class="twitter-timeline-link" target="_blank" title="http://fb.me/RY3Iw8aD" ><span class="tco-ellipsis"></span><span class="invisible">http://</span><span class="js-display-url">fb.me/RY3Iw8aD</span><span class="invisible"></span><span class="tco-ellipsis"><span class="invisible">&nbsp;</span></span></a>]]></document>
		<document id="329267008980008960" url="https://twitter.com/Centralpt/status/329267008980008960"><![CDATA[He publicado una foto nueva en Facebook <a href="http://t.co/Zv66QR3BRF" rel="nofollow noopener" dir="ltr" data-expanded-url="http://fb.me/210kA9Tl2" class="twitter-timeline-link" target="_blank" title="http://fb.me/210kA9Tl2" ><span class="tco-ellipsis"></span><span class="invisible">http://</span><span class="js-display-url">fb.me/210kA9Tl2</span><span class="invisible"></span><span class="tco-ellipsis"><span class="invisible">&nbsp;</span></span></a>]]></document>
		<document id="330439863906226176" url="https://twitter.com/Centralpt/status/330439863906226176"><![CDATA[<a href="http://t.co/ZzEAnfutWG" rel="nofollow noopener" dir="ltr" data-expanded-url="http://fb.me/BtHF0NrW" class="twitter-timeline-link" target="_blank" title="http://fb.me/BtHF0NrW" ><span class="tco-ellipsis"></span><span class="invisible">http://</span><span class="js-display-url">fb.me/BtHF0NrW</span><span class="invisible"></span><span class="tco-ellipsis"><span class="invisible">&nbsp;</span></span></a>]]></document>
		<document id="332064339790004225" url="https://twitter.com/Centralpt/status/332064339790004225"><![CDATA[No pierdas la oportunidad de sacarte el B1!!  Las clases empiezan mañana jueves...apuntate. <a href="http://t.co/EMLWktxhPl" rel="nofollow noopener" dir="ltr" data-expanded-url="http://fb.me/2ffbWDpBK" class="twitter-timeline-link" target="_blank" title="http://fb.me/2ffbWDpBK" ><span class="tco-ellipsis"></span><span class="invisible">http://</span><span class="js-display-url">fb.me/2ffbWDpBK</span><span class="invisible"></span><span class="tco-ellipsis"><span class="invisible">&nbsp;</span></span></a>]]></document>
		<document id="332135628529614850" url="https://twitter.com/Centralpt/status/332135628529614850"><![CDATA[Find out what will stop the next Bangladesh factory collapse - and how <a href="/hm" class="twitter-atreply pretty-link js-nav" dir="ltr" data-mentioned-user-id="14399483" ><s>@</s><b>hm</b></a> &amp; <a href="/Gap" class="twitter-atreply pretty-link js-nav" dir="ltr" data-mentioned-user-id="18462157" ><s>@</s><b>gap</b></a> can make it happen<a href="https://t.co/7jTfVe6lFm" rel="nofollow noopener" dir="ltr" data-expanded-url="https://secure.avaaz.org/en/crushed_to_make_our_clothes_pop/?wrieHab" class="twitter-timeline-link u-hidden" target="_blank" title="https://secure.avaaz.org/en/crushed_to_make_our_clothes_pop/?wrieHab" ><span class="tco-ellipsis"></span><span class="invisible">https://</span><span class="js-display-url">secure.avaaz.org/en/crushed_to_</span><span class="invisible">make_our_clothes_pop/?wrieHab</span><span class="tco-ellipsis"><span class="invisible">&nbsp;</span>…</span></a>]]></document>
		<document id="337595634175598593" url="https://twitter.com/Centralpt/status/337595634175598593"><![CDATA[En respuesta a las nuevas directrices de FACEBOOK: por la presente declaro que mis derechos de autor son todos... <a href="http://t.co/pFkOKtBsb0" rel="nofollow noopener" dir="ltr" data-expanded-url="http://fb.me/24YzvyvAD" class="twitter-timeline-link" target="_blank" title="http://fb.me/24YzvyvAD" ><span class="tco-ellipsis"></span><span class="invisible">http://</span><span class="js-display-url">fb.me/24YzvyvAD</span><span class="invisible"></span><span class="tco-ellipsis"><span class="invisible">&nbsp;</span></span></a>]]></document>
		<document id="342693219324280832" url="https://twitter.com/Centralpt/status/342693219324280832"><![CDATA[Si tu Ingles sigue sin mejorar..... no te lo pienses mas y aprovecha nuestros intensivos de verano! <a href="http://t.co/LYPbd0T2vq" rel="nofollow noopener" dir="ltr" data-expanded-url="http://fb.me/19GAr6uNN" class="twitter-timeline-link" target="_blank" title="http://fb.me/19GAr6uNN" ><span class="tco-ellipsis"></span><span class="invisible">http://</span><span class="js-display-url">fb.me/19GAr6uNN</span><span class="invisible"></span><span class="tco-ellipsis"><span class="invisible">&nbsp;</span></span></a>]]></document>
		<document id="345535191672037377" url="https://twitter.com/Centralpt/status/345535191672037377"><![CDATA[The Islamic future of Britain - The Commentator: <a href="http://t.co/DxX99RGAPr" rel="nofollow noopener" dir="ltr" data-expanded-url="http://www.thecommentator.com/article/3770/the_islamic_future_of_britain#.UbscNhFtb_4.twitter" class="twitter-timeline-link" target="_blank" title="http://www.thecommentator.com/article/3770/the_islamic_future_of_britain#.UbscNhFtb_4.twitter" ><span class="tco-ellipsis"></span><span class="invisible">http://www.</span><span class="js-display-url">thecommentator.com/article/3770/t</span><span class="invisible">he_islamic_future_of_britain#.UbscNhFtb_4.twitter</span><span class="tco-ellipsis"><span class="invisible">&nbsp;</span>…</span></a> via <a href="/TheCommentator" class="twitter-atreply pretty-link js-nav" dir="ltr" data-mentioned-user-id="236810139" ><s>@</s><b>TheCommentator</b></a>]]></document>
		<document id="351428985470713856" url="https://twitter.com/Centralpt/status/351428985470713856"><![CDATA[Comienzan esta semana!!! <a href="http://t.co/WRgCpyjrxo" rel="nofollow noopener" dir="ltr" data-expanded-url="http://fb.me/DuJvBf5X" class="twitter-timeline-link" target="_blank" title="http://fb.me/DuJvBf5X" ><span class="tco-ellipsis"></span><span class="invisible">http://</span><span class="js-display-url">fb.me/DuJvBf5X</span><span class="invisible"></span><span class="tco-ellipsis"><span class="invisible">&nbsp;</span></span></a>]]></document>
		<document id="372366843173797889" url="https://twitter.com/Centralpt/status/372366843173797889"><![CDATA[Hola a tod@s ! Ya casi llega Septiembre..es tiempo de nuevo retos ! ¿te apuntas para aprender o perfeccionar tu inglès?]]></document>
		<document id="372786062441320448" url="https://twitter.com/Centralpt/status/372786062441320448"><![CDATA[Podemos crear un futuro muy favorable para nuestro País: proporcionando a nuestros hijos las mejores formaciones... <a href="http://t.co/hW0dP8W4eW" rel="nofollow noopener" dir="ltr" data-expanded-url="http://fb.me/6kkEKU48b" class="twitter-timeline-link" target="_blank" title="http://fb.me/6kkEKU48b" ><span class="tco-ellipsis"></span><span class="invisible">http://</span><span class="js-display-url">fb.me/6kkEKU48b</span><span class="invisible"></span><span class="tco-ellipsis"><span class="invisible">&nbsp;</span></span></a>]]></document>
		<document id="373918133431451648" url="https://twitter.com/Centralpt/status/373918133431451648"><![CDATA[<a href="http://t.co/Cg678yjfl9" rel="nofollow noopener" dir="ltr" data-expanded-url="http://fb.me/1CGhYrVeD" class="twitter-timeline-link" target="_blank" title="http://fb.me/1CGhYrVeD" ><span class="tco-ellipsis"></span><span class="invisible">http://</span><span class="js-display-url">fb.me/1CGhYrVeD</span><span class="invisible"></span><span class="tco-ellipsis"><span class="invisible">&nbsp;</span></span></a>]]></document>
		<document id="374948798055084032" url="https://twitter.com/Centralpt/status/374948798055084032"><![CDATA[¿Tienes todo listo ya para la vuelta al cole? y , ¿el apoyo escolar? Pregunta a Central Point como puedes ayudar a... <a href="http://t.co/WaL8EWsifC" rel="nofollow noopener" dir="ltr" data-expanded-url="http://fb.me/Sn1FyCbY" class="twitter-timeline-link" target="_blank" title="http://fb.me/Sn1FyCbY" ><span class="tco-ellipsis"></span><span class="invisible">http://</span><span class="js-display-url">fb.me/Sn1FyCbY</span><span class="invisible"></span><span class="tco-ellipsis"><span class="invisible">&nbsp;</span></span></a>]]></document>
		<document id="379672050459484160" url="https://twitter.com/Centralpt/status/379672050459484160"><![CDATA[¿Buscas clases de Aleman? ya tenemos nivel 1 &amp; 2. Informate 961097667]]></document>
		<document id="379719053411356672" url="https://twitter.com/Centralpt/status/379719053411356672"><![CDATA[En este folleto puedes consultar las primeras informaciones para el apoyo escolar. Después de leerlo llama... <a href="http://t.co/EIfyJRcMc1" rel="nofollow noopener" dir="ltr" data-expanded-url="http://fb.me/2DjS5BaaH" class="twitter-timeline-link" target="_blank" title="http://fb.me/2DjS5BaaH" ><span class="tco-ellipsis"></span><span class="invisible">http://</span><span class="js-display-url">fb.me/2DjS5BaaH</span><span class="invisible"></span><span class="tco-ellipsis"><span class="invisible">&nbsp;</span></span></a>]]></document>
		<document id="379719700164640768" url="https://twitter.com/Centralpt/status/379719700164640768"><![CDATA[Y aquí más informaciones prácticas para cada objetivo pedagógico . Ven a comentarnos tus objetivos y te guiaremos... <a href="http://t.co/ghEQGEpKzs" rel="nofollow noopener" dir="ltr" data-expanded-url="http://fb.me/L5ahUj7o" class="twitter-timeline-link" target="_blank" title="http://fb.me/L5ahUj7o" ><span class="tco-ellipsis"></span><span class="invisible">http://</span><span class="js-display-url">fb.me/L5ahUj7o</span><span class="invisible"></span><span class="tco-ellipsis"><span class="invisible">&nbsp;</span></span></a>]]></document>
		<document id="379955847658766336" url="https://twitter.com/Centralpt/status/379955847658766336"><![CDATA[¿sabías que en Central Point puedes también aprender o perfeccionar el francés? Es decir la 2ª lengua más... <a href="http://t.co/ZoJRAfPLGT" rel="nofollow noopener" dir="ltr" data-expanded-url="http://fb.me/XHt6J1po" class="twitter-timeline-link" target="_blank" title="http://fb.me/XHt6J1po" ><span class="tco-ellipsis"></span><span class="invisible">http://</span><span class="js-display-url">fb.me/XHt6J1po</span><span class="invisible"></span><span class="tco-ellipsis"><span class="invisible">&nbsp;</span></span></a>]]></document>
		<document id="381718465544867841" url="https://twitter.com/Centralpt/status/381718465544867841"><![CDATA[¡Aprende, piensa y habla Inglés de forma rápida y divertida con el Método Callan! ***Aprendizaje garantizado**** <a href="http://t.co/5oi6ofMBQ2" rel="nofollow noopener" dir="ltr" data-expanded-url="http://fb.me/374GrBdHO" class="twitter-timeline-link" target="_blank" title="http://fb.me/374GrBdHO" ><span class="tco-ellipsis"></span><span class="invisible">http://</span><span class="js-display-url">fb.me/374GrBdHO</span><span class="invisible"></span><span class="tco-ellipsis"><span class="invisible">&nbsp;</span></span></a>]]></document>
		<document id="382844431541350400" url="https://twitter.com/Centralpt/status/382844431541350400"><![CDATA[No te olvides que estamos abiertos de 10 a 14 y 16 a 20 hs para darte toda la informacion que necesites sobre... <a href="http://t.co/Gu6J5prhlR" rel="nofollow noopener" dir="ltr" data-expanded-url="http://fb.me/142evNBUI" class="twitter-timeline-link" target="_blank" title="http://fb.me/142evNBUI" ><span class="tco-ellipsis"></span><span class="invisible">http://</span><span class="js-display-url">fb.me/142evNBUI</span><span class="invisible"></span><span class="tco-ellipsis"><span class="invisible">&nbsp;</span></span></a>]]></document>
		<document id="383572733654999040" url="https://twitter.com/Centralpt/status/383572733654999040"><![CDATA[¿Sabes qué es el método Callan?  Este método es prácticamente oral, con preguntas y respuestas guiadas que se van... <a href="http://t.co/6P20QJGxYa" rel="nofollow noopener" dir="ltr" data-expanded-url="http://fb.me/MjyQuYWR" class="twitter-timeline-link" target="_blank" title="http://fb.me/MjyQuYWR" ><span class="tco-ellipsis"></span><span class="invisible">http://</span><span class="js-display-url">fb.me/MjyQuYWR</span><span class="invisible"></span><span class="tco-ellipsis"><span class="invisible">&nbsp;</span></span></a>]]></document>
		<document id="383974020841869312" url="https://twitter.com/Centralpt/status/383974020841869312"><![CDATA[Como parte de un proyecto de formacion Leonardo da Vinci de la Union Europea, Central Point junto a sus socios de... <a href="http://t.co/ZTXtebxzqK" rel="nofollow noopener" dir="ltr" data-expanded-url="http://fb.me/UImZnyM7" class="twitter-timeline-link" target="_blank" title="http://fb.me/UImZnyM7" ><span class="tco-ellipsis"></span><span class="invisible">http://</span><span class="js-display-url">fb.me/UImZnyM7</span><span class="invisible"></span><span class="tco-ellipsis"><span class="invisible">&nbsp;</span></span></a>]]></document>
		<document id="383974789024477184" url="https://twitter.com/Centralpt/status/383974789024477184"><![CDATA[Como parte de un proyecto de formacion Leonardo da Vinci de la Union Europea, Central Point junto a sus socios de... <a href="http://t.co/3h9wgmfGI0" rel="nofollow noopener" dir="ltr" data-expanded-url="http://fb.me/2S7n5JkYn" class="twitter-timeline-link" target="_blank" title="http://fb.me/2S7n5JkYn" ><span class="tco-ellipsis"></span><span class="invisible">http://</span><span class="js-display-url">fb.me/2S7n5JkYn</span><span class="invisible"></span><span class="tco-ellipsis"><span class="invisible">&nbsp;</span></span></a>]]></document>
		<document id="384667260893536256" url="https://twitter.com/Centralpt/status/384667260893536256"><![CDATA[Gracias a todas las personas que están indicando que les gusta Central Point. Con vuestra ayuda podemos ir... <a href="http://t.co/GW3vjwtDnZ" rel="nofollow noopener" dir="ltr" data-expanded-url="http://fb.me/2WGCP3xst" class="twitter-timeline-link" target="_blank" title="http://fb.me/2WGCP3xst" ><span class="tco-ellipsis"></span><span class="invisible">http://</span><span class="js-display-url">fb.me/2WGCP3xst</span><span class="invisible"></span><span class="tco-ellipsis"><span class="invisible">&nbsp;</span></span></a>]]></document>
		<document id="392206171123511296" url="https://twitter.com/Centralpt/status/392206171123511296"><![CDATA[Central Point es una entidad organizadora de acciones sujetas al sistema de bonificaciones de la Fundación... <a href="http://t.co/PaAbNSe7fq" rel="nofollow noopener" dir="ltr" data-expanded-url="http://fb.me/OJfayWwo" class="twitter-timeline-link" target="_blank" title="http://fb.me/OJfayWwo" ><span class="tco-ellipsis"></span><span class="invisible">http://</span><span class="js-display-url">fb.me/OJfayWwo</span><span class="invisible"></span><span class="tco-ellipsis"><span class="invisible">&nbsp;</span></span></a>]]></document>
		<document id="397751295450181633" url="https://twitter.com/Centralpt/status/397751295450181633"><![CDATA[Intersante articulo: <a href="http://t.co/VkgL0QYMr2" rel="nofollow noopener" dir="ltr" data-expanded-url="http://cincodias.com/cincodias/2013/05/17/mercados/1368818715_157616.html?rel=rosEP" class="twitter-timeline-link" target="_blank" title="http://cincodias.com/cincodias/2013/05/17/mercados/1368818715_157616.html?rel=rosEP" ><span class="tco-ellipsis"></span><span class="invisible">http://</span><span class="js-display-url">cincodias.com/cincodias/2013</span><span class="invisible">/05/17/mercados/1368818715_157616.html?rel=rosEP</span><span class="tco-ellipsis"><span class="invisible">&nbsp;</span>…</span></a><a href="http://t.co/oasRxgD4Fh" rel="nofollow noopener" dir="ltr" data-expanded-url="http://fb.me/1K2Jfdn5U" class="twitter-timeline-link u-hidden" target="_blank" title="http://fb.me/1K2Jfdn5U" ><span class="tco-ellipsis"></span><span class="invisible">http://</span><span class="js-display-url">fb.me/1K2Jfdn5U</span><span class="invisible"></span><span class="tco-ellipsis"><span class="invisible">&nbsp;</span></span></a>]]></document>
		<document id="397754158683394048" url="https://twitter.com/Centralpt/status/397754158683394048"><![CDATA[<a href="http://t.co/8sMpS4Ca43" rel="nofollow noopener" dir="ltr" data-expanded-url="http://www.expansion.com/2013/11/04/emprendedores-empleo/1383603405.html?a=1b1bbfc191af2654c117c207c0d7ef2b&amp;t=1383" class="twitter-timeline-link" target="_blank" title="http://www.expansion.com/2013/11/04/emprendedores-empleo/1383603405.html?a=1b1bbfc191af2654c117c207c0d7ef2b&amp;t=1383" ><span class="tco-ellipsis"></span><span class="invisible">http://www.</span><span class="js-display-url">expansion.com/2013/11/04/emp</span><span class="invisible">rendedores-empleo/1383603405.html?a=1b1bbfc191af2654c117c207c0d7ef2b&amp;t=1383</span><span class="tco-ellipsis"><span class="invisible">&nbsp;</span>…</span></a>...<a href="http://t.co/fsF425KQK3" rel="nofollow noopener" dir="ltr" data-expanded-url="http://fb.me/2s3I4sfDX" class="twitter-timeline-link u-hidden" target="_blank" title="http://fb.me/2s3I4sfDX" ><span class="tco-ellipsis"></span><span class="invisible">http://</span><span class="js-display-url">fb.me/2s3I4sfDX</span><span class="invisible"></span><span class="tco-ellipsis"><span class="invisible">&nbsp;</span></span></a>]]></document>
		<document id="404220737445056513" url="https://twitter.com/Centralpt/status/404220737445056513"><![CDATA[Buscamos gente que quiera participar con una mesa en la Feria de Navidad del International Women&#39;s Club,... <a href="http://t.co/SYx5hYrvFU" rel="nofollow noopener" dir="ltr" data-expanded-url="http://fb.me/2RyGrwe04" class="twitter-timeline-link" target="_blank" title="http://fb.me/2RyGrwe04" ><span class="tco-ellipsis"></span><span class="invisible">http://</span><span class="js-display-url">fb.me/2RyGrwe04</span><span class="invisible"></span><span class="tco-ellipsis"><span class="invisible">&nbsp;</span></span></a>]]></document>
		<document id="404222435085414401" url="https://twitter.com/Centralpt/status/404222435085414401"><![CDATA[Educación valida títulos no oficiales de inglés para atender la enseñanza trilingüe<a href="http://t.co/wEqiORxL7n" rel="nofollow noopener" dir="ltr" data-expanded-url="http://fb.me/2Ii6CipyS" class="twitter-timeline-link u-hidden" target="_blank" title="http://fb.me/2Ii6CipyS" ><span class="tco-ellipsis"></span><span class="invisible">http://</span><span class="js-display-url">fb.me/2Ii6CipyS</span><span class="invisible"></span><span class="tco-ellipsis"><span class="invisible">&nbsp;</span></span></a>]]></document>
		<document id="414096486884835329" url="https://twitter.com/Centralpt/status/414096486884835329"><![CDATA[He publicado una foto nueva en Facebook <a href="http://t.co/Kvtq7Fil9K" rel="nofollow noopener" dir="ltr" data-expanded-url="http://fb.me/2ySKHbOoc" class="twitter-timeline-link" target="_blank" title="http://fb.me/2ySKHbOoc" ><span class="tco-ellipsis"></span><span class="invisible">http://</span><span class="js-display-url">fb.me/2ySKHbOoc</span><span class="invisible"></span><span class="tco-ellipsis"><span class="invisible">&nbsp;</span></span></a>]]></document>
		<document id="414096786953748480" url="https://twitter.com/Centralpt/status/414096786953748480"><![CDATA[He publicado una foto nueva en Facebook <a href="http://t.co/E97DUtueTx" rel="nofollow noopener" dir="ltr" data-expanded-url="http://fb.me/PV0PFTMg" class="twitter-timeline-link" target="_blank" title="http://fb.me/PV0PFTMg" ><span class="tco-ellipsis"></span><span class="invisible">http://</span><span class="js-display-url">fb.me/PV0PFTMg</span><span class="invisible"></span><span class="tco-ellipsis"><span class="invisible">&nbsp;</span></span></a>]]></document>
		<document id="418827920207908864" url="https://twitter.com/Centralpt/status/418827920207908864"><![CDATA[ÉSTA SÍ DEBERÍA SER UNA DE ESAS CADENAS QUE NO SE DEBE ROMPER, PORQUE SÓLO NOSOTROS PODEMOS PONERLE REMEDIO A... <a href="http://t.co/WDYLzqJsWK" rel="nofollow noopener" dir="ltr" data-expanded-url="http://fb.me/1b6hsmJSu" class="twitter-timeline-link" target="_blank" title="http://fb.me/1b6hsmJSu" ><span class="tco-ellipsis"></span><span class="invisible">http://</span><span class="js-display-url">fb.me/1b6hsmJSu</span><span class="invisible"></span><span class="tco-ellipsis"><span class="invisible">&nbsp;</span></span></a>]]></document>
		<document id="5216841836269568" url="https://twitter.com/Centralpt/status/5216841836269568"><![CDATA[I have a friend&#39;s son in London looking to do a month (till  22nd dec) of work experience in any company. He is studding business managemen…]]></document>
		<document id="5558959725" url="https://twitter.com/Centralpt/status/5558959725"><![CDATA[Looking for an English (Native) teacher immediately start for children classes (every day) in Torrent.. email your CV, info@centralpoint.es]]></document>
		<document id="5622486054" url="https://twitter.com/Centralpt/status/5622486054"><![CDATA[I might found a teacher!!!]]></document>
		<document id="6108535251" url="https://twitter.com/Centralpt/status/6108535251"><![CDATA[I love them! mainly use them when doing driving. Which ones?? well...when in UK I get then in the charity shops so its pop luck!]]></document>
		<document id="6117811581" url="https://twitter.com/Centralpt/status/6117811581"><![CDATA[Looking for more translation/simultaneous translation work!!]]></document>
		<document id="6341315273" url="https://twitter.com/Centralpt/status/6341315273"><![CDATA[This Saturday CHRISTMAS FAYRE (12pm ‘till 8pm) at the Bar de los Jubilados (next to Ayuntamiento) in PEDRALBA. More info Susan: 606 517 656]]></document>
		<document id="6427408153" url="https://twitter.com/Centralpt/status/6427408153"><![CDATA[Necesito gente que quiere practicar su ingles con nativos. Los intercambios son los miercoles de 19 a 20.30hs en Torrent. mm@centralpoint.es]]></document>
		<document id="70141698394685440" url="https://twitter.com/Centralpt/status/70141698394685440"><![CDATA[Aprender Inglés este julio o durante todo el año en Londres, Pincha: http://www.centralpoint.es/phplist/uploadimages/Colonia%20Oxford.jpeg]]></document>
		<document id="74540591207292928" url="https://twitter.com/Centralpt/status/74540591207292928"><![CDATA[Me pregunto...si la contribution como autonomo fuese menos de 100€ all mes habria menos economia sumergida??]]></document>
		<document id="78766539746189312" url="https://twitter.com/Centralpt/status/78766539746189312"><![CDATA[He sincronizado mis cuentas Twitter y Viadeo http://viadeo.com/s/pMbhh]]></document>
		<document id="85357156857163777" url="https://twitter.com/Centralpt/status/85357156857163777"><![CDATA[¿Necesitas aprender o mejorar tu Inglés?
Aprovecha el mes de Julio para hacer un curso Intensivo (40hs)
Metodo... http://fb.me/YyeFD4Ll]]></document>
		<document id="85358822167810051" url="https://twitter.com/Centralpt/status/85358822167810051"><![CDATA[Colonia para niñ<a href="/s" class="twitter-atreply pretty-link js-nav" dir="ltr" data-mentioned-user-id="347002675" ><s>@</s><b>s</b></a> en Inglaterra http://fb.me/T6s2ZkAw]]></document>
		<document id="85373151453786113" url="https://twitter.com/Centralpt/status/85373151453786113"><![CDATA[He publicado una foto nueva en Facebook http://fb.me/QdtqHxbk]]></document>
		<document id="85374494163746816" url="https://twitter.com/Centralpt/status/85374494163746816"><![CDATA[Taller de Verano en Ingle para niños de 4 a 12 años http://fb.me/15cKvjTum]]></document>
		<document id="85974507185127424" url="https://twitter.com/Centralpt/status/85974507185127424"><![CDATA[Quieres retomar el Ingles que aprendistes en el colegio y mejorarlo??? APuntate a nuestro CURSO INTENSIVO EN JULIO... http://fb.me/IHgQ77JT]]></document>
		<document id="8849588388" url="https://twitter.com/Centralpt/status/8849588388"><![CDATA[19th feb, 1st InterNations in Valencia get together event! Interested? www.internations.com, join in &amp; look for Valencia group &amp; events.]]></document>
		<document id="8962327530" url="https://twitter.com/Centralpt/status/8962327530"><![CDATA[Organizando el  1er evento de www.internations.com en Vlc. El 19, ¿te interesa? apuntate en la web, busca el grupo Valencia y luego eventos.]]></document>
		<document id="9581594502" url="https://twitter.com/Centralpt/status/9581594502"><![CDATA[I&#39;s looking for a software for mass mailing, any suggestions???]]></document>
		<document id="97729651694243840" url="https://twitter.com/Centralpt/status/97729651694243840"><![CDATA[¿Necesitas aprender o mejorar tu Inglés?  - http://viadeo.com/s/7kM3Y]]></document>
		<document id="98429565537492992" url="https://twitter.com/Centralpt/status/98429565537492992"><![CDATA[He ganado en Viadeo un mes gratis Premium por invitar]]></document>
	</documents>
</author>