<?xml version="1.0" encoding="UTF-8" standalone="no"?><author age_group="xx" gender="xx" lang="EN" type="twitter" url="https://twitter.com/pilarroch">
	<documents count="106">
		<document id="140010159069085696" url="https://twitter.com/pilarroch/status/140010159069085696"><![CDATA[Land Rover Evoque <a href="/womenalia" class="twitter-atreply pretty-link js-nav" dir="ltr" data-mentioned-user-id="91330606" ><s>@</s><b>womenalia</b></a> Design, Os gusta?<a href="http://t.co/9tvFWH44" class="twitter-timeline-link u-hidden" data-pre-embedded="true" dir="ltr" >pic.twitter.com/9tvFWH44</a>]]></document>
		<document id="149602608431120384" url="https://twitter.com/pilarroch/status/149602608431120384"><![CDATA[“<a href="/carinaszpilka" class="twitter-atreply pretty-link js-nav" dir="ltr" data-mentioned-user-id="126575175" ><s>@</s><b>carinaszpilka</b></a>: &quot;Energy, not time, is the fundamental currency of high performance&quot; TSchwartz. Tiene sentido.” me encanta]]></document>
		<document id="162512970746822657" url="https://twitter.com/pilarroch/status/162512970746822657"><![CDATA[<a href="/womenalia" class="twitter-atreply pretty-link js-nav" dir="ltr" data-mentioned-user-id="91330606" ><s>@</s><b>Womenalia</b></a>, kick-off meeting, <a href="/juanjoazcarate" class="twitter-atreply pretty-link js-nav" dir="ltr" data-mentioned-user-id="118383874" ><s>@</s><b>juanjoazcarate</b></a> <a href="/cmayoral" class="twitter-atreply pretty-link js-nav" dir="ltr" data-mentioned-user-id="91513732" ><s>@</s><b>cmayoral</b></a> <a href="/NataliaGomez_es" class="twitter-atreply pretty-link js-nav" dir="ltr" data-mentioned-user-id="193451465" ><s>@</s><b>NataliaGomez_es</b></a> <a href="/ejoana" class="twitter-atreply pretty-link js-nav" dir="ltr" data-mentioned-user-id="28989171" ><s>@</s><b>ejoana</b></a> <a href="/mranera" class="twitter-atreply pretty-link js-nav" dir="ltr" data-mentioned-user-id="59178785" ><s>@</s><b>mranera</b></a>]]></document>
		<document id="167633688958480384" url="https://twitter.com/pilarroch/status/167633688958480384"><![CDATA[Momento estelar en el networking @ Womenalia con <a href="/FERNOAILLES" class="twitter-atreply pretty-link js-nav" dir="ltr" data-mentioned-user-id="200040351" ><s>@</s><b>FERNOAILLES</b></a> Sentir calves para vivir el presente. <a href="/hashtag/wnetworking?src=hash" data-query-source="hashtag_click" class="twitter-hashtag pretty-link js-nav" dir="ltr" ><s>#</s><b>wnetworking</b></a>]]></document>
		<document id="172041034384154624" url="https://twitter.com/pilarroch/status/172041034384154624"><![CDATA[The future of Advertising <a href="http://t.co/v317AFgI" rel="nofollow noopener" dir="ltr" data-expanded-url="http://www.womenalia.com/noticias/promociones/the-future-of-advertising" class="twitter-timeline-link" target="_blank" title="http://www.womenalia.com/noticias/promociones/the-future-of-advertising" ><span class="tco-ellipsis"></span><span class="invisible">http://www.</span><span class="js-display-url">womenalia.com/noticias/promo</span><span class="invisible">ciones/the-future-of-advertising</span><span class="tco-ellipsis"><span class="invisible">&nbsp;</span>…</span></a>. Buen evento. Descuento del 25% por ser usuaria de Womenalia]]></document>
		<document id="179675179688005633" url="https://twitter.com/pilarroch/status/179675179688005633"><![CDATA[“<a href="/creatudia" class="twitter-atreply pretty-link js-nav" dir="ltr" data-mentioned-user-id="294799618" ><s>@</s><b>creatudia</b></a>: <a href="/pilarroch" class="twitter-atreply pretty-link js-nav" dir="ltr" data-mentioned-user-id="160949170" ><s>@</s><b>pilarroch</b></a> te vi en informe semanal!! Muy buena iniciativa <a href="/womenalia" class="twitter-atreply pretty-link js-nav" dir="ltr" data-mentioned-user-id="91330606" ><s>@</s><b>womenalia</b></a>”muchas gracias]]></document>
		<document id="189617971868606465" url="https://twitter.com/pilarroch/status/189617971868606465"><![CDATA[Facebook Eats Instagram: Consolidation Time in Social Networking? - Forbes<a href="http://t.co/FFqlzfsR" rel="nofollow noopener" dir="ltr" data-expanded-url="http://onforb.es/HsOZk1#in" class="twitter-timeline-link u-hidden" target="_blank" title="http://onforb.es/HsOZk1#in" ><span class="tco-ellipsis"></span><span class="invisible">http://</span><span class="js-display-url">onforb.es/HsOZk1#in</span><span class="invisible"></span><span class="tco-ellipsis"><span class="invisible">&nbsp;</span></span></a>]]></document>
		<document id="205362225597267968" url="https://twitter.com/pilarroch/status/205362225597267968"><![CDATA[A New Obstacle For Professional Women: The Glass Escalator - Forbes <a href="http://t.co/D88WsfD6" rel="nofollow noopener" dir="ltr" data-expanded-url="http://onforb.es/JrWmu2" class="twitter-timeline-link" target="_blank" title="http://onforb.es/JrWmu2" ><span class="tco-ellipsis"></span><span class="invisible">http://</span><span class="js-display-url">onforb.es/JrWmu2</span><span class="invisible"></span><span class="tco-ellipsis"><span class="invisible">&nbsp;</span></span></a> vía <a href="/ShareThis" class="twitter-atreply pretty-link js-nav" dir="ltr" data-mentioned-user-id="14116807" ><s>@</s><b>sharethis</b></a>]]></document>
		<document id="206400310179143680" url="https://twitter.com/pilarroch/status/206400310179143680"><![CDATA[<a href="/OprahWinfrey_" class="twitter-atreply pretty-link js-nav" dir="ltr" data-mentioned-user-id="177555252" ><s>@</s><b>OprahWinfrey_</b></a> I need to talk to you. We need your support <a href="/womenalia" class="twitter-atreply pretty-link js-nav" dir="ltr" data-mentioned-user-id="91330606" ><s>@</s><b>womenalia</b></a> we love to hace you between us, we need your reference as a leader]]></document>
		<document id="206401825375649792" url="https://twitter.com/pilarroch/status/206401825375649792"><![CDATA[<a href="/OprahWinfrey_" class="twitter-atreply pretty-link js-nav" dir="ltr" data-mentioned-user-id="177555252" ><s>@</s><b>oprahwinfrey_</b></a> If you provide me with an e-Mail address I will have The opportunity to explain our project!]]></document>
		<document id="240390093859340290" url="https://twitter.com/pilarroch/status/240390093859340290"><![CDATA[<a href="http://t.co/9sNwoCFb" rel="nofollow noopener" dir="ltr" data-expanded-url="http://video.forbes.com/fvn/powerwomen-12/top-10-most-powerful-women?partner=email" class="twitter-timeline-link" target="_blank" title="http://video.forbes.com/fvn/powerwomen-12/top-10-most-powerful-women?partner=email" ><span class="tco-ellipsis"></span><span class="invisible">http://</span><span class="js-display-url">video.forbes.com/fvn/powerwomen</span><span class="invisible">-12/top-10-most-powerful-women?partner=email</span><span class="tco-ellipsis"><span class="invisible">&nbsp;</span>…</span></a> Top 10 the world&#39;s top 10 Powerful Women. Tres presidentas del gobierno lideran la lista <a href="/hashtag/in?src=hash" data-query-source="hashtag_click" class="twitter-hashtag pretty-link js-nav" dir="ltr" ><s>#</s><b>in</b></a>]]></document>
		<document id="242880500065251328" url="https://twitter.com/pilarroch/status/242880500065251328"><![CDATA[Change your thoughts and You change your world. Norman Vincent Peale <a href="/DEVILLASANTEJR" class="twitter-atreply pretty-link js-nav" dir="ltr" data-mentioned-user-id="576018603" ><s>@</s><b>DEVILLASANTEJR</b></a>. Gracias los que trabajais x ideales <a href="/LilianFdez" class="twitter-atreply pretty-link js-nav" dir="ltr" data-mentioned-user-id="323118574" ><s>@</s><b>LilianFdez</b></a>]]></document>
		<document id="247392473398272000" url="https://twitter.com/pilarroch/status/247392473398272000"><![CDATA[Esta semana interesantes eventos, Aliter, Networking <a href="/womenalia" class="twitter-atreply pretty-link js-nav" dir="ltr" data-mentioned-user-id="91330606" ><s>@</s><b>womenalia</b></a>, <a href="/carinaszpilka" class="twitter-atreply pretty-link js-nav" dir="ltr" data-mentioned-user-id="126575175" ><s>@</s><b>carinaszpilka</b></a> en EPWN, <a href="/anamariallopis" class="twitter-atreply pretty-link js-nav" dir="ltr" data-mentioned-user-id="17686758" ><s>@</s><b>anamariallopis</b></a> en Women CEO info en Womenalia]]></document>
		<document id="249803192534171650" url="https://twitter.com/pilarroch/status/249803192534171650"><![CDATA[<a href="/LilianFdez" class="twitter-atreply pretty-link js-nav" dir="ltr" data-mentioned-user-id="323118574" ><s>@</s><b>LilianFdez</b></a> <a href="/MariaMariaroch" class="twitter-atreply pretty-link js-nav" dir="ltr" data-mentioned-user-id="518855593" ><s>@</s><b>MariaMariaroch</b></a> Thanks Baby!, the best part of being a Woman it&#39;s feel like that <a href="/womenalia" class="twitter-atreply pretty-link js-nav" dir="ltr" data-mentioned-user-id="91330606" ><s>@</s><b>womenalia</b></a><a href="http://t.co/zD51prE8" rel="nofollow noopener" dir="ltr" data-expanded-url="http://youtu.be/tGwnKGyfPJ8" class="twitter-timeline-link u-hidden" target="_blank" title="http://youtu.be/tGwnKGyfPJ8" ><span class="tco-ellipsis"></span><span class="invisible">http://</span><span class="js-display-url">youtu.be/tGwnKGyfPJ8</span><span class="invisible"></span><span class="tco-ellipsis"><span class="invisible">&nbsp;</span></span></a>]]></document>
		<document id="251766618793848832" url="https://twitter.com/pilarroch/status/251766618793848832"><![CDATA[conoce a HolaLuz y Carlota Pi <a href="/hashtag/eshowM2012?src=hash" data-query-source="hashtag_click" class="twitter-hashtag pretty-link js-nav" dir="ltr" ><s>#</s><b>eshowM2012</b></a> <a href="http://t.co/ocxhxt9K" rel="nofollow noopener" dir="ltr" data-expanded-url="http://www.womenalia.com/component/content/article/92-hoy-en-womenalia/otros-temas/566-carlota-pi-ganadora-de-womenalia-start-up-day-by-ono" class="twitter-timeline-link" target="_blank" title="http://www.womenalia.com/component/content/article/92-hoy-en-womenalia/otros-temas/566-carlota-pi-ganadora-de-womenalia-start-up-day-by-ono" ><span class="tco-ellipsis"></span><span class="invisible">http://www.</span><span class="js-display-url">womenalia.com/component/cont</span><span class="invisible">ent/article/92-hoy-en-womenalia/otros-temas/566-carlota-pi-ganadora-de-womenalia-start-up-day-by-ono</span><span class="tco-ellipsis"><span class="invisible">&nbsp;</span>…</span></a> <a href="/womenalia" class="twitter-atreply pretty-link js-nav" dir="ltr" data-mentioned-user-id="91330606" ><s>@</s><b>womenalia</b></a>]]></document>
		<document id="253718168793665536" url="https://twitter.com/pilarroch/status/253718168793665536"><![CDATA[“<a href="/Forbes" class="twitter-atreply pretty-link js-nav" dir="ltr" data-mentioned-user-id="91478624" ><s>@</s><b>Forbes</b></a>: How to manage your personal brand, especially during a job search. <a href="http://t.co/7FlCBaaS" rel="nofollow noopener" dir="ltr" data-expanded-url="http://bit.ly/QOj010" class="twitter-timeline-link" target="_blank" title="http://bit.ly/QOj010" ><span class="tco-ellipsis"></span><span class="invisible">http://</span><span class="js-display-url">bit.ly/QOj010</span><span class="invisible"></span><span class="tco-ellipsis"><span class="invisible">&nbsp;</span></span></a>”<a href="/womenalia" class="twitter-atreply pretty-link js-nav" dir="ltr" data-mentioned-user-id="91330606" ><s>@</s><b>womenalia</b></a> <a href="/NataliaGomez_es" class="twitter-atreply pretty-link js-nav" dir="ltr" data-mentioned-user-id="193451465" ><s>@</s><b>NataliaGomez_es</b></a>]]></document>
		<document id="266463880522379264" url="https://twitter.com/pilarroch/status/266463880522379264"><![CDATA[Con Avivah wittenberg-Cox, women leadership is an 
      STRATEGIC PRIORITY
II encuentro Mujer y Empresa]]></document>
		<document id="272441734154289153" url="https://twitter.com/pilarroch/status/272441734154289153"><![CDATA[Oferta de trabajo- Brand Manager Innovation de Michael Page <a href="http://t.co/2GdtyYae" rel="nofollow noopener" dir="ltr" data-expanded-url="http://www.womenalia.com/wempleo?view=guest&amp;layout=detailjob&amp;id=217" class="twitter-timeline-link" target="_blank" title="http://www.womenalia.com/wempleo?view=guest&amp;layout=detailjob&amp;id=217" ><span class="tco-ellipsis"></span><span class="invisible">http://www.</span><span class="js-display-url">womenalia.com/wempleo?view=g</span><span class="invisible">uest&amp;layout=detailjob&amp;id=217</span><span class="tco-ellipsis"><span class="invisible">&nbsp;</span>…</span></a>]]></document>
		<document id="289630307240529921" url="https://twitter.com/pilarroch/status/289630307240529921"><![CDATA[Entrevista a Hanne jeppsson en <a href="/womenalia" class="twitter-atreply pretty-link js-nav" dir="ltr" data-mentioned-user-id="91330606" ><s>@</s><b>womenalia</b></a> <a href="http://t.co/c34nbM6o" rel="nofollow noopener" dir="ltr" data-expanded-url="http://Womenalia.com" class="twitter-timeline-link" target="_blank" title="http://Womenalia.com" ><span class="tco-ellipsis"></span><span class="invisible">http://</span><span class="js-display-url">Womenalia.com</span><span class="invisible"></span><span class="tco-ellipsis"><span class="invisible">&nbsp;</span></span></a> , w50 2012]]></document>
		<document id="290878047396171776" url="https://twitter.com/pilarroch/status/290878047396171776"><![CDATA[Bienvenidas a twitter ! <a href="/tweetWomenCEO" class="twitter-atreply pretty-link js-nav" dir="ltr" data-mentioned-user-id="972343063" ><s>@</s><b>tweetwomenceo</b></a>]]></document>
		<document id="292157280537952256" url="https://twitter.com/pilarroch/status/292157280537952256"><![CDATA[How Real Women Negotiate their Lives and Careers - Forbes <a href="http://t.co/eHRqwuJu" rel="nofollow noopener" dir="ltr" data-expanded-url="http://onforb.es/V8mZth" class="twitter-timeline-link" target="_blank" title="http://onforb.es/V8mZth" ><span class="tco-ellipsis"></span><span class="invisible">http://</span><span class="js-display-url">onforb.es/V8mZth</span><span class="invisible"></span><span class="tco-ellipsis"><span class="invisible">&nbsp;</span></span></a> que real no?]]></document>
		<document id="297008949889224704" url="https://twitter.com/pilarroch/status/297008949889224704"><![CDATA[I&#39;ve voted Maria G. del Pozuelo, <a href="/mgdelpozuelo" class="twitter-atreply pretty-link js-nav" dir="ltr" data-mentioned-user-id="224982531" ><s>@</s><b>mgdelpozuelo</b></a> as &quot;Best Co-founder&quot; in the TNW Spanish Startup Awards <a href="/hashtag/SSA?src=hash" data-query-source="hashtag_click" class="twitter-hashtag pretty-link js-nav" dir="ltr" ><s>#</s><b>SSA</b></a> <a href="http://t.co/QpheBBNF" rel="nofollow noopener" dir="ltr" data-expanded-url="http://tnw.to/spainawards" class="twitter-timeline-link" target="_blank" title="http://tnw.to/spainawards" ><span class="tco-ellipsis"></span><span class="invisible">http://</span><span class="js-display-url">tnw.to/spainawards</span><span class="invisible"></span><span class="tco-ellipsis"><span class="invisible">&nbsp;</span></span></a>]]></document>
		<document id="297361819436204034" url="https://twitter.com/pilarroch/status/297361819436204034"><![CDATA[Why Crowdfunding Is a Game-Change for Women Entrepreneurs - Forbes <a href="http://t.co/EvLlmF3I" rel="nofollow noopener" dir="ltr" data-expanded-url="http://onforb.es/X8clNG-" class="twitter-timeline-link" target="_blank" title="http://onforb.es/X8clNG-" ><span class="tco-ellipsis"></span><span class="invisible">http://</span><span class="js-display-url">onforb.es/X8clNG-</span><span class="invisible"></span><span class="tco-ellipsis"><span class="invisible">&nbsp;</span></span></a> el crowdfunding es una gran oportunidad para todos]]></document>
		<document id="321485580892516352" url="https://twitter.com/pilarroch/status/321485580892516352"><![CDATA[Breakfast today with <a href="/JulieTKatzman" class="twitter-atreply pretty-link js-nav" dir="ltr" data-mentioned-user-id="404375863" ><s>@</s><b>JulieTKatzman</b></a> wanting to meet her and the labor of the interamerican development bank. Thanks <a href="/Inforpress" class="twitter-atreply pretty-link js-nav" dir="ltr" data-mentioned-user-id="3055758047" ><s>@</s><b>Inforpress</b></a>]]></document>
		<document id="321520792854740992" url="https://twitter.com/pilarroch/status/321520792854740992"><![CDATA[Money given to women  helps families and children, one of the reasons we highly support female entrepreneurship <a href="/Inforpress" class="twitter-atreply pretty-link js-nav" dir="ltr" data-mentioned-user-id="3055758047" ><s>@</s><b>inforpress</b></a> <a href="/JulieTKatzman" class="twitter-atreply pretty-link js-nav" dir="ltr" data-mentioned-user-id="404375863" ><s>@</s><b>julietkatzman</b></a>]]></document>
		<document id="321523844726784000" url="https://twitter.com/pilarroch/status/321523844726784000"><![CDATA[The BID( interamerican Bank for Development )invest on businesses that have a women balanced management teams <a href="/womenalia" class="twitter-atreply pretty-link js-nav" dir="ltr" data-mentioned-user-id="91330606" ><s>@</s><b>womenalia</b></a> <a href="/JulieTKatzman" class="twitter-atreply pretty-link js-nav" dir="ltr" data-mentioned-user-id="404375863" ><s>@</s><b>Julietkatzman</b></a>]]></document>
		<document id="321527626428723201" url="https://twitter.com/pilarroch/status/321527626428723201"><![CDATA[Great need in Latin America also for Women empowerment and women networking. <a href="/womenalia" class="twitter-atreply pretty-link js-nav" dir="ltr" data-mentioned-user-id="91330606" ><s>@</s><b>womenalia</b></a> <a href="/JulieTKatzman" class="twitter-atreply pretty-link js-nav" dir="ltr" data-mentioned-user-id="404375863" ><s>@</s><b>julietkatzman</b></a> <a href="/Inforpress" class="twitter-atreply pretty-link js-nav" dir="ltr" data-mentioned-user-id="3055758047" ><s>@</s><b>inforpress</b></a>]]></document>
		<document id="342589944780423169" url="https://twitter.com/pilarroch/status/342589944780423169"><![CDATA[“<a href="/zincshower" class="twitter-atreply pretty-link js-nav" dir="ltr" data-mentioned-user-id="804187339" ><s>@</s><b>zincshower</b></a>: Gracias x el RT]]></document>
		<document id="369409104067821568" url="https://twitter.com/pilarroch/status/369409104067821568"><![CDATA[Top 100 Websites For Women 2012  <a href="http://t.co/qF9Mm7RRzp" rel="nofollow noopener" dir="ltr" data-expanded-url="http://onforb.es/Mi6lRz" class="twitter-timeline-link" target="_blank" title="http://onforb.es/Mi6lRz" ><span class="tco-ellipsis"></span><span class="invisible">http://</span><span class="js-display-url">onforb.es/Mi6lRz</span><span class="invisible"></span><span class="tco-ellipsis"><span class="invisible">&nbsp;</span></span></a> vía <a href="/Forbes" class="twitter-atreply pretty-link js-nav" dir="ltr" data-mentioned-user-id="91478624" ><s>@</s><b>forbes</b></a> las mejores webs de USA para Mujeres ;-) <a href="/womenalia" class="twitter-atreply pretty-link js-nav" dir="ltr" data-mentioned-user-id="91330606" ><s>@</s><b>womenalia</b></a>]]></document>
		<document id="385670191411367936" url="https://twitter.com/pilarroch/status/385670191411367936"><![CDATA[Muchas gracias @sanchomichell Contamos contigo para  <a href="/womenalia" class="twitter-atreply pretty-link js-nav" dir="ltr" data-mentioned-user-id="91330606" ><s>@</s><b>womenalia</b></a> en  <a href="/hashtag/Sepcocantabria2013?src=hash" data-query-source="hashtag_click" class="twitter-hashtag pretty-link js-nav" dir="ltr" ><s>#</s><b>Sepcocantabria2013</b></a>  y networking  santander womenalia 10 Oct <a href="/sauvermc" class="twitter-atreply pretty-link js-nav" dir="ltr" data-mentioned-user-id="194041548" ><s>@</s><b>sauvermc</b></a>]]></document>
		<document id="387816908642197504" url="https://twitter.com/pilarroch/status/387816908642197504"><![CDATA[Digital trends in healthcare and pharma marketing by <a href="/GSW_Worldwide" class="twitter-atreply pretty-link js-nav" dir="ltr" data-mentioned-user-id="1710257934" ><s>@</s><b>GSW_Worldwide</b></a> <a href="/hashtag/2010trends?src=hash" data-query-source="hashtag_click" class="twitter-hashtag pretty-link js-nav" dir="ltr" ><s>#</s><b>2010trends</b></a> <a href="/hashtag/digitalideas?src=hash" data-query-source="hashtag_click" class="twitter-hashtag pretty-link js-nav" dir="ltr" ><s>#</s><b>digitalideas</b></a> <a href="http://t.co/wEcr45NlUx" rel="nofollow noopener" dir="ltr" data-expanded-url="http://www.slideshare.net/GSW_Worldwide/digital-trends-for-healthcare" class="twitter-timeline-link" target="_blank" title="http://www.slideshare.net/GSW_Worldwide/digital-trends-for-healthcare" ><span class="tco-ellipsis"></span><span class="invisible">http://www.</span><span class="js-display-url">slideshare.net/GSW_Worldwide/</span><span class="invisible">digital-trends-for-healthcare</span><span class="tco-ellipsis"><span class="invisible">&nbsp;</span>…</span></a> vía <a href="/SlideShare" class="twitter-atreply pretty-link js-nav" dir="ltr" data-mentioned-user-id="9676152" ><s>@</s><b>SlideShare</b></a>]]></document>
		<document id="393703232314544128" url="https://twitter.com/pilarroch/status/393703232314544128"><![CDATA[A Startup is NOT a small version of a company ! <a href="/bobdorf" class="twitter-atreply pretty-link js-nav" dir="ltr" data-mentioned-user-id="65217298" ><s>@</s><b>bobdorf</b></a> <a href="/opinno" class="twitter-atreply pretty-link js-nav" dir="ltr" data-mentioned-user-id="17112661" ><s>@</s><b>opinno</b></a> <a href="/hashtag/bdorfopinno?src=hash" data-query-source="hashtag_click" class="twitter-hashtag pretty-link js-nav" dir="ltr" ><s>#</s><b>bdorfopinno</b></a> . Love to be here]]></document>
		<document id="393705863468576768" url="https://twitter.com/pilarroch/status/393705863468576768"><![CDATA[Failure is a difficult thing to deal with in the Spanish Culture. AND You learn so
Much more when You fail! <a href="/LilianFdez" class="twitter-atreply pretty-link js-nav" dir="ltr" data-mentioned-user-id="323118574" ><s>@</s><b>LilianFdez</b></a> <a href="/bobdorf" class="twitter-atreply pretty-link js-nav" dir="ltr" data-mentioned-user-id="65217298" ><s>@</s><b>bobdorf</b></a> <a href="/opinno" class="twitter-atreply pretty-link js-nav" dir="ltr" data-mentioned-user-id="17112661" ><s>@</s><b>opinno</b></a>]]></document>
		<document id="393822784478277632" url="https://twitter.com/pilarroch/status/393822784478277632"><![CDATA[Seller= Business development Manager. Thanks <a href="/bobdorf" class="twitter-atreply pretty-link js-nav" dir="ltr" data-mentioned-user-id="65217298" ><s>@</s><b>bobdorf</b></a> and Your startup owners Manual <a href="/mgdelpozuelo" class="twitter-atreply pretty-link js-nav" dir="ltr" data-mentioned-user-id="224982531" ><s>@</s><b>mgdelpozuelo</b></a> <a href="/womenalia" class="twitter-atreply pretty-link js-nav" dir="ltr" data-mentioned-user-id="91330606" ><s>@</s><b>womenalia</b></a>]]></document>
		<document id="140010159069085696" url="https://twitter.com/pilarroch/status/140010159069085696"><![CDATA[Land Rover Evoque <a href="/womenalia" class="twitter-atreply pretty-link js-nav" dir="ltr" data-mentioned-user-id="91330606" ><s>@</s><b>womenalia</b></a> Design, Os gusta?<a href="http://t.co/9tvFWH44" class="twitter-timeline-link u-hidden" data-pre-embedded="true" dir="ltr" >pic.twitter.com/9tvFWH44</a>]]></document>
		<document id="149602608431120384" url="https://twitter.com/pilarroch/status/149602608431120384"><![CDATA[“<a href="/carinaszpilka" class="twitter-atreply pretty-link js-nav" dir="ltr" data-mentioned-user-id="126575175" ><s>@</s><b>carinaszpilka</b></a>: &quot;Energy, not time, is the fundamental currency of high performance&quot; TSchwartz. Tiene sentido.” me encanta]]></document>
		<document id="162512970746822657" url="https://twitter.com/pilarroch/status/162512970746822657"><![CDATA[<a href="/womenalia" class="twitter-atreply pretty-link js-nav" dir="ltr" data-mentioned-user-id="91330606" ><s>@</s><b>Womenalia</b></a>, kick-off meeting, <a href="/juanjoazcarate" class="twitter-atreply pretty-link js-nav" dir="ltr" data-mentioned-user-id="118383874" ><s>@</s><b>juanjoazcarate</b></a> <a href="/cmayoral" class="twitter-atreply pretty-link js-nav" dir="ltr" data-mentioned-user-id="91513732" ><s>@</s><b>cmayoral</b></a> <a href="/NataliaGomez_es" class="twitter-atreply pretty-link js-nav" dir="ltr" data-mentioned-user-id="193451465" ><s>@</s><b>NataliaGomez_es</b></a> <a href="/ejoana" class="twitter-atreply pretty-link js-nav" dir="ltr" data-mentioned-user-id="28989171" ><s>@</s><b>ejoana</b></a> <a href="/mranera" class="twitter-atreply pretty-link js-nav" dir="ltr" data-mentioned-user-id="59178785" ><s>@</s><b>mranera</b></a>]]></document>
		<document id="167633688958480384" url="https://twitter.com/pilarroch/status/167633688958480384"><![CDATA[Momento estelar en el networking @ Womenalia con <a href="/FERNOAILLES" class="twitter-atreply pretty-link js-nav" dir="ltr" data-mentioned-user-id="200040351" ><s>@</s><b>FERNOAILLES</b></a> Sentir calves para vivir el presente. <a href="/hashtag/wnetworking?src=hash" data-query-source="hashtag_click" class="twitter-hashtag pretty-link js-nav" dir="ltr" ><s>#</s><b>wnetworking</b></a>]]></document>
		<document id="172041034384154624" url="https://twitter.com/pilarroch/status/172041034384154624"><![CDATA[The future of Advertising <a href="http://t.co/v317AFgI" rel="nofollow noopener" dir="ltr" data-expanded-url="http://www.womenalia.com/noticias/promociones/the-future-of-advertising" class="twitter-timeline-link" target="_blank" title="http://www.womenalia.com/noticias/promociones/the-future-of-advertising" ><span class="tco-ellipsis"></span><span class="invisible">http://www.</span><span class="js-display-url">womenalia.com/noticias/promo</span><span class="invisible">ciones/the-future-of-advertising</span><span class="tco-ellipsis"><span class="invisible">&nbsp;</span>…</span></a>. Buen evento. Descuento del 25% por ser usuaria de Womenalia]]></document>
		<document id="179675179688005633" url="https://twitter.com/pilarroch/status/179675179688005633"><![CDATA[“<a href="/creatudia" class="twitter-atreply pretty-link js-nav" dir="ltr" data-mentioned-user-id="294799618" ><s>@</s><b>creatudia</b></a>: <a href="/pilarroch" class="twitter-atreply pretty-link js-nav" dir="ltr" data-mentioned-user-id="160949170" ><s>@</s><b>pilarroch</b></a> te vi en informe semanal!! Muy buena iniciativa <a href="/womenalia" class="twitter-atreply pretty-link js-nav" dir="ltr" data-mentioned-user-id="91330606" ><s>@</s><b>womenalia</b></a>”muchas gracias]]></document>
		<document id="189617971868606465" url="https://twitter.com/pilarroch/status/189617971868606465"><![CDATA[Facebook Eats Instagram: Consolidation Time in Social Networking? - Forbes<a href="http://t.co/FFqlzfsR" rel="nofollow noopener" dir="ltr" data-expanded-url="http://onforb.es/HsOZk1#in" class="twitter-timeline-link u-hidden" target="_blank" title="http://onforb.es/HsOZk1#in" ><span class="tco-ellipsis"></span><span class="invisible">http://</span><span class="js-display-url">onforb.es/HsOZk1#in</span><span class="invisible"></span><span class="tco-ellipsis"><span class="invisible">&nbsp;</span></span></a>]]></document>
		<document id="205362225597267968" url="https://twitter.com/pilarroch/status/205362225597267968"><![CDATA[A New Obstacle For Professional Women: The Glass Escalator - Forbes <a href="http://t.co/D88WsfD6" rel="nofollow noopener" dir="ltr" data-expanded-url="http://onforb.es/JrWmu2" class="twitter-timeline-link" target="_blank" title="http://onforb.es/JrWmu2" ><span class="tco-ellipsis"></span><span class="invisible">http://</span><span class="js-display-url">onforb.es/JrWmu2</span><span class="invisible"></span><span class="tco-ellipsis"><span class="invisible">&nbsp;</span></span></a> vía <a href="/ShareThis" class="twitter-atreply pretty-link js-nav" dir="ltr" data-mentioned-user-id="14116807" ><s>@</s><b>sharethis</b></a>]]></document>
		<document id="206400310179143680" url="https://twitter.com/pilarroch/status/206400310179143680"><![CDATA[<a href="/OprahWinfrey_" class="twitter-atreply pretty-link js-nav" dir="ltr" data-mentioned-user-id="177555252" ><s>@</s><b>OprahWinfrey_</b></a> I need to talk to you. We need your support <a href="/womenalia" class="twitter-atreply pretty-link js-nav" dir="ltr" data-mentioned-user-id="91330606" ><s>@</s><b>womenalia</b></a> we love to hace you between us, we need your reference as a leader]]></document>
		<document id="206401825375649792" url="https://twitter.com/pilarroch/status/206401825375649792"><![CDATA[<a href="/OprahWinfrey_" class="twitter-atreply pretty-link js-nav" dir="ltr" data-mentioned-user-id="177555252" ><s>@</s><b>oprahwinfrey_</b></a> If you provide me with an e-Mail address I will have The opportunity to explain our project!]]></document>
		<document id="240390093859340290" url="https://twitter.com/pilarroch/status/240390093859340290"><![CDATA[<a href="http://t.co/9sNwoCFb" rel="nofollow noopener" dir="ltr" data-expanded-url="http://video.forbes.com/fvn/powerwomen-12/top-10-most-powerful-women?partner=email" class="twitter-timeline-link" target="_blank" title="http://video.forbes.com/fvn/powerwomen-12/top-10-most-powerful-women?partner=email" ><span class="tco-ellipsis"></span><span class="invisible">http://</span><span class="js-display-url">video.forbes.com/fvn/powerwomen</span><span class="invisible">-12/top-10-most-powerful-women?partner=email</span><span class="tco-ellipsis"><span class="invisible">&nbsp;</span>…</span></a> Top 10 the world&#39;s top 10 Powerful Women. Tres presidentas del gobierno lideran la lista <a href="/hashtag/in?src=hash" data-query-source="hashtag_click" class="twitter-hashtag pretty-link js-nav" dir="ltr" ><s>#</s><b>in</b></a>]]></document>
		<document id="242880500065251328" url="https://twitter.com/pilarroch/status/242880500065251328"><![CDATA[Change your thoughts and You change your world. Norman Vincent Peale <a href="/DEVILLASANTEJR" class="twitter-atreply pretty-link js-nav" dir="ltr" data-mentioned-user-id="576018603" ><s>@</s><b>DEVILLASANTEJR</b></a>. Gracias los que trabajais x ideales <a href="/LilianFdez" class="twitter-atreply pretty-link js-nav" dir="ltr" data-mentioned-user-id="323118574" ><s>@</s><b>LilianFdez</b></a>]]></document>
		<document id="247392473398272000" url="https://twitter.com/pilarroch/status/247392473398272000"><![CDATA[Esta semana interesantes eventos, Aliter, Networking <a href="/womenalia" class="twitter-atreply pretty-link js-nav" dir="ltr" data-mentioned-user-id="91330606" ><s>@</s><b>womenalia</b></a>, <a href="/carinaszpilka" class="twitter-atreply pretty-link js-nav" dir="ltr" data-mentioned-user-id="126575175" ><s>@</s><b>carinaszpilka</b></a> en EPWN, <a href="/anamariallopis" class="twitter-atreply pretty-link js-nav" dir="ltr" data-mentioned-user-id="17686758" ><s>@</s><b>anamariallopis</b></a> en Women CEO info en Womenalia]]></document>
		<document id="249803192534171650" url="https://twitter.com/pilarroch/status/249803192534171650"><![CDATA[<a href="/LilianFdez" class="twitter-atreply pretty-link js-nav" dir="ltr" data-mentioned-user-id="323118574" ><s>@</s><b>LilianFdez</b></a> <a href="/MariaMariaroch" class="twitter-atreply pretty-link js-nav" dir="ltr" data-mentioned-user-id="518855593" ><s>@</s><b>MariaMariaroch</b></a> Thanks Baby!, the best part of being a Woman it&#39;s feel like that <a href="/womenalia" class="twitter-atreply pretty-link js-nav" dir="ltr" data-mentioned-user-id="91330606" ><s>@</s><b>womenalia</b></a><a href="http://t.co/zD51prE8" rel="nofollow noopener" dir="ltr" data-expanded-url="http://youtu.be/tGwnKGyfPJ8" class="twitter-timeline-link u-hidden" target="_blank" title="http://youtu.be/tGwnKGyfPJ8" ><span class="tco-ellipsis"></span><span class="invisible">http://</span><span class="js-display-url">youtu.be/tGwnKGyfPJ8</span><span class="invisible"></span><span class="tco-ellipsis"><span class="invisible">&nbsp;</span></span></a>]]></document>
		<document id="251766618793848832" url="https://twitter.com/pilarroch/status/251766618793848832"><![CDATA[conoce a HolaLuz y Carlota Pi <a href="/hashtag/eshowM2012?src=hash" data-query-source="hashtag_click" class="twitter-hashtag pretty-link js-nav" dir="ltr" ><s>#</s><b>eshowM2012</b></a> <a href="http://t.co/ocxhxt9K" rel="nofollow noopener" dir="ltr" data-expanded-url="http://www.womenalia.com/component/content/article/92-hoy-en-womenalia/otros-temas/566-carlota-pi-ganadora-de-womenalia-start-up-day-by-ono" class="twitter-timeline-link" target="_blank" title="http://www.womenalia.com/component/content/article/92-hoy-en-womenalia/otros-temas/566-carlota-pi-ganadora-de-womenalia-start-up-day-by-ono" ><span class="tco-ellipsis"></span><span class="invisible">http://www.</span><span class="js-display-url">womenalia.com/component/cont</span><span class="invisible">ent/article/92-hoy-en-womenalia/otros-temas/566-carlota-pi-ganadora-de-womenalia-start-up-day-by-ono</span><span class="tco-ellipsis"><span class="invisible">&nbsp;</span>…</span></a> <a href="/womenalia" class="twitter-atreply pretty-link js-nav" dir="ltr" data-mentioned-user-id="91330606" ><s>@</s><b>womenalia</b></a>]]></document>
		<document id="253718168793665536" url="https://twitter.com/pilarroch/status/253718168793665536"><![CDATA[“<a href="/Forbes" class="twitter-atreply pretty-link js-nav" dir="ltr" data-mentioned-user-id="91478624" ><s>@</s><b>Forbes</b></a>: How to manage your personal brand, especially during a job search. <a href="http://t.co/7FlCBaaS" rel="nofollow noopener" dir="ltr" data-expanded-url="http://bit.ly/QOj010" class="twitter-timeline-link" target="_blank" title="http://bit.ly/QOj010" ><span class="tco-ellipsis"></span><span class="invisible">http://</span><span class="js-display-url">bit.ly/QOj010</span><span class="invisible"></span><span class="tco-ellipsis"><span class="invisible">&nbsp;</span></span></a>”<a href="/womenalia" class="twitter-atreply pretty-link js-nav" dir="ltr" data-mentioned-user-id="91330606" ><s>@</s><b>womenalia</b></a> <a href="/NataliaGomez_es" class="twitter-atreply pretty-link js-nav" dir="ltr" data-mentioned-user-id="193451465" ><s>@</s><b>NataliaGomez_es</b></a>]]></document>
		<document id="266463880522379264" url="https://twitter.com/pilarroch/status/266463880522379264"><![CDATA[Con Avivah wittenberg-Cox, women leadership is an 
      STRATEGIC PRIORITY
II encuentro Mujer y Empresa]]></document>
		<document id="272441734154289153" url="https://twitter.com/pilarroch/status/272441734154289153"><![CDATA[Oferta de trabajo- Brand Manager Innovation de Michael Page <a href="http://t.co/2GdtyYae" rel="nofollow noopener" dir="ltr" data-expanded-url="http://www.womenalia.com/wempleo?view=guest&amp;layout=detailjob&amp;id=217" class="twitter-timeline-link" target="_blank" title="http://www.womenalia.com/wempleo?view=guest&amp;layout=detailjob&amp;id=217" ><span class="tco-ellipsis"></span><span class="invisible">http://www.</span><span class="js-display-url">womenalia.com/wempleo?view=g</span><span class="invisible">uest&amp;layout=detailjob&amp;id=217</span><span class="tco-ellipsis"><span class="invisible">&nbsp;</span>…</span></a>]]></document>
		<document id="289630307240529921" url="https://twitter.com/pilarroch/status/289630307240529921"><![CDATA[Entrevista a Hanne jeppsson en <a href="/womenalia" class="twitter-atreply pretty-link js-nav" dir="ltr" data-mentioned-user-id="91330606" ><s>@</s><b>womenalia</b></a> <a href="http://t.co/c34nbM6o" rel="nofollow noopener" dir="ltr" data-expanded-url="http://Womenalia.com" class="twitter-timeline-link" target="_blank" title="http://Womenalia.com" ><span class="tco-ellipsis"></span><span class="invisible">http://</span><span class="js-display-url">Womenalia.com</span><span class="invisible"></span><span class="tco-ellipsis"><span class="invisible">&nbsp;</span></span></a> , w50 2012]]></document>
		<document id="290878047396171776" url="https://twitter.com/pilarroch/status/290878047396171776"><![CDATA[Bienvenidas a twitter ! <a href="/tweetWomenCEO" class="twitter-atreply pretty-link js-nav" dir="ltr" data-mentioned-user-id="972343063" ><s>@</s><b>tweetwomenceo</b></a>]]></document>
		<document id="292157280537952256" url="https://twitter.com/pilarroch/status/292157280537952256"><![CDATA[How Real Women Negotiate their Lives and Careers - Forbes <a href="http://t.co/eHRqwuJu" rel="nofollow noopener" dir="ltr" data-expanded-url="http://onforb.es/V8mZth" class="twitter-timeline-link" target="_blank" title="http://onforb.es/V8mZth" ><span class="tco-ellipsis"></span><span class="invisible">http://</span><span class="js-display-url">onforb.es/V8mZth</span><span class="invisible"></span><span class="tco-ellipsis"><span class="invisible">&nbsp;</span></span></a> que real no?]]></document>
		<document id="297008949889224704" url="https://twitter.com/pilarroch/status/297008949889224704"><![CDATA[I&#39;ve voted Maria G. del Pozuelo, <a href="/mgdelpozuelo" class="twitter-atreply pretty-link js-nav" dir="ltr" data-mentioned-user-id="224982531" ><s>@</s><b>mgdelpozuelo</b></a> as &quot;Best Co-founder&quot; in the TNW Spanish Startup Awards <a href="/hashtag/SSA?src=hash" data-query-source="hashtag_click" class="twitter-hashtag pretty-link js-nav" dir="ltr" ><s>#</s><b>SSA</b></a> <a href="http://t.co/QpheBBNF" rel="nofollow noopener" dir="ltr" data-expanded-url="http://tnw.to/spainawards" class="twitter-timeline-link" target="_blank" title="http://tnw.to/spainawards" ><span class="tco-ellipsis"></span><span class="invisible">http://</span><span class="js-display-url">tnw.to/spainawards</span><span class="invisible"></span><span class="tco-ellipsis"><span class="invisible">&nbsp;</span></span></a>]]></document>
		<document id="297361819436204034" url="https://twitter.com/pilarroch/status/297361819436204034"><![CDATA[Why Crowdfunding Is a Game-Change for Women Entrepreneurs - Forbes <a href="http://t.co/EvLlmF3I" rel="nofollow noopener" dir="ltr" data-expanded-url="http://onforb.es/X8clNG-" class="twitter-timeline-link" target="_blank" title="http://onforb.es/X8clNG-" ><span class="tco-ellipsis"></span><span class="invisible">http://</span><span class="js-display-url">onforb.es/X8clNG-</span><span class="invisible"></span><span class="tco-ellipsis"><span class="invisible">&nbsp;</span></span></a> el crowdfunding es una gran oportunidad para todos]]></document>
		<document id="321485580892516352" url="https://twitter.com/pilarroch/status/321485580892516352"><![CDATA[Breakfast today with <a href="/JulieTKatzman" class="twitter-atreply pretty-link js-nav" dir="ltr" data-mentioned-user-id="404375863" ><s>@</s><b>JulieTKatzman</b></a> wanting to meet her and the labor of the interamerican development bank. Thanks <a href="/Inforpress" class="twitter-atreply pretty-link js-nav" dir="ltr" data-mentioned-user-id="3055758047" ><s>@</s><b>Inforpress</b></a>]]></document>
		<document id="321520792854740992" url="https://twitter.com/pilarroch/status/321520792854740992"><![CDATA[Money given to women  helps families and children, one of the reasons we highly support female entrepreneurship <a href="/Inforpress" class="twitter-atreply pretty-link js-nav" dir="ltr" data-mentioned-user-id="3055758047" ><s>@</s><b>inforpress</b></a> <a href="/JulieTKatzman" class="twitter-atreply pretty-link js-nav" dir="ltr" data-mentioned-user-id="404375863" ><s>@</s><b>julietkatzman</b></a>]]></document>
		<document id="321523844726784000" url="https://twitter.com/pilarroch/status/321523844726784000"><![CDATA[The BID( interamerican Bank for Development )invest on businesses that have a women balanced management teams <a href="/womenalia" class="twitter-atreply pretty-link js-nav" dir="ltr" data-mentioned-user-id="91330606" ><s>@</s><b>womenalia</b></a> <a href="/JulieTKatzman" class="twitter-atreply pretty-link js-nav" dir="ltr" data-mentioned-user-id="404375863" ><s>@</s><b>Julietkatzman</b></a>]]></document>
		<document id="321527626428723201" url="https://twitter.com/pilarroch/status/321527626428723201"><![CDATA[Great need in Latin America also for Women empowerment and women networking. <a href="/womenalia" class="twitter-atreply pretty-link js-nav" dir="ltr" data-mentioned-user-id="91330606" ><s>@</s><b>womenalia</b></a> <a href="/JulieTKatzman" class="twitter-atreply pretty-link js-nav" dir="ltr" data-mentioned-user-id="404375863" ><s>@</s><b>julietkatzman</b></a> <a href="/Inforpress" class="twitter-atreply pretty-link js-nav" dir="ltr" data-mentioned-user-id="3055758047" ><s>@</s><b>inforpress</b></a>]]></document>
		<document id="342589944780423169" url="https://twitter.com/pilarroch/status/342589944780423169"><![CDATA[“<a href="/zincshower" class="twitter-atreply pretty-link js-nav" dir="ltr" data-mentioned-user-id="804187339" ><s>@</s><b>zincshower</b></a>: Gracias x el RT]]></document>
		<document id="369409104067821568" url="https://twitter.com/pilarroch/status/369409104067821568"><![CDATA[Top 100 Websites For Women 2012  <a href="http://t.co/qF9Mm7RRzp" rel="nofollow noopener" dir="ltr" data-expanded-url="http://onforb.es/Mi6lRz" class="twitter-timeline-link" target="_blank" title="http://onforb.es/Mi6lRz" ><span class="tco-ellipsis"></span><span class="invisible">http://</span><span class="js-display-url">onforb.es/Mi6lRz</span><span class="invisible"></span><span class="tco-ellipsis"><span class="invisible">&nbsp;</span></span></a> vía <a href="/Forbes" class="twitter-atreply pretty-link js-nav" dir="ltr" data-mentioned-user-id="91478624" ><s>@</s><b>forbes</b></a> las mejores webs de USA para Mujeres ;-) <a href="/womenalia" class="twitter-atreply pretty-link js-nav" dir="ltr" data-mentioned-user-id="91330606" ><s>@</s><b>womenalia</b></a>]]></document>
		<document id="385670191411367936" url="https://twitter.com/pilarroch/status/385670191411367936"><![CDATA[Muchas gracias @sanchomichell Contamos contigo para  <a href="/womenalia" class="twitter-atreply pretty-link js-nav" dir="ltr" data-mentioned-user-id="91330606" ><s>@</s><b>womenalia</b></a> en  <a href="/hashtag/Sepcocantabria2013?src=hash" data-query-source="hashtag_click" class="twitter-hashtag pretty-link js-nav" dir="ltr" ><s>#</s><b>Sepcocantabria2013</b></a>  y networking  santander womenalia 10 Oct <a href="/sauvermc" class="twitter-atreply pretty-link js-nav" dir="ltr" data-mentioned-user-id="194041548" ><s>@</s><b>sauvermc</b></a>]]></document>
		<document id="387816908642197504" url="https://twitter.com/pilarroch/status/387816908642197504"><![CDATA[Digital trends in healthcare and pharma marketing by <a href="/GSW_Worldwide" class="twitter-atreply pretty-link js-nav" dir="ltr" data-mentioned-user-id="1710257934" ><s>@</s><b>GSW_Worldwide</b></a> <a href="/hashtag/2010trends?src=hash" data-query-source="hashtag_click" class="twitter-hashtag pretty-link js-nav" dir="ltr" ><s>#</s><b>2010trends</b></a> <a href="/hashtag/digitalideas?src=hash" data-query-source="hashtag_click" class="twitter-hashtag pretty-link js-nav" dir="ltr" ><s>#</s><b>digitalideas</b></a> <a href="http://t.co/wEcr45NlUx" rel="nofollow noopener" dir="ltr" data-expanded-url="http://www.slideshare.net/GSW_Worldwide/digital-trends-for-healthcare" class="twitter-timeline-link" target="_blank" title="http://www.slideshare.net/GSW_Worldwide/digital-trends-for-healthcare" ><span class="tco-ellipsis"></span><span class="invisible">http://www.</span><span class="js-display-url">slideshare.net/GSW_Worldwide/</span><span class="invisible">digital-trends-for-healthcare</span><span class="tco-ellipsis"><span class="invisible">&nbsp;</span>…</span></a> vía <a href="/SlideShare" class="twitter-atreply pretty-link js-nav" dir="ltr" data-mentioned-user-id="9676152" ><s>@</s><b>SlideShare</b></a>]]></document>
		<document id="393703232314544128" url="https://twitter.com/pilarroch/status/393703232314544128"><![CDATA[A Startup is NOT a small version of a company ! <a href="/bobdorf" class="twitter-atreply pretty-link js-nav" dir="ltr" data-mentioned-user-id="65217298" ><s>@</s><b>bobdorf</b></a> <a href="/opinno" class="twitter-atreply pretty-link js-nav" dir="ltr" data-mentioned-user-id="17112661" ><s>@</s><b>opinno</b></a> <a href="/hashtag/bdorfopinno?src=hash" data-query-source="hashtag_click" class="twitter-hashtag pretty-link js-nav" dir="ltr" ><s>#</s><b>bdorfopinno</b></a> . Love to be here]]></document>
		<document id="393705863468576768" url="https://twitter.com/pilarroch/status/393705863468576768"><![CDATA[Failure is a difficult thing to deal with in the Spanish Culture. AND You learn so
Much more when You fail! <a href="/LilianFdez" class="twitter-atreply pretty-link js-nav" dir="ltr" data-mentioned-user-id="323118574" ><s>@</s><b>LilianFdez</b></a> <a href="/bobdorf" class="twitter-atreply pretty-link js-nav" dir="ltr" data-mentioned-user-id="65217298" ><s>@</s><b>bobdorf</b></a> <a href="/opinno" class="twitter-atreply pretty-link js-nav" dir="ltr" data-mentioned-user-id="17112661" ><s>@</s><b>opinno</b></a>]]></document>
		<document id="393822784478277632" url="https://twitter.com/pilarroch/status/393822784478277632"><![CDATA[Seller= Business development Manager. Thanks <a href="/bobdorf" class="twitter-atreply pretty-link js-nav" dir="ltr" data-mentioned-user-id="65217298" ><s>@</s><b>bobdorf</b></a> and Your startup owners Manual <a href="/mgdelpozuelo" class="twitter-atreply pretty-link js-nav" dir="ltr" data-mentioned-user-id="224982531" ><s>@</s><b>mgdelpozuelo</b></a> <a href="/womenalia" class="twitter-atreply pretty-link js-nav" dir="ltr" data-mentioned-user-id="91330606" ><s>@</s><b>womenalia</b></a>]]></document>
	</documents>
</author>