<?xml version="1.0" encoding="UTF-8" standalone="no"?><author age_group="xx" gender="xx" lang="EN" type="twitter" url="https://twitter.com/ArangoCoaching">
	<documents count="386">
		<document id="359126410532634625" url="https://twitter.com/ArangoCoaching/status/359126410532634625"><![CDATA[Small changes eventually add up to huge results. (via <a href="/2thank" class="twitter-atreply pretty-link js-nav" dir="ltr" data-mentioned-user-id="55121922" ><s>@</s><b>2thank</b></a>)]]></document>
		<document id="359149162404646913" url="https://twitter.com/ArangoCoaching/status/359149162404646913"><![CDATA[You can close your eyes to things you don&#39;t want to see, but u can&#39;t close your heart to things you don&#39;t want to feel. <a href="/Inspired2Share" class="twitter-atreply pretty-link js-nav" dir="ltr" data-mentioned-user-id="311567765" ><s>@</s><b>Inspired2Share</b></a>]]></document>
		<document id="359176332116103169" url="https://twitter.com/ArangoCoaching/status/359176332116103169"><![CDATA[¿Algo tiene que ver con Twitter? <a href="http://t.co/TL0lNny5QS" rel="nofollow noopener" dir="ltr" data-expanded-url="http://twitpic.com/d30e3y" class="twitter-timeline-link" target="_blank" title="http://twitpic.com/d30e3y" ><span class="tco-ellipsis"></span><span class="invisible">http://</span><span class="js-display-url">twitpic.com/d30e3y</span><span class="invisible"></span><span class="tco-ellipsis"><span class="invisible">&nbsp;</span></span></a>  <a href="/NatGeoPaisajes" class="twitter-atreply pretty-link js-nav" dir="ltr" data-mentioned-user-id="1703055474" ><s>@</s><b>NatGeoPaisajes</b></a>]]></document>
		<document id="360359297407926272" url="https://twitter.com/ArangoCoaching/status/360359297407926272"><![CDATA[&quot;Many strokes overthrow the tallest oaks.&quot; - John Lyly (via <a href="/DennyCoates" class="twitter-atreply pretty-link js-nav" dir="ltr" data-mentioned-user-id="33998869" ><s>@</s><b>DennyCoates</b></a>)]]></document>
		<document id="361957763867357184" url="https://twitter.com/ArangoCoaching/status/361957763867357184"><![CDATA[«You can do anything, but not everything». David Allen... <a href="/hashtag/AprendiendoDeLosMejores?src=hash" data-query-source="hashtag_click" class="twitter-hashtag pretty-link js-nav" dir="ltr" ><s>#</s><b>AprendiendoDeLosMejores</b></a> (via <a href="/falcaide" class="twitter-atreply pretty-link js-nav" dir="ltr" data-mentioned-user-id="19060050" ><s>@</s><b>falcaide</b></a>)]]></document>
		<document id="361957942838312960" url="https://twitter.com/ArangoCoaching/status/361957942838312960"><![CDATA[This very moment is the most important. ~Barb (via <a href="/Barb_Calabrese" class="twitter-atreply pretty-link js-nav" dir="ltr" data-mentioned-user-id="26137875" ><s>@</s><b>Barb_Calabrese</b></a>)]]></document>
		<document id="362442985310388224" url="https://twitter.com/ArangoCoaching/status/362442985310388224"><![CDATA[Mi tiempo fue corto pero intenso. Sed felices sin regatear. (via <a href="/huifang12" class="twitter-atreply pretty-link js-nav" dir="ltr" data-mentioned-user-id="240831080" ><s>@</s><b>huifang12</b></a>)]]></document>
		<document id="362443765522243584" url="https://twitter.com/ArangoCoaching/status/362443765522243584"><![CDATA[Avoid bad luck numbers when setting prices <a href="http://t.co/uiHL5IC16p" rel="nofollow noopener" dir="ltr" data-expanded-url="http://s.hbr.org/11sYGax" class="twitter-timeline-link" target="_blank" title="http://s.hbr.org/11sYGax" ><span class="tco-ellipsis"></span><span class="invisible">http://</span><span class="js-display-url">s.hbr.org/11sYGax</span><span class="invisible"></span><span class="tco-ellipsis"><span class="invisible">&nbsp;</span></span></a> (via <a href="/HarvardBiz" class="twitter-atreply pretty-link js-nav" dir="ltr" data-mentioned-user-id="14800270" ><s>@</s><b>HarvardBiz</b></a>)]]></document>
		<document id="363603260331917313" url="https://twitter.com/ArangoCoaching/status/363603260331917313"><![CDATA[Care less, smile more. (via <a href="/Epic_Women" class="twitter-atreply pretty-link js-nav" dir="ltr" data-mentioned-user-id="169291609" ><s>@</s><b>Epic_Women</b></a>)]]></document>
		<document id="364253208954540032" url="https://twitter.com/ArangoCoaching/status/364253208954540032"><![CDATA[&quot;You cannot change your destination overnight, but you can change your direction overnight.&quot; ~ Jim Rohn <a href="/hashtag/leadership?src=hash" data-query-source="hashtag_click" class="twitter-hashtag pretty-link js-nav" dir="ltr" ><s>#</s><b>leadership</b></a> (via <a href="/ManagersDiary" class="twitter-atreply pretty-link js-nav" dir="ltr" data-mentioned-user-id="38804737" ><s>@</s><b>ManagersDiary</b></a>)]]></document>
		<document id="364466682204790784" url="https://twitter.com/ArangoCoaching/status/364466682204790784"><![CDATA[Para <a href="/Mar_GMF" class="twitter-atreply pretty-link js-nav" dir="ltr" data-mentioned-user-id="248335190" ><s>@</s><b>Mar_GMF</b></a> :-) &quot;<a href="/22davidperez" class="twitter-atreply pretty-link js-nav" dir="ltr" data-mentioned-user-id="541152833" ><s>@</s><b>22davidperez</b></a>: <a href="http://t.co/YO5FuM2vOz" class="twitter-timeline-link u-hidden" data-pre-embedded="true" dir="ltr" >pic.twitter.com/YO5FuM2vOz</a>&quot; (via <a href="/lepidoptera2" class="twitter-atreply pretty-link js-nav" dir="ltr" data-mentioned-user-id="365463485" ><s>@</s><b>lepidoptera2</b></a>)]]></document>
		<document id="364467886460768256" url="https://twitter.com/ArangoCoaching/status/364467886460768256"><![CDATA[<a href="/marmas1975" class="twitter-atreply pretty-link js-nav" dir="ltr" data-mentioned-user-id="220975067" ><s>@</s><b>marmas1975</b></a> <a href="/Ignacionovo" class="twitter-atreply pretty-link js-nav" dir="ltr" data-mentioned-user-id="78237727" ><s>@</s><b>Ignacionovo</b></a> el 200% de algo. pero ¿de qué no estâs dando?]]></document>
		<document id="364629612006871040" url="https://twitter.com/ArangoCoaching/status/364629612006871040"><![CDATA[Hmm... that&#39;s an odd looking baby lamb <a href="http://t.co/F4hXgsbPQ6" class="twitter-timeline-link u-hidden" data-pre-embedded="true" dir="ltr" >pic.twitter.com/F4hXgsbPQ6</a> (via <a href="/BabyAnimalPics" class="twitter-atreply pretty-link js-nav" dir="ltr" data-mentioned-user-id="1372975219" ><s>@</s><b>BabyAnimalPics</b></a>)]]></document>
		<document id="366895102892838913" url="https://twitter.com/ArangoCoaching/status/366895102892838913"><![CDATA[Nighttime mantra...I&#39;m pleased I made an stop today and &quot;smell the roses&quot;. <a href="/drhappy" class="twitter-atreply pretty-link js-nav" dir="ltr" data-mentioned-user-id="42837353" ><s>@</s><b>drhappy</b></a>]]></document>
		<document id="367545116304502784" url="https://twitter.com/ArangoCoaching/status/367545116304502784"><![CDATA[&quot;A World Most Strange and Beautiful: Five Stunning New UNESCO Sites&quot;<a href="http://t.co/Sm9Ol9otS9" rel="nofollow noopener" dir="ltr" data-expanded-url="http://www.atlasobscura.com/articles/2013-new-unesco-sites" class="twitter-timeline-link u-hidden" target="_blank" title="http://www.atlasobscura.com/articles/2013-new-unesco-sites" ><span class="tco-ellipsis"></span><span class="invisible">http://www.</span><span class="js-display-url">atlasobscura.com/articles/2013-</span><span class="invisible">new-unesco-sites</span><span class="tco-ellipsis"><span class="invisible">&nbsp;</span>…</span></a>]]></document>
		<document id="368124606156386304" url="https://twitter.com/ArangoCoaching/status/368124606156386304"><![CDATA[you give me the kind of feeling people write novels about.]]></document>
		<document id="368766571289665536" url="https://twitter.com/ArangoCoaching/status/368766571289665536"><![CDATA[Coaching para tu empresa by <a href="/proquame" class="twitter-atreply pretty-link js-nav" dir="ltr" data-mentioned-user-id="774395484" ><s>@</s><b>proquame</b></a> on <a href="/SlideShare" class="twitter-atreply pretty-link js-nav" dir="ltr" data-mentioned-user-id="9676152" ><s>@</s><b>slideshare</b></a> <a href="/hashtag/coaching?src=hash" data-query-source="hashtag_click" class="twitter-hashtag pretty-link js-nav" dir="ltr" ><s>#</s><b>coaching</b></a> <a href="/hashtag/cristinapalliser?src=hash" data-query-source="hashtag_click" class="twitter-hashtag pretty-link js-nav" dir="ltr" ><s>#</s><b>cristinapalliser</b></a><a href="http://t.co/zx1Vs59oIz" rel="nofollow noopener" dir="ltr" data-expanded-url="http://www.slideshare.net/SalvadorTaule/coaching-para-tu-empresa" class="twitter-timeline-link u-hidden" target="_blank" title="http://www.slideshare.net/SalvadorTaule/coaching-para-tu-empresa" ><span class="tco-ellipsis"></span><span class="invisible">http://www.</span><span class="js-display-url">slideshare.net/SalvadorTaule/</span><span class="invisible">coaching-para-tu-empresa</span><span class="tco-ellipsis"><span class="invisible">&nbsp;</span>…</span></a>]]></document>
		<document id="369450267567075328" url="https://twitter.com/ArangoCoaching/status/369450267567075328"><![CDATA[<a href="http://t.co/OiB2S5baZE" class="twitter-timeline-link u-hidden" data-pre-embedded="true" dir="ltr" >pic.twitter.com/OiB2S5baZE</a>]]></document>
		<document id="370081050124636160" url="https://twitter.com/ArangoCoaching/status/370081050124636160"><![CDATA[Me too!! <a href="/hashtag/Grateful?src=hash" data-query-source="hashtag_click" class="twitter-hashtag pretty-link js-nav" dir="ltr" ><s>#</s><b>Grateful</b></a> for this day and for those I meet along the way. ~Barb&quot; <a href="/Barb_Calabrese" class="twitter-atreply pretty-link js-nav" dir="ltr" data-mentioned-user-id="26137875" ><s>@</s><b>Barb_Calabrese</b></a>]]></document>
		<document id="370086846300438528" url="https://twitter.com/ArangoCoaching/status/370086846300438528"><![CDATA[Google patents &#39;pay-per-gaze&#39; eye-tracking that could measure emotional response to real-world ads  <a href="http://t.co/PDtLgdMPbN" rel="nofollow noopener" dir="ltr" data-expanded-url="http://bit.ly/1drt6it" class="twitter-timeline-link" target="_blank" title="http://bit.ly/1drt6it" ><span class="tco-ellipsis"></span><span class="invisible">http://</span><span class="js-display-url">bit.ly/1drt6it</span><span class="invisible"></span><span class="tco-ellipsis"><span class="invisible">&nbsp;</span></span></a>&quot; <a href="/TOLMOS" class="twitter-atreply pretty-link js-nav" dir="ltr" data-mentioned-user-id="8513962" ><s>@</s><b>TOLMOS</b></a>]]></document>
		<document id="370087394642776064" url="https://twitter.com/ArangoCoaching/status/370087394642776064"><![CDATA[Fortune 500 CEOs on <a href="/hashtag/Twitter?src=hash" data-query-source="hashtag_click" class="twitter-hashtag pretty-link js-nav" dir="ltr" ><s>#</s><b>Twitter</b></a>: Good for business? <a href="http://t.co/UmMnJJtkjZ" rel="nofollow noopener" dir="ltr" data-expanded-url="http://bit.ly/1dq7KlF" class="twitter-timeline-link" target="_blank" title="http://bit.ly/1dq7KlF" ><span class="tco-ellipsis"></span><span class="invisible">http://</span><span class="js-display-url">bit.ly/1dq7KlF</span><span class="invisible"></span><span class="tco-ellipsis"><span class="invisible">&nbsp;</span></span></a> <a href="/hashtag/socialmedia?src=hash" data-query-source="hashtag_click" class="twitter-hashtag pretty-link js-nav" dir="ltr" ><s>#</s><b>socialmedia</b></a>&quot; &quot;<a href="/Topsy" class="twitter-atreply pretty-link js-nav" dir="ltr" data-mentioned-user-id="27823571" ><s>@</s><b>Topsy</b></a>]]></document>
		<document id="370511201283084288" url="https://twitter.com/ArangoCoaching/status/370511201283084288"><![CDATA[<a href="http://t.co/o38HVaJXH2" rel="nofollow noopener" dir="ltr" data-expanded-url="http://historiasdelahistoria.com/2013/08/22/las-brujas-de-la-noche-una-pesadilla-para-los-alemanes-durante-la-ii-guerra-mundial" class="twitter-timeline-link u-hidden" target="_blank" title="http://historiasdelahistoria.com/2013/08/22/las-brujas-de-la-noche-una-pesadilla-para-los-alemanes-durante-la-ii-guerra-mundial" ><span class="tco-ellipsis"></span><span class="invisible">http://</span><span class="js-display-url">historiasdelahistoria.com/2013/08/22/las</span><span class="invisible">-brujas-de-la-noche-una-pesadilla-para-los-alemanes-durante-la-ii-guerra-mundial</span><span class="tco-ellipsis"><span class="invisible">&nbsp;</span>…</span></a>]]></document>
		<document id="371171542170087424" url="https://twitter.com/ArangoCoaching/status/371171542170087424"><![CDATA[&quot;Do you want to live an amazing life? Then it&#39;s time to start making yourself stronger than your excuses.]]></document>
		<document id="371321999882481665" url="https://twitter.com/ArangoCoaching/status/371321999882481665"><![CDATA[yin yang pups <a href="http://t.co/Ij4VXjhVUp" class="twitter-timeline-link u-hidden" data-pre-embedded="true" dir="ltr" >pic.twitter.com/Ij4VXjhVUp</a> <a href="/BabyAnimalPics" class="twitter-atreply pretty-link js-nav" dir="ltr" data-mentioned-user-id="1372975219" ><s>@</s><b>BabyAnimalPics</b></a>]]></document>
		<document id="371884532301324288" url="https://twitter.com/ArangoCoaching/status/371884532301324288"><![CDATA[RT si te ha pasado. <a href="http://t.co/wGNO2EvcNt" rel="nofollow noopener" dir="ltr" data-expanded-url="https://twitter.com/ImagenesTwits/status/371730334607368194/photo/1" class="twitter-timeline-link" target="_blank" title="https://twitter.com/ImagenesTwits/status/371730334607368194/photo/1" ><span class="tco-ellipsis"></span><span class="invisible">https://twitter.com/ImagenesTwits/status/371730334607368194/photo/1</span><span class="js-display-url">pic.twitter.com/wGNO2EvcNt</span><span class="invisible"></span><span class="tco-ellipsis"><span class="invisible">&nbsp;</span></span></a> <a href="/ImagenesTwits" class="twitter-atreply pretty-link js-nav" dir="ltr" data-mentioned-user-id="1350154788" ><s>@</s><b>ImagenesTwits</b></a>]]></document>
		<document id="372354232378474496" url="https://twitter.com/ArangoCoaching/status/372354232378474496"><![CDATA[Compré los medicamentos que necesitaba. veinte euros. tengo tos. Por encima de mis posibilidades via <a href="/Tom_Clad" class="twitter-atreply pretty-link js-nav" dir="ltr" data-mentioned-user-id="240431750" ><s>@</s><b>tom_clad</b></a>]]></document>
		<document id="372825719271092224" url="https://twitter.com/ArangoCoaching/status/372825719271092224"><![CDATA[<a href="/bitapereto" class="twitter-atreply pretty-link js-nav" dir="ltr" data-mentioned-user-id="831268135" ><s>@</s><b>bitapereto</b></a> genial Bita, nos leemos :)]]></document>
		<document id="373670022511853568" url="https://twitter.com/ArangoCoaching/status/373670022511853568"><![CDATA[An active mind cannot exist in an inactive body. - General George Patton <a href="/Brillianttquote" class="twitter-atreply pretty-link js-nav" dir="ltr" data-mentioned-user-id="974011206" ><s>@</s><b>Brillianttquote</b></a>]]></document>
		<document id="373745277586255872" url="https://twitter.com/ArangoCoaching/status/373745277586255872"><![CDATA[EL PRIMER DISCO DURO ESTÁ SOBRESCRITO Y EL SEGUNDO YA TAL. <a href="/masaenfurecida" class="twitter-atreply pretty-link js-nav" dir="ltr" data-mentioned-user-id="250620677" ><s>@</s><b>masaenfurecida</b></a>]]></document>
		<document id="374129339006472192" url="https://twitter.com/ArangoCoaching/status/374129339006472192"><![CDATA[<a href="/ArangoCoaching" class="twitter-atreply pretty-link js-nav" dir="ltr" data-mentioned-user-id="109612002" ><s>@</s><b>ArangoCoaching</b></a> @marcosdeley]]></document>
		<document id="374129409340760064" url="https://twitter.com/ArangoCoaching/status/374129409340760064"><![CDATA[<a href="/ArangoCoaching" class="twitter-atreply pretty-link js-nav" dir="ltr" data-mentioned-user-id="109612002" ><s>@</s><b>ArangoCoaching</b></a> <a href="/marcosleyley" class="twitter-atreply pretty-link js-nav" dir="ltr" data-mentioned-user-id="218918328" ><s>@</s><b>marcosleyley</b></a>]]></document>
		<document id="374555376097951744" url="https://twitter.com/ArangoCoaching/status/374555376097951744"><![CDATA[Music make good days awesome and hard days better. Agree? <a href="/_robin_sharma" class="twitter-atreply pretty-link js-nav" dir="ltr" data-mentioned-user-id="3893224163" ><s>@</s><b>_robin_sharma</b></a>]]></document>
		<document id="374629857097166848" url="https://twitter.com/ArangoCoaching/status/374629857097166848"><![CDATA[Don&#39;t cry because it&#39;s over. Smile because it happened. -Dr. Seuss <a href="/Oprah_World" class="twitter-atreply pretty-link js-nav" dir="ltr" data-mentioned-user-id="2982155979" ><s>@</s><b>Oprah_World</b></a>]]></document>
		<document id="375361562217025536" url="https://twitter.com/ArangoCoaching/status/375361562217025536"><![CDATA[I BELIEVE THAT HAPPY GIRLS ARE THE PRETTIEST GIRLS. -Audrey Hepburn &quot;<a href="/FamousWomen" class="twitter-atreply pretty-link js-nav" dir="ltr" data-mentioned-user-id="128472974" ><s>@</s><b>FamousWomen</b></a>]]></document>
		<document id="375383095035580416" url="https://twitter.com/ArangoCoaching/status/375383095035580416"><![CDATA[We either make ourselves miserable, or we make ourselves happy. The amount of work is the same. ~Carlos Castaneda &quot;<a href="/Barb_Calabrese" class="twitter-atreply pretty-link js-nav" dir="ltr" data-mentioned-user-id="26137875" ><s>@</s><b>Barb_Calabrese</b></a>]]></document>
		<document id="375705644420300800" url="https://twitter.com/ArangoCoaching/status/375705644420300800"><![CDATA[Dear Obama, remember Soria is not Siria. Please, check before bombing]]></document>
		<document id="376610803673464832" url="https://twitter.com/ArangoCoaching/status/376610803673464832"><![CDATA[Never give up on the things that make you smile &quot;<a href="/Women_Fit" class="twitter-atreply pretty-link js-nav" dir="ltr" data-mentioned-user-id="596344490" ><s>@</s><b>Women_Fit</b></a>]]></document>
		<document id="377485935598112768" url="https://twitter.com/ArangoCoaching/status/377485935598112768"><![CDATA[All athletes retweet. <a href="http://t.co/kqozgx7o18" class="twitter-timeline-link u-hidden" data-pre-embedded="true" dir="ltr" >pic.twitter.com/kqozgx7o18</a> &quot;<a href="/AthletePride" class="twitter-atreply pretty-link js-nav" dir="ltr" data-mentioned-user-id="1618754714" ><s>@</s><b>AthletePride</b></a>]]></document>
		<document id="379182400770953216" url="https://twitter.com/ArangoCoaching/status/379182400770953216"><![CDATA[Tu propia luz, brilla!<a href="http://t.co/H0DFsOkuZ3" class="twitter-timeline-link u-hidden" data-pre-embedded="true" dir="ltr" >pic.twitter.com/H0DFsOkuZ3</a>]]></document>
		<document id="379360182578741248" url="https://twitter.com/ArangoCoaching/status/379360182578741248"><![CDATA[Training Business Coaching <a href="http://t.co/pGORQQwDd5" rel="nofollow noopener" dir="ltr" data-expanded-url="http://www.theboldchoice.com/mobi/1/este_codigo_mola_1368085.html#.UjYqA846AmY.twitter" class="twitter-timeline-link" target="_blank" title="http://www.theboldchoice.com/mobi/1/este_codigo_mola_1368085.html#.UjYqA846AmY.twitter" ><span class="tco-ellipsis"></span><span class="invisible">http://www.</span><span class="js-display-url">theboldchoice.com/mobi/1/este_co</span><span class="invisible">digo_mola_1368085.html#.UjYqA846AmY.twitter</span><span class="tco-ellipsis"><span class="invisible">&nbsp;</span>…</span></a>]]></document>
		<document id="379364413931024384" url="https://twitter.com/ArangoCoaching/status/379364413931024384"><![CDATA[Moni, xa ti:The purpose of spiritual practice is to effect a transformation in our attitudes; to make our mindsmorepositive <a href="/DalaiLamaQuotez" class="twitter-atreply pretty-link js-nav" dir="ltr" data-mentioned-user-id="2547452438" ><s>@</s><b>DalaiLamaQuotez</b></a>]]></document>
		<document id="379685818128138240" url="https://twitter.com/ArangoCoaching/status/379685818128138240"><![CDATA[&quot;<a href="/Barb_Calabrese" class="twitter-atreply pretty-link js-nav" dir="ltr" data-mentioned-user-id="26137875" ><s>@</s><b>Barb_Calabrese</b></a>: Always try - always choose to get up. You know how to overcomer challenges. You’ve done it before and you can do it again]]></document>
		<document id="380597557808074752" url="https://twitter.com/ArangoCoaching/status/380597557808074752"><![CDATA[I always tried to turn every disaster into an opportunity. - John D. Rockefeller <a href="/Brillianttquote" class="twitter-atreply pretty-link js-nav" dir="ltr" data-mentioned-user-id="974011206" ><s>@</s><b>Brillianttquote</b></a>]]></document>
		<document id="381872694268272640" url="https://twitter.com/ArangoCoaching/status/381872694268272640"><![CDATA[I don&#39;t ever look back. I look forward. Steffi Graf &quot;<a href="/DennyCoates" class="twitter-atreply pretty-link js-nav" dir="ltr" data-mentioned-user-id="33998869" ><s>@</s><b>DennyCoates</b></a>]]></document>
		<document id="382972059460329472" url="https://twitter.com/ArangoCoaching/status/382972059460329472"><![CDATA[&quot;<a href="/iIusionOptica" class="twitter-atreply pretty-link js-nav" dir="ltr" data-mentioned-user-id="1441283196" ><s>@</s><b>iIusionOptica</b></a>: <a href="http://t.co/zVPfFfppqe" class="twitter-timeline-link u-hidden" data-pre-embedded="true" dir="ltr" >pic.twitter.com/zVPfFfppqe</a>&quot;]]></document>
		<document id="385195585458176000" url="https://twitter.com/ArangoCoaching/status/385195585458176000"><![CDATA[Don&#39;t miss your miracle today. Barb &quot;<a href="/Barb_Calabrese" class="twitter-atreply pretty-link js-nav" dir="ltr" data-mentioned-user-id="26137875" ><s>@</s><b>Barb_Calabrese</b></a>]]></document>
		<document id="387987257648742400" url="https://twitter.com/ArangoCoaching/status/387987257648742400"><![CDATA[De acuerdo?: A mere friend will agree with you, but a real friend will argue. -Russian Proverb <a href="/AncientWisdoms" class="twitter-atreply pretty-link js-nav" dir="ltr" data-mentioned-user-id="132175413" ><s>@</s><b>AncientWisdoms</b></a>]]></document>
		<document id="389843084605145089" url="https://twitter.com/ArangoCoaching/status/389843084605145089"><![CDATA[&quot;<a href="/DennyCoates" class="twitter-atreply pretty-link js-nav" dir="ltr" data-mentioned-user-id="33998869" ><s>@</s><b>DennyCoates</b></a>: &quot;This I conceive to be the chemical function of humor: to change the character of our thought.&quot; - Lin Yutang&quot;]]></document>
		<document id="389864401542463488" url="https://twitter.com/ArangoCoaching/status/389864401542463488"><![CDATA[... a donde sea pero contigo]]></document>
		<document id="391801600215642112" url="https://twitter.com/ArangoCoaching/status/391801600215642112"><![CDATA[stay with people who help you through hard times, and laugh with you after the hard times pass <a href="/FamousWomen" class="twitter-atreply pretty-link js-nav" dir="ltr" data-mentioned-user-id="128472974" ><s>@</s><b>FamousWomen</b></a>]]></document>
		<document id="391802375893446656" url="https://twitter.com/ArangoCoaching/status/391802375893446656"><![CDATA[Be faithful in small things because it is in them that your strength lies. -Mother Teresa <a href="/FamousWomen" class="twitter-atreply pretty-link js-nav" dir="ltr" data-mentioned-user-id="128472974" ><s>@</s><b>FamousWomen</b></a>]]></document>
		<document id="391803002379845632" url="https://twitter.com/ArangoCoaching/status/391803002379845632"><![CDATA[Don&#39;t be afraid to fall in love again. Open your heart and follow where it leads you. -Cecelia Ahern <a href="/FamousWomen" class="twitter-atreply pretty-link js-nav" dir="ltr" data-mentioned-user-id="128472974" ><s>@</s><b>FamousWomen</b></a>]]></document>
		<document id="392163710091132928" url="https://twitter.com/ArangoCoaching/status/392163710091132928"><![CDATA[People give up because they tend to look at how far they still have to go, instead of how far they have gotten <a href="/Women_Sports" class="twitter-atreply pretty-link js-nav" dir="ltr" data-mentioned-user-id="598049566" ><s>@</s><b>Women_Sports</b></a>]]></document>
		<document id="394498879166873600" url="https://twitter.com/ArangoCoaching/status/394498879166873600"><![CDATA[<a href="/Culturizando" class="twitter-atreply pretty-link js-nav" dir="ltr" data-mentioned-user-id="244730854" ><s>@</s><b>Culturizando</b></a> me temo q no sólo de pan vive él hombre... :(]]></document>
		<document id="397361123777060864" url="https://twitter.com/ArangoCoaching/status/397361123777060864"><![CDATA[Labore omnia vincit]]></document>
		<document id="401700229516652544" url="https://twitter.com/ArangoCoaching/status/401700229516652544"><![CDATA[The moment when you want to quit, is the moment when you have to keep pushing]]></document>
		<document id="401766745280872448" url="https://twitter.com/ArangoCoaching/status/401766745280872448"><![CDATA[Sometimes we fall down because there is something down we are supposed to find.]]></document>
		<document id="407969229699162112" url="https://twitter.com/ArangoCoaching/status/407969229699162112"><![CDATA[Genius products <a href="http://t.co/n3YIKuFPlK" rel="nofollow noopener" dir="ltr" data-expanded-url="http://www.viralnova.com/19-genius-products/" class="twitter-timeline-link" target="_blank" title="http://www.viralnova.com/19-genius-products/" ><span class="tco-ellipsis"></span><span class="invisible">http://www.</span><span class="js-display-url">viralnova.com/19-genius-prod</span><span class="invisible">ucts/</span><span class="tco-ellipsis"><span class="invisible">&nbsp;</span>…</span></a>]]></document>
		<document id="408363027181105152" url="https://twitter.com/ArangoCoaching/status/408363027181105152"><![CDATA[<a href="http://t.co/v8uk8GFzPk" rel="nofollow noopener" dir="ltr" data-expanded-url="http://www.de-madrid-al-cielo.es/2013/11/06/5-fotos-de-madrid-que-han-causado-sensaci%C3%B3n-a-trav%C3%A9s-de-la-famosa-p%C3%A1gina-de-facebook-orgullosos-de-se-madrile%C3%B1os/" class="twitter-timeline-link" target="_blank" title="http://www.de-madrid-al-cielo.es/2013/11/06/5-fotos-de-madrid-que-han-causado-sensaci%C3%B3n-a-trav%C3%A9s-de-la-famosa-p%C3%A1gina-de-facebook-orgullosos-de-se-madrile%C3%B1os/" ><span class="tco-ellipsis"></span><span class="invisible">http://www.</span><span class="js-display-url">de-madrid-al-cielo.es/2013/11/06/5-f</span><span class="invisible">otos-de-madrid-que-han-causado-sensaci%C3%B3n-a-trav%C3%A9s-de-la-famosa-p%C3%A1gina-de-facebook-orgullosos-de-se-madrile%C3%B1os/</span><span class="tco-ellipsis"><span class="invisible">&nbsp;</span>…</span></a>]]></document>
		<document id="413091833443385344" url="https://twitter.com/ArangoCoaching/status/413091833443385344"><![CDATA[What is depresion? Let this animation dog show you<a href="http://t.co/xJPBP8buYi" rel="nofollow noopener" dir="ltr" data-expanded-url="http://www.upworthy.com/what-is-depression-let-this-animation-with-a-dog-shed-light-on-it?c=reccon1" class="twitter-timeline-link u-hidden" target="_blank" title="http://www.upworthy.com/what-is-depression-let-this-animation-with-a-dog-shed-light-on-it?c=reccon1" ><span class="tco-ellipsis"></span><span class="invisible">http://www.</span><span class="js-display-url">upworthy.com/what-is-depres</span><span class="invisible">sion-let-this-animation-with-a-dog-shed-light-on-it?c=reccon1</span><span class="tco-ellipsis"><span class="invisible">&nbsp;</span>…</span></a>]]></document>
		<document id="413113852255956992" url="https://twitter.com/ArangoCoaching/status/413113852255956992"><![CDATA[¿Cuánto dinero se necesita para ser feliz?<a href="http://t.co/qafwAC5jb0" rel="nofollow noopener" dir="ltr" data-expanded-url="http://www.culturizando.com/2013/12/la-nota-curiosa-cuanto-dinero-necesitas.html" class="twitter-timeline-link u-hidden" target="_blank" title="http://www.culturizando.com/2013/12/la-nota-curiosa-cuanto-dinero-necesitas.html" ><span class="tco-ellipsis"></span><span class="invisible">http://www.</span><span class="js-display-url">culturizando.com/2013/12/la-not</span><span class="invisible">a-curiosa-cuanto-dinero-necesitas.html</span><span class="tco-ellipsis"><span class="invisible">&nbsp;</span>…</span></a>]]></document>
		<document id="421295159695790080" url="https://twitter.com/ArangoCoaching/status/421295159695790080"><![CDATA[11 Estrategias a practicar A DIARIO para conseguir todo lo que te propongas  <a href="http://t.co/ryvmEZsyCZ" rel="nofollow noopener" dir="ltr" data-expanded-url="http://www.monicafuste.com/2013/11-estrategias-a-practicar-a-diario-para-conseguir-todo-lo-que-te-propongas/" class="twitter-timeline-link" target="_blank" title="http://www.monicafuste.com/2013/11-estrategias-a-practicar-a-diario-para-conseguir-todo-lo-que-te-propongas/" ><span class="tco-ellipsis"></span><span class="invisible">http://www.</span><span class="js-display-url">monicafuste.com/2013/11-estrat</span><span class="invisible">egias-a-practicar-a-diario-para-conseguir-todo-lo-que-te-propongas/</span><span class="tco-ellipsis"><span class="invisible">&nbsp;</span>…</span></a> via <a href="/MonicaFuste" class="twitter-atreply pretty-link js-nav" dir="ltr" data-mentioned-user-id="88963535" ><s>@</s><b>monicafuste</b></a>]]></document>
		<document id="422315859772592128" url="https://twitter.com/ArangoCoaching/status/422315859772592128"><![CDATA[The Flip Manifesto: 16 Counterintuitive Ideas About Motivation,Innovation, &amp; Leadership <a href="http://t.co/DTHsc498sP" rel="nofollow noopener" dir="ltr" data-expanded-url="http://www.danpink.com/resource/flip-manifesto/" class="twitter-timeline-link" target="_blank" title="http://www.danpink.com/resource/flip-manifesto/" ><span class="tco-ellipsis"></span><span class="invisible">http://www.</span><span class="js-display-url">danpink.com/resource/flip-</span><span class="invisible">manifesto/</span><span class="tco-ellipsis"><span class="invisible">&nbsp;</span>…</span></a> via <a href="/DanielPink" class="twitter-atreply pretty-link js-nav" dir="ltr" data-mentioned-user-id="14378113" ><s>@</s><b>danielpink</b></a>]]></document>
		<document id="422468208096845824" url="https://twitter.com/ArangoCoaching/status/422468208096845824"><![CDATA[Make <a href="/hashtag/decisions?src=hash" data-query-source="hashtag_click" class="twitter-hashtag pretty-link js-nav" dir="ltr" ><s>#</s><b>decisions</b></a> based on <a href="/hashtag/joy?src=hash" data-query-source="hashtag_click" class="twitter-hashtag pretty-link js-nav" dir="ltr" ><s>#</s><b>joy</b></a>]]></document>
		<document id="422624913980411904" url="https://twitter.com/ArangoCoaching/status/422624913980411904"><![CDATA[Today, Go to the edge of your capabilities <a href="/hashtag/YourAbsoluteBestYearYet?src=hash" data-query-source="hashtag_click" class="twitter-hashtag pretty-link js-nav" dir="ltr" ><s>#</s><b>YourAbsoluteBestYearYet</b></a> &quot;<a href="/_robin_sharma" class="twitter-atreply pretty-link js-nav" dir="ltr" data-mentioned-user-id="3893224163" ><s>@</s><b>_robin_sharma</b></a>]]></document>
		<document id="425140201917538304" url="https://twitter.com/ArangoCoaching/status/425140201917538304"><![CDATA[For real happines: focus on your feelings, not your goals]]></document>
		<document id="425383295795204096" url="https://twitter.com/ArangoCoaching/status/425383295795204096"><![CDATA[The problem is not that there are problems. The problem is expecting otherwise and thinking that having problems is a problem. T Rubin]]></document>
		<document id="426330994799812608" url="https://twitter.com/ArangoCoaching/status/426330994799812608"><![CDATA[Todo va a salir bien]]></document>
		<document id="359126410532634625" url="https://twitter.com/ArangoCoaching/status/359126410532634625"><![CDATA[Small changes eventually add up to huge results. (via <a href="/2thank" class="twitter-atreply pretty-link js-nav" dir="ltr" data-mentioned-user-id="55121922" ><s>@</s><b>2thank</b></a>)]]></document>
		<document id="359149162404646913" url="https://twitter.com/ArangoCoaching/status/359149162404646913"><![CDATA[You can close your eyes to things you don&#39;t want to see, but u can&#39;t close your heart to things you don&#39;t want to feel. <a href="/Inspired2Share" class="twitter-atreply pretty-link js-nav" dir="ltr" data-mentioned-user-id="311567765" ><s>@</s><b>Inspired2Share</b></a>]]></document>
		<document id="359176332116103169" url="https://twitter.com/ArangoCoaching/status/359176332116103169"><![CDATA[¿Algo tiene que ver con Twitter? <a href="http://t.co/TL0lNny5QS" rel="nofollow noopener" dir="ltr" data-expanded-url="http://twitpic.com/d30e3y" class="twitter-timeline-link" target="_blank" title="http://twitpic.com/d30e3y" ><span class="tco-ellipsis"></span><span class="invisible">http://</span><span class="js-display-url">twitpic.com/d30e3y</span><span class="invisible"></span><span class="tco-ellipsis"><span class="invisible">&nbsp;</span></span></a>  <a href="/NatGeoPaisajes" class="twitter-atreply pretty-link js-nav" dir="ltr" data-mentioned-user-id="1703055474" ><s>@</s><b>NatGeoPaisajes</b></a>]]></document>
		<document id="360359297407926272" url="https://twitter.com/ArangoCoaching/status/360359297407926272"><![CDATA[&quot;Many strokes overthrow the tallest oaks.&quot; - John Lyly (via <a href="/DennyCoates" class="twitter-atreply pretty-link js-nav" dir="ltr" data-mentioned-user-id="33998869" ><s>@</s><b>DennyCoates</b></a>)]]></document>
		<document id="361957763867357184" url="https://twitter.com/ArangoCoaching/status/361957763867357184"><![CDATA[«You can do anything, but not everything». David Allen... <a href="/hashtag/AprendiendoDeLosMejores?src=hash" data-query-source="hashtag_click" class="twitter-hashtag pretty-link js-nav" dir="ltr" ><s>#</s><b>AprendiendoDeLosMejores</b></a> (via <a href="/falcaide" class="twitter-atreply pretty-link js-nav" dir="ltr" data-mentioned-user-id="19060050" ><s>@</s><b>falcaide</b></a>)]]></document>
		<document id="361957942838312960" url="https://twitter.com/ArangoCoaching/status/361957942838312960"><![CDATA[This very moment is the most important. ~Barb (via <a href="/Barb_Calabrese" class="twitter-atreply pretty-link js-nav" dir="ltr" data-mentioned-user-id="26137875" ><s>@</s><b>Barb_Calabrese</b></a>)]]></document>
		<document id="362442985310388224" url="https://twitter.com/ArangoCoaching/status/362442985310388224"><![CDATA[Mi tiempo fue corto pero intenso. Sed felices sin regatear. (via <a href="/huifang12" class="twitter-atreply pretty-link js-nav" dir="ltr" data-mentioned-user-id="240831080" ><s>@</s><b>huifang12</b></a>)]]></document>
		<document id="362443765522243584" url="https://twitter.com/ArangoCoaching/status/362443765522243584"><![CDATA[Avoid bad luck numbers when setting prices <a href="http://t.co/uiHL5IC16p" rel="nofollow noopener" dir="ltr" data-expanded-url="http://s.hbr.org/11sYGax" class="twitter-timeline-link" target="_blank" title="http://s.hbr.org/11sYGax" ><span class="tco-ellipsis"></span><span class="invisible">http://</span><span class="js-display-url">s.hbr.org/11sYGax</span><span class="invisible"></span><span class="tco-ellipsis"><span class="invisible">&nbsp;</span></span></a> (via <a href="/HarvardBiz" class="twitter-atreply pretty-link js-nav" dir="ltr" data-mentioned-user-id="14800270" ><s>@</s><b>HarvardBiz</b></a>)]]></document>
		<document id="363603260331917313" url="https://twitter.com/ArangoCoaching/status/363603260331917313"><![CDATA[Care less, smile more. (via <a href="/Epic_Women" class="twitter-atreply pretty-link js-nav" dir="ltr" data-mentioned-user-id="169291609" ><s>@</s><b>Epic_Women</b></a>)]]></document>
		<document id="364253208954540032" url="https://twitter.com/ArangoCoaching/status/364253208954540032"><![CDATA[&quot;You cannot change your destination overnight, but you can change your direction overnight.&quot; ~ Jim Rohn <a href="/hashtag/leadership?src=hash" data-query-source="hashtag_click" class="twitter-hashtag pretty-link js-nav" dir="ltr" ><s>#</s><b>leadership</b></a> (via <a href="/ManagersDiary" class="twitter-atreply pretty-link js-nav" dir="ltr" data-mentioned-user-id="38804737" ><s>@</s><b>ManagersDiary</b></a>)]]></document>
		<document id="364466682204790784" url="https://twitter.com/ArangoCoaching/status/364466682204790784"><![CDATA[Para <a href="/Mar_GMF" class="twitter-atreply pretty-link js-nav" dir="ltr" data-mentioned-user-id="248335190" ><s>@</s><b>Mar_GMF</b></a> :-) &quot;<a href="/22davidperez" class="twitter-atreply pretty-link js-nav" dir="ltr" data-mentioned-user-id="541152833" ><s>@</s><b>22davidperez</b></a>: <a href="http://t.co/YO5FuM2vOz" class="twitter-timeline-link u-hidden" data-pre-embedded="true" dir="ltr" >pic.twitter.com/YO5FuM2vOz</a>&quot; (via <a href="/lepidoptera2" class="twitter-atreply pretty-link js-nav" dir="ltr" data-mentioned-user-id="365463485" ><s>@</s><b>lepidoptera2</b></a>)]]></document>
		<document id="364467886460768256" url="https://twitter.com/ArangoCoaching/status/364467886460768256"><![CDATA[<a href="/marmas1975" class="twitter-atreply pretty-link js-nav" dir="ltr" data-mentioned-user-id="220975067" ><s>@</s><b>marmas1975</b></a> <a href="/Ignacionovo" class="twitter-atreply pretty-link js-nav" dir="ltr" data-mentioned-user-id="78237727" ><s>@</s><b>Ignacionovo</b></a> el 200% de algo. pero ¿de qué no estâs dando?]]></document>
		<document id="364629612006871040" url="https://twitter.com/ArangoCoaching/status/364629612006871040"><![CDATA[Hmm... that&#39;s an odd looking baby lamb <a href="http://t.co/F4hXgsbPQ6" class="twitter-timeline-link u-hidden" data-pre-embedded="true" dir="ltr" >pic.twitter.com/F4hXgsbPQ6</a> (via <a href="/BabyAnimalPics" class="twitter-atreply pretty-link js-nav" dir="ltr" data-mentioned-user-id="1372975219" ><s>@</s><b>BabyAnimalPics</b></a>)]]></document>
		<document id="366895102892838913" url="https://twitter.com/ArangoCoaching/status/366895102892838913"><![CDATA[Nighttime mantra...I&#39;m pleased I made an stop today and &quot;smell the roses&quot;. <a href="/drhappy" class="twitter-atreply pretty-link js-nav" dir="ltr" data-mentioned-user-id="42837353" ><s>@</s><b>drhappy</b></a>]]></document>
		<document id="367545116304502784" url="https://twitter.com/ArangoCoaching/status/367545116304502784"><![CDATA[&quot;A World Most Strange and Beautiful: Five Stunning New UNESCO Sites&quot;<a href="http://t.co/Sm9Ol9otS9" rel="nofollow noopener" dir="ltr" data-expanded-url="http://www.atlasobscura.com/articles/2013-new-unesco-sites" class="twitter-timeline-link u-hidden" target="_blank" title="http://www.atlasobscura.com/articles/2013-new-unesco-sites" ><span class="tco-ellipsis"></span><span class="invisible">http://www.</span><span class="js-display-url">atlasobscura.com/articles/2013-</span><span class="invisible">new-unesco-sites</span><span class="tco-ellipsis"><span class="invisible">&nbsp;</span>…</span></a>]]></document>
		<document id="368124606156386304" url="https://twitter.com/ArangoCoaching/status/368124606156386304"><![CDATA[you give me the kind of feeling people write novels about.]]></document>
		<document id="368766571289665536" url="https://twitter.com/ArangoCoaching/status/368766571289665536"><![CDATA[Coaching para tu empresa by <a href="/proquame" class="twitter-atreply pretty-link js-nav" dir="ltr" data-mentioned-user-id="774395484" ><s>@</s><b>proquame</b></a> on <a href="/SlideShare" class="twitter-atreply pretty-link js-nav" dir="ltr" data-mentioned-user-id="9676152" ><s>@</s><b>slideshare</b></a> <a href="/hashtag/coaching?src=hash" data-query-source="hashtag_click" class="twitter-hashtag pretty-link js-nav" dir="ltr" ><s>#</s><b>coaching</b></a> <a href="/hashtag/cristinapalliser?src=hash" data-query-source="hashtag_click" class="twitter-hashtag pretty-link js-nav" dir="ltr" ><s>#</s><b>cristinapalliser</b></a><a href="http://t.co/zx1Vs59oIz" rel="nofollow noopener" dir="ltr" data-expanded-url="http://www.slideshare.net/SalvadorTaule/coaching-para-tu-empresa" class="twitter-timeline-link u-hidden" target="_blank" title="http://www.slideshare.net/SalvadorTaule/coaching-para-tu-empresa" ><span class="tco-ellipsis"></span><span class="invisible">http://www.</span><span class="js-display-url">slideshare.net/SalvadorTaule/</span><span class="invisible">coaching-para-tu-empresa</span><span class="tco-ellipsis"><span class="invisible">&nbsp;</span>…</span></a>]]></document>
		<document id="369450267567075328" url="https://twitter.com/ArangoCoaching/status/369450267567075328"><![CDATA[<a href="http://t.co/OiB2S5baZE" class="twitter-timeline-link u-hidden" data-pre-embedded="true" dir="ltr" >pic.twitter.com/OiB2S5baZE</a>]]></document>
		<document id="370081050124636160" url="https://twitter.com/ArangoCoaching/status/370081050124636160"><![CDATA[Me too!! <a href="/hashtag/Grateful?src=hash" data-query-source="hashtag_click" class="twitter-hashtag pretty-link js-nav" dir="ltr" ><s>#</s><b>Grateful</b></a> for this day and for those I meet along the way. ~Barb&quot; <a href="/Barb_Calabrese" class="twitter-atreply pretty-link js-nav" dir="ltr" data-mentioned-user-id="26137875" ><s>@</s><b>Barb_Calabrese</b></a>]]></document>
		<document id="370086846300438528" url="https://twitter.com/ArangoCoaching/status/370086846300438528"><![CDATA[Google patents &#39;pay-per-gaze&#39; eye-tracking that could measure emotional response to real-world ads  <a href="http://t.co/PDtLgdMPbN" rel="nofollow noopener" dir="ltr" data-expanded-url="http://bit.ly/1drt6it" class="twitter-timeline-link" target="_blank" title="http://bit.ly/1drt6it" ><span class="tco-ellipsis"></span><span class="invisible">http://</span><span class="js-display-url">bit.ly/1drt6it</span><span class="invisible"></span><span class="tco-ellipsis"><span class="invisible">&nbsp;</span></span></a>&quot; <a href="/TOLMOS" class="twitter-atreply pretty-link js-nav" dir="ltr" data-mentioned-user-id="8513962" ><s>@</s><b>TOLMOS</b></a>]]></document>
		<document id="370087394642776064" url="https://twitter.com/ArangoCoaching/status/370087394642776064"><![CDATA[Fortune 500 CEOs on <a href="/hashtag/Twitter?src=hash" data-query-source="hashtag_click" class="twitter-hashtag pretty-link js-nav" dir="ltr" ><s>#</s><b>Twitter</b></a>: Good for business? <a href="http://t.co/UmMnJJtkjZ" rel="nofollow noopener" dir="ltr" data-expanded-url="http://bit.ly/1dq7KlF" class="twitter-timeline-link" target="_blank" title="http://bit.ly/1dq7KlF" ><span class="tco-ellipsis"></span><span class="invisible">http://</span><span class="js-display-url">bit.ly/1dq7KlF</span><span class="invisible"></span><span class="tco-ellipsis"><span class="invisible">&nbsp;</span></span></a> <a href="/hashtag/socialmedia?src=hash" data-query-source="hashtag_click" class="twitter-hashtag pretty-link js-nav" dir="ltr" ><s>#</s><b>socialmedia</b></a>&quot; &quot;<a href="/Topsy" class="twitter-atreply pretty-link js-nav" dir="ltr" data-mentioned-user-id="27823571" ><s>@</s><b>Topsy</b></a>]]></document>
		<document id="370511201283084288" url="https://twitter.com/ArangoCoaching/status/370511201283084288"><![CDATA[<a href="http://t.co/o38HVaJXH2" rel="nofollow noopener" dir="ltr" data-expanded-url="http://historiasdelahistoria.com/2013/08/22/las-brujas-de-la-noche-una-pesadilla-para-los-alemanes-durante-la-ii-guerra-mundial" class="twitter-timeline-link u-hidden" target="_blank" title="http://historiasdelahistoria.com/2013/08/22/las-brujas-de-la-noche-una-pesadilla-para-los-alemanes-durante-la-ii-guerra-mundial" ><span class="tco-ellipsis"></span><span class="invisible">http://</span><span class="js-display-url">historiasdelahistoria.com/2013/08/22/las</span><span class="invisible">-brujas-de-la-noche-una-pesadilla-para-los-alemanes-durante-la-ii-guerra-mundial</span><span class="tco-ellipsis"><span class="invisible">&nbsp;</span>…</span></a>]]></document>
		<document id="371171542170087424" url="https://twitter.com/ArangoCoaching/status/371171542170087424"><![CDATA[&quot;Do you want to live an amazing life? Then it&#39;s time to start making yourself stronger than your excuses.]]></document>
		<document id="371321999882481665" url="https://twitter.com/ArangoCoaching/status/371321999882481665"><![CDATA[yin yang pups <a href="http://t.co/Ij4VXjhVUp" class="twitter-timeline-link u-hidden" data-pre-embedded="true" dir="ltr" >pic.twitter.com/Ij4VXjhVUp</a> <a href="/BabyAnimalPics" class="twitter-atreply pretty-link js-nav" dir="ltr" data-mentioned-user-id="1372975219" ><s>@</s><b>BabyAnimalPics</b></a>]]></document>
		<document id="371884532301324288" url="https://twitter.com/ArangoCoaching/status/371884532301324288"><![CDATA[RT si te ha pasado. <a href="http://t.co/wGNO2EvcNt" rel="nofollow noopener" dir="ltr" data-expanded-url="https://twitter.com/ImagenesTwits/status/371730334607368194/photo/1" class="twitter-timeline-link" target="_blank" title="https://twitter.com/ImagenesTwits/status/371730334607368194/photo/1" ><span class="tco-ellipsis"></span><span class="invisible">https://twitter.com/ImagenesTwits/status/371730334607368194/photo/1</span><span class="js-display-url">pic.twitter.com/wGNO2EvcNt</span><span class="invisible"></span><span class="tco-ellipsis"><span class="invisible">&nbsp;</span></span></a> <a href="/ImagenesTwits" class="twitter-atreply pretty-link js-nav" dir="ltr" data-mentioned-user-id="1350154788" ><s>@</s><b>ImagenesTwits</b></a>]]></document>
		<document id="372354232378474496" url="https://twitter.com/ArangoCoaching/status/372354232378474496"><![CDATA[Compré los medicamentos que necesitaba. veinte euros. tengo tos. Por encima de mis posibilidades via <a href="/Tom_Clad" class="twitter-atreply pretty-link js-nav" dir="ltr" data-mentioned-user-id="240431750" ><s>@</s><b>tom_clad</b></a>]]></document>
		<document id="372825719271092224" url="https://twitter.com/ArangoCoaching/status/372825719271092224"><![CDATA[<a href="/bitapereto" class="twitter-atreply pretty-link js-nav" dir="ltr" data-mentioned-user-id="831268135" ><s>@</s><b>bitapereto</b></a> genial Bita, nos leemos :)]]></document>
		<document id="373670022511853568" url="https://twitter.com/ArangoCoaching/status/373670022511853568"><![CDATA[An active mind cannot exist in an inactive body. - General George Patton <a href="/Brillianttquote" class="twitter-atreply pretty-link js-nav" dir="ltr" data-mentioned-user-id="974011206" ><s>@</s><b>Brillianttquote</b></a>]]></document>
		<document id="373745277586255872" url="https://twitter.com/ArangoCoaching/status/373745277586255872"><![CDATA[EL PRIMER DISCO DURO ESTÁ SOBRESCRITO Y EL SEGUNDO YA TAL. <a href="/masaenfurecida" class="twitter-atreply pretty-link js-nav" dir="ltr" data-mentioned-user-id="250620677" ><s>@</s><b>masaenfurecida</b></a>]]></document>
		<document id="374129339006472192" url="https://twitter.com/ArangoCoaching/status/374129339006472192"><![CDATA[<a href="/ArangoCoaching" class="twitter-atreply pretty-link js-nav" dir="ltr" data-mentioned-user-id="109612002" ><s>@</s><b>ArangoCoaching</b></a> @marcosdeley]]></document>
		<document id="374129409340760064" url="https://twitter.com/ArangoCoaching/status/374129409340760064"><![CDATA[<a href="/ArangoCoaching" class="twitter-atreply pretty-link js-nav" dir="ltr" data-mentioned-user-id="109612002" ><s>@</s><b>ArangoCoaching</b></a> <a href="/marcosleyley" class="twitter-atreply pretty-link js-nav" dir="ltr" data-mentioned-user-id="218918328" ><s>@</s><b>marcosleyley</b></a>]]></document>
		<document id="374555376097951744" url="https://twitter.com/ArangoCoaching/status/374555376097951744"><![CDATA[Music make good days awesome and hard days better. Agree? <a href="/_robin_sharma" class="twitter-atreply pretty-link js-nav" dir="ltr" data-mentioned-user-id="3893224163" ><s>@</s><b>_robin_sharma</b></a>]]></document>
		<document id="374629857097166848" url="https://twitter.com/ArangoCoaching/status/374629857097166848"><![CDATA[Don&#39;t cry because it&#39;s over. Smile because it happened. -Dr. Seuss <a href="/Oprah_World" class="twitter-atreply pretty-link js-nav" dir="ltr" data-mentioned-user-id="2982155979" ><s>@</s><b>Oprah_World</b></a>]]></document>
		<document id="375361562217025536" url="https://twitter.com/ArangoCoaching/status/375361562217025536"><![CDATA[I BELIEVE THAT HAPPY GIRLS ARE THE PRETTIEST GIRLS. -Audrey Hepburn &quot;<a href="/FamousWomen" class="twitter-atreply pretty-link js-nav" dir="ltr" data-mentioned-user-id="128472974" ><s>@</s><b>FamousWomen</b></a>]]></document>
		<document id="375383095035580416" url="https://twitter.com/ArangoCoaching/status/375383095035580416"><![CDATA[We either make ourselves miserable, or we make ourselves happy. The amount of work is the same. ~Carlos Castaneda &quot;<a href="/Barb_Calabrese" class="twitter-atreply pretty-link js-nav" dir="ltr" data-mentioned-user-id="26137875" ><s>@</s><b>Barb_Calabrese</b></a>]]></document>
		<document id="375705644420300800" url="https://twitter.com/ArangoCoaching/status/375705644420300800"><![CDATA[Dear Obama, remember Soria is not Siria. Please, check before bombing]]></document>
		<document id="376610803673464832" url="https://twitter.com/ArangoCoaching/status/376610803673464832"><![CDATA[Never give up on the things that make you smile &quot;<a href="/Women_Fit" class="twitter-atreply pretty-link js-nav" dir="ltr" data-mentioned-user-id="596344490" ><s>@</s><b>Women_Fit</b></a>]]></document>
		<document id="377485935598112768" url="https://twitter.com/ArangoCoaching/status/377485935598112768"><![CDATA[All athletes retweet. <a href="http://t.co/kqozgx7o18" class="twitter-timeline-link u-hidden" data-pre-embedded="true" dir="ltr" >pic.twitter.com/kqozgx7o18</a> &quot;<a href="/AthletePride" class="twitter-atreply pretty-link js-nav" dir="ltr" data-mentioned-user-id="1618754714" ><s>@</s><b>AthletePride</b></a>]]></document>
		<document id="379182400770953216" url="https://twitter.com/ArangoCoaching/status/379182400770953216"><![CDATA[Tu propia luz, brilla!<a href="http://t.co/H0DFsOkuZ3" class="twitter-timeline-link u-hidden" data-pre-embedded="true" dir="ltr" >pic.twitter.com/H0DFsOkuZ3</a>]]></document>
		<document id="379360182578741248" url="https://twitter.com/ArangoCoaching/status/379360182578741248"><![CDATA[Training Business Coaching <a href="http://t.co/pGORQQwDd5" rel="nofollow noopener" dir="ltr" data-expanded-url="http://www.theboldchoice.com/mobi/1/este_codigo_mola_1368085.html#.UjYqA846AmY.twitter" class="twitter-timeline-link" target="_blank" title="http://www.theboldchoice.com/mobi/1/este_codigo_mola_1368085.html#.UjYqA846AmY.twitter" ><span class="tco-ellipsis"></span><span class="invisible">http://www.</span><span class="js-display-url">theboldchoice.com/mobi/1/este_co</span><span class="invisible">digo_mola_1368085.html#.UjYqA846AmY.twitter</span><span class="tco-ellipsis"><span class="invisible">&nbsp;</span>…</span></a>]]></document>
		<document id="379364413931024384" url="https://twitter.com/ArangoCoaching/status/379364413931024384"><![CDATA[Moni, xa ti:The purpose of spiritual practice is to effect a transformation in our attitudes; to make our mindsmorepositive <a href="/DalaiLamaQuotez" class="twitter-atreply pretty-link js-nav" dir="ltr" data-mentioned-user-id="2547452438" ><s>@</s><b>DalaiLamaQuotez</b></a>]]></document>
		<document id="379685818128138240" url="https://twitter.com/ArangoCoaching/status/379685818128138240"><![CDATA[&quot;<a href="/Barb_Calabrese" class="twitter-atreply pretty-link js-nav" dir="ltr" data-mentioned-user-id="26137875" ><s>@</s><b>Barb_Calabrese</b></a>: Always try - always choose to get up. You know how to overcomer challenges. You’ve done it before and you can do it again]]></document>
		<document id="380597557808074752" url="https://twitter.com/ArangoCoaching/status/380597557808074752"><![CDATA[I always tried to turn every disaster into an opportunity. - John D. Rockefeller <a href="/Brillianttquote" class="twitter-atreply pretty-link js-nav" dir="ltr" data-mentioned-user-id="974011206" ><s>@</s><b>Brillianttquote</b></a>]]></document>
		<document id="381872694268272640" url="https://twitter.com/ArangoCoaching/status/381872694268272640"><![CDATA[I don&#39;t ever look back. I look forward. Steffi Graf &quot;<a href="/DennyCoates" class="twitter-atreply pretty-link js-nav" dir="ltr" data-mentioned-user-id="33998869" ><s>@</s><b>DennyCoates</b></a>]]></document>
		<document id="382972059460329472" url="https://twitter.com/ArangoCoaching/status/382972059460329472"><![CDATA[&quot;<a href="/iIusionOptica" class="twitter-atreply pretty-link js-nav" dir="ltr" data-mentioned-user-id="1441283196" ><s>@</s><b>iIusionOptica</b></a>: <a href="http://t.co/zVPfFfppqe" class="twitter-timeline-link u-hidden" data-pre-embedded="true" dir="ltr" >pic.twitter.com/zVPfFfppqe</a>&quot;]]></document>
		<document id="385195585458176000" url="https://twitter.com/ArangoCoaching/status/385195585458176000"><![CDATA[Don&#39;t miss your miracle today. Barb &quot;<a href="/Barb_Calabrese" class="twitter-atreply pretty-link js-nav" dir="ltr" data-mentioned-user-id="26137875" ><s>@</s><b>Barb_Calabrese</b></a>]]></document>
		<document id="387987257648742400" url="https://twitter.com/ArangoCoaching/status/387987257648742400"><![CDATA[De acuerdo?: A mere friend will agree with you, but a real friend will argue. -Russian Proverb <a href="/AncientWisdoms" class="twitter-atreply pretty-link js-nav" dir="ltr" data-mentioned-user-id="132175413" ><s>@</s><b>AncientWisdoms</b></a>]]></document>
		<document id="389843084605145089" url="https://twitter.com/ArangoCoaching/status/389843084605145089"><![CDATA[&quot;<a href="/DennyCoates" class="twitter-atreply pretty-link js-nav" dir="ltr" data-mentioned-user-id="33998869" ><s>@</s><b>DennyCoates</b></a>: &quot;This I conceive to be the chemical function of humor: to change the character of our thought.&quot; - Lin Yutang&quot;]]></document>
		<document id="389864401542463488" url="https://twitter.com/ArangoCoaching/status/389864401542463488"><![CDATA[... a donde sea pero contigo]]></document>
		<document id="391801600215642112" url="https://twitter.com/ArangoCoaching/status/391801600215642112"><![CDATA[stay with people who help you through hard times, and laugh with you after the hard times pass <a href="/FamousWomen" class="twitter-atreply pretty-link js-nav" dir="ltr" data-mentioned-user-id="128472974" ><s>@</s><b>FamousWomen</b></a>]]></document>
		<document id="391802375893446656" url="https://twitter.com/ArangoCoaching/status/391802375893446656"><![CDATA[Be faithful in small things because it is in them that your strength lies. -Mother Teresa <a href="/FamousWomen" class="twitter-atreply pretty-link js-nav" dir="ltr" data-mentioned-user-id="128472974" ><s>@</s><b>FamousWomen</b></a>]]></document>
		<document id="391803002379845632" url="https://twitter.com/ArangoCoaching/status/391803002379845632"><![CDATA[Don&#39;t be afraid to fall in love again. Open your heart and follow where it leads you. -Cecelia Ahern <a href="/FamousWomen" class="twitter-atreply pretty-link js-nav" dir="ltr" data-mentioned-user-id="128472974" ><s>@</s><b>FamousWomen</b></a>]]></document>
		<document id="392163710091132928" url="https://twitter.com/ArangoCoaching/status/392163710091132928"><![CDATA[People give up because they tend to look at how far they still have to go, instead of how far they have gotten <a href="/Women_Sports" class="twitter-atreply pretty-link js-nav" dir="ltr" data-mentioned-user-id="598049566" ><s>@</s><b>Women_Sports</b></a>]]></document>
		<document id="394498879166873600" url="https://twitter.com/ArangoCoaching/status/394498879166873600"><![CDATA[<a href="/Culturizando" class="twitter-atreply pretty-link js-nav" dir="ltr" data-mentioned-user-id="244730854" ><s>@</s><b>Culturizando</b></a> me temo q no sólo de pan vive él hombre... :(]]></document>
		<document id="397361123777060864" url="https://twitter.com/ArangoCoaching/status/397361123777060864"><![CDATA[Labore omnia vincit]]></document>
		<document id="401700229516652544" url="https://twitter.com/ArangoCoaching/status/401700229516652544"><![CDATA[The moment when you want to quit, is the moment when you have to keep pushing]]></document>
		<document id="401766745280872448" url="https://twitter.com/ArangoCoaching/status/401766745280872448"><![CDATA[Sometimes we fall down because there is something down we are supposed to find.]]></document>
		<document id="407969229699162112" url="https://twitter.com/ArangoCoaching/status/407969229699162112"><![CDATA[Genius products <a href="http://t.co/n3YIKuFPlK" rel="nofollow noopener" dir="ltr" data-expanded-url="http://www.viralnova.com/19-genius-products/" class="twitter-timeline-link" target="_blank" title="http://www.viralnova.com/19-genius-products/" ><span class="tco-ellipsis"></span><span class="invisible">http://www.</span><span class="js-display-url">viralnova.com/19-genius-prod</span><span class="invisible">ucts/</span><span class="tco-ellipsis"><span class="invisible">&nbsp;</span>…</span></a>]]></document>
		<document id="408363027181105152" url="https://twitter.com/ArangoCoaching/status/408363027181105152"><![CDATA[<a href="http://t.co/v8uk8GFzPk" rel="nofollow noopener" dir="ltr" data-expanded-url="http://www.de-madrid-al-cielo.es/2013/11/06/5-fotos-de-madrid-que-han-causado-sensaci%C3%B3n-a-trav%C3%A9s-de-la-famosa-p%C3%A1gina-de-facebook-orgullosos-de-se-madrile%C3%B1os/" class="twitter-timeline-link" target="_blank" title="http://www.de-madrid-al-cielo.es/2013/11/06/5-fotos-de-madrid-que-han-causado-sensaci%C3%B3n-a-trav%C3%A9s-de-la-famosa-p%C3%A1gina-de-facebook-orgullosos-de-se-madrile%C3%B1os/" ><span class="tco-ellipsis"></span><span class="invisible">http://www.</span><span class="js-display-url">de-madrid-al-cielo.es/2013/11/06/5-f</span><span class="invisible">otos-de-madrid-que-han-causado-sensaci%C3%B3n-a-trav%C3%A9s-de-la-famosa-p%C3%A1gina-de-facebook-orgullosos-de-se-madrile%C3%B1os/</span><span class="tco-ellipsis"><span class="invisible">&nbsp;</span>…</span></a>]]></document>
		<document id="413091833443385344" url="https://twitter.com/ArangoCoaching/status/413091833443385344"><![CDATA[What is depresion? Let this animation dog show you<a href="http://t.co/xJPBP8buYi" rel="nofollow noopener" dir="ltr" data-expanded-url="http://www.upworthy.com/what-is-depression-let-this-animation-with-a-dog-shed-light-on-it?c=reccon1" class="twitter-timeline-link u-hidden" target="_blank" title="http://www.upworthy.com/what-is-depression-let-this-animation-with-a-dog-shed-light-on-it?c=reccon1" ><span class="tco-ellipsis"></span><span class="invisible">http://www.</span><span class="js-display-url">upworthy.com/what-is-depres</span><span class="invisible">sion-let-this-animation-with-a-dog-shed-light-on-it?c=reccon1</span><span class="tco-ellipsis"><span class="invisible">&nbsp;</span>…</span></a>]]></document>
		<document id="413113852255956992" url="https://twitter.com/ArangoCoaching/status/413113852255956992"><![CDATA[¿Cuánto dinero se necesita para ser feliz?<a href="http://t.co/qafwAC5jb0" rel="nofollow noopener" dir="ltr" data-expanded-url="http://www.culturizando.com/2013/12/la-nota-curiosa-cuanto-dinero-necesitas.html" class="twitter-timeline-link u-hidden" target="_blank" title="http://www.culturizando.com/2013/12/la-nota-curiosa-cuanto-dinero-necesitas.html" ><span class="tco-ellipsis"></span><span class="invisible">http://www.</span><span class="js-display-url">culturizando.com/2013/12/la-not</span><span class="invisible">a-curiosa-cuanto-dinero-necesitas.html</span><span class="tco-ellipsis"><span class="invisible">&nbsp;</span>…</span></a>]]></document>
		<document id="421295159695790080" url="https://twitter.com/ArangoCoaching/status/421295159695790080"><![CDATA[11 Estrategias a practicar A DIARIO para conseguir todo lo que te propongas  <a href="http://t.co/ryvmEZsyCZ" rel="nofollow noopener" dir="ltr" data-expanded-url="http://www.monicafuste.com/2013/11-estrategias-a-practicar-a-diario-para-conseguir-todo-lo-que-te-propongas/" class="twitter-timeline-link" target="_blank" title="http://www.monicafuste.com/2013/11-estrategias-a-practicar-a-diario-para-conseguir-todo-lo-que-te-propongas/" ><span class="tco-ellipsis"></span><span class="invisible">http://www.</span><span class="js-display-url">monicafuste.com/2013/11-estrat</span><span class="invisible">egias-a-practicar-a-diario-para-conseguir-todo-lo-que-te-propongas/</span><span class="tco-ellipsis"><span class="invisible">&nbsp;</span>…</span></a> via <a href="/MonicaFuste" class="twitter-atreply pretty-link js-nav" dir="ltr" data-mentioned-user-id="88963535" ><s>@</s><b>monicafuste</b></a>]]></document>
		<document id="422315859772592128" url="https://twitter.com/ArangoCoaching/status/422315859772592128"><![CDATA[The Flip Manifesto: 16 Counterintuitive Ideas About Motivation,Innovation, &amp; Leadership <a href="http://t.co/DTHsc498sP" rel="nofollow noopener" dir="ltr" data-expanded-url="http://www.danpink.com/resource/flip-manifesto/" class="twitter-timeline-link" target="_blank" title="http://www.danpink.com/resource/flip-manifesto/" ><span class="tco-ellipsis"></span><span class="invisible">http://www.</span><span class="js-display-url">danpink.com/resource/flip-</span><span class="invisible">manifesto/</span><span class="tco-ellipsis"><span class="invisible">&nbsp;</span>…</span></a> via <a href="/DanielPink" class="twitter-atreply pretty-link js-nav" dir="ltr" data-mentioned-user-id="14378113" ><s>@</s><b>danielpink</b></a>]]></document>
		<document id="422468208096845824" url="https://twitter.com/ArangoCoaching/status/422468208096845824"><![CDATA[Make <a href="/hashtag/decisions?src=hash" data-query-source="hashtag_click" class="twitter-hashtag pretty-link js-nav" dir="ltr" ><s>#</s><b>decisions</b></a> based on <a href="/hashtag/joy?src=hash" data-query-source="hashtag_click" class="twitter-hashtag pretty-link js-nav" dir="ltr" ><s>#</s><b>joy</b></a>]]></document>
		<document id="422624913980411904" url="https://twitter.com/ArangoCoaching/status/422624913980411904"><![CDATA[Today, Go to the edge of your capabilities <a href="/hashtag/YourAbsoluteBestYearYet?src=hash" data-query-source="hashtag_click" class="twitter-hashtag pretty-link js-nav" dir="ltr" ><s>#</s><b>YourAbsoluteBestYearYet</b></a> &quot;<a href="/_robin_sharma" class="twitter-atreply pretty-link js-nav" dir="ltr" data-mentioned-user-id="3893224163" ><s>@</s><b>_robin_sharma</b></a>]]></document>
		<document id="425140201917538304" url="https://twitter.com/ArangoCoaching/status/425140201917538304"><![CDATA[For real happines: focus on your feelings, not your goals]]></document>
		<document id="425383295795204096" url="https://twitter.com/ArangoCoaching/status/425383295795204096"><![CDATA[The problem is not that there are problems. The problem is expecting otherwise and thinking that having problems is a problem. T Rubin]]></document>
		<document id="426330994799812608" url="https://twitter.com/ArangoCoaching/status/426330994799812608"><![CDATA[Todo va a salir bien]]></document>
	</documents>
</author>