<?xml version="1.0" encoding="UTF-8" standalone="no"?><author age_group="xx" gender="xx" lang="EN" type="twitter" url="https://twitter.com/annieblogs">
	<documents count="76">
		<document id="296360412365082624" url="https://twitter.com/annieblogs/status/296360412365082624"><![CDATA[Looking for Annie Downs? She&#39;s <a href="/anniedowns" class="twitter-atreply pretty-link js-nav" dir="ltr" data-mentioned-user-id="2409475771" ><s>@</s><b>anniedowns</b></a> now, y&#39;all. <a href="/hashtag/switcharoo?src=hash" data-query-source="hashtag_click" class="twitter-hashtag pretty-link js-nav" dir="ltr" ><s>#</s><b>switcharoo</b></a>]]></document>
		<document id="380824588407808000" url="https://twitter.com/annieblogs/status/380824588407808000"><![CDATA[Reasons Not To Clean Your Room: A Cover Girl Story //<a href="http://t.co/lZhMLmDT6V" rel="nofollow noopener" dir="ltr" data-expanded-url="http://ow.ly/p2kBt" class="twitter-timeline-link u-hidden" target="_blank" title="http://ow.ly/p2kBt" ><span class="tco-ellipsis"></span><span class="invisible">http://</span><span class="js-display-url">ow.ly/p2kBt</span><span class="invisible"></span><span class="tco-ellipsis"><span class="invisible">&nbsp;</span></span></a>]]></document>
		<document id="384865036055105536" url="https://twitter.com/annieblogs/status/384865036055105536"><![CDATA[October is for speaking love. //<a href="http://t.co/I7gaHztedJ" rel="nofollow noopener" dir="ltr" data-expanded-url="http://ow.ly/pmOMr" class="twitter-timeline-link u-hidden" target="_blank" title="http://ow.ly/pmOMr" ><span class="tco-ellipsis"></span><span class="invisible">http://</span><span class="js-display-url">ow.ly/pmOMr</span><span class="invisible"></span><span class="tco-ellipsis"><span class="invisible">&nbsp;</span></span></a>]]></document>
		<document id="384981357921042432" url="https://twitter.com/annieblogs/status/384981357921042432"><![CDATA[Day 1 :: A Challenge for the Internet. <a href="/hashtag/31days?src=hash" data-query-source="hashtag_click" class="twitter-hashtag pretty-link js-nav" dir="ltr" ><s>#</s><b>31days</b></a> //<a href="http://t.co/KSO4dgQis9" rel="nofollow noopener" dir="ltr" data-expanded-url="http://ow.ly/pmONI" class="twitter-timeline-link u-hidden" target="_blank" title="http://ow.ly/pmONI" ><span class="tco-ellipsis"></span><span class="invisible">http://</span><span class="js-display-url">ow.ly/pmONI</span><span class="invisible"></span><span class="tco-ellipsis"><span class="invisible">&nbsp;</span></span></a>]]></document>
		<document id="385336029466861568" url="https://twitter.com/annieblogs/status/385336029466861568"><![CDATA[Day 2 :: Besties <a href="/hashtag/31Days?src=hash" data-query-source="hashtag_click" class="twitter-hashtag pretty-link js-nav" dir="ltr" ><s>#</s><b>31Days</b></a> //<a href="http://t.co/EFpM7Ow6i2" rel="nofollow noopener" dir="ltr" data-expanded-url="http://ow.ly/ppjDR" class="twitter-timeline-link u-hidden" target="_blank" title="http://ow.ly/ppjDR" ><span class="tco-ellipsis"></span><span class="invisible">http://</span><span class="js-display-url">ow.ly/ppjDR</span><span class="invisible"></span><span class="tco-ellipsis"><span class="invisible">&nbsp;</span></span></a>]]></document>
		<document id="391294509176197120" url="https://twitter.com/annieblogs/status/391294509176197120"><![CDATA[Day 3 :: Musicians <a href="/hashtag/31Days?src=hash" data-query-source="hashtag_click" class="twitter-hashtag pretty-link js-nav" dir="ltr" ><s>#</s><b>31Days</b></a> //<a href="http://t.co/mcwSBPk0yT" rel="nofollow noopener" dir="ltr" data-expanded-url="http://ow.ly/pXHPX" class="twitter-timeline-link u-hidden" target="_blank" title="http://ow.ly/pXHPX" ><span class="tco-ellipsis"></span><span class="invisible">http://</span><span class="js-display-url">ow.ly/pXHPX</span><span class="invisible"></span><span class="tco-ellipsis"><span class="invisible">&nbsp;</span></span></a>]]></document>
		<document id="391294712532852736" url="https://twitter.com/annieblogs/status/391294712532852736"><![CDATA[Day 4 :: Lyrics <a href="/hashtag/31Days?src=hash" data-query-source="hashtag_click" class="twitter-hashtag pretty-link js-nav" dir="ltr" ><s>#</s><b>31Days</b></a> //<a href="http://t.co/pN5iF3vNpZ" rel="nofollow noopener" dir="ltr" data-expanded-url="http://ow.ly/pXHVw" class="twitter-timeline-link u-hidden" target="_blank" title="http://ow.ly/pXHVw" ><span class="tco-ellipsis"></span><span class="invisible">http://</span><span class="js-display-url">ow.ly/pXHVw</span><span class="invisible"></span><span class="tco-ellipsis"><span class="invisible">&nbsp;</span></span></a>]]></document>
		<document id="391294951272615936" url="https://twitter.com/annieblogs/status/391294951272615936"><![CDATA[Day 5 :: Teachers <a href="/hashtag/31Days?src=hash" data-query-source="hashtag_click" class="twitter-hashtag pretty-link js-nav" dir="ltr" ><s>#</s><b>31Days</b></a> //<a href="http://t.co/sD1HxicvJn" rel="nofollow noopener" dir="ltr" data-expanded-url="http://ow.ly/pXI3H" class="twitter-timeline-link u-hidden" target="_blank" title="http://ow.ly/pXI3H" ><span class="tco-ellipsis"></span><span class="invisible">http://</span><span class="js-display-url">ow.ly/pXI3H</span><span class="invisible"></span><span class="tco-ellipsis"><span class="invisible">&nbsp;</span></span></a>]]></document>
		<document id="391295156889989121" url="https://twitter.com/annieblogs/status/391295156889989121"><![CDATA[Day 6 :: Proverbs 18:21 <a href="/hashtag/31Days?src=hash" data-query-source="hashtag_click" class="twitter-hashtag pretty-link js-nav" dir="ltr" ><s>#</s><b>31Days</b></a> //<a href="http://t.co/tazPpmNgj7" rel="nofollow noopener" dir="ltr" data-expanded-url="http://ow.ly/pXIad" class="twitter-timeline-link u-hidden" target="_blank" title="http://ow.ly/pXIad" ><span class="tco-ellipsis"></span><span class="invisible">http://</span><span class="js-display-url">ow.ly/pXIad</span><span class="invisible"></span><span class="tco-ellipsis"><span class="invisible">&nbsp;</span></span></a>]]></document>
		<document id="391295331251404800" url="https://twitter.com/annieblogs/status/391295331251404800"><![CDATA[Day 7 :: Brave <a href="/hashtag/31Days?src=hash" data-query-source="hashtag_click" class="twitter-hashtag pretty-link js-nav" dir="ltr" ><s>#</s><b>31Days</b></a> //<a href="http://t.co/Lpv1LAVgPE" rel="nofollow noopener" dir="ltr" data-expanded-url="http://ow.ly/pXIf0" class="twitter-timeline-link u-hidden" target="_blank" title="http://ow.ly/pXIf0" ><span class="tco-ellipsis"></span><span class="invisible">http://</span><span class="js-display-url">ow.ly/pXIf0</span><span class="invisible"></span><span class="tco-ellipsis"><span class="invisible">&nbsp;</span></span></a>]]></document>
		<document id="391295574437134336" url="https://twitter.com/annieblogs/status/391295574437134336"><![CDATA[Day 8 :: Parents <a href="/hashtag/31Days?src=hash" data-query-source="hashtag_click" class="twitter-hashtag pretty-link js-nav" dir="ltr" ><s>#</s><b>31Days</b></a> //<a href="http://t.co/iH93HnukbD" rel="nofollow noopener" dir="ltr" data-expanded-url="http://ow.ly/pXIkL" class="twitter-timeline-link u-hidden" target="_blank" title="http://ow.ly/pXIkL" ><span class="tco-ellipsis"></span><span class="invisible">http://</span><span class="js-display-url">ow.ly/pXIkL</span><span class="invisible"></span><span class="tco-ellipsis"><span class="invisible">&nbsp;</span></span></a>]]></document>
		<document id="391295859578519552" url="https://twitter.com/annieblogs/status/391295859578519552"><![CDATA[Day 9 :: The Ones Who Lead You <a href="/hashtag/31Days?src=hash" data-query-source="hashtag_click" class="twitter-hashtag pretty-link js-nav" dir="ltr" ><s>#</s><b>31Days</b></a> //<a href="http://t.co/aMnMCpwjXj" rel="nofollow noopener" dir="ltr" data-expanded-url="http://ow.ly/pXIut" class="twitter-timeline-link u-hidden" target="_blank" title="http://ow.ly/pXIut" ><span class="tco-ellipsis"></span><span class="invisible">http://</span><span class="js-display-url">ow.ly/pXIut</span><span class="invisible"></span><span class="tco-ellipsis"><span class="invisible">&nbsp;</span></span></a>]]></document>
		<document id="391296085601157120" url="https://twitter.com/annieblogs/status/391296085601157120"><![CDATA[Day 10 :: Malala <a href="/hashtag/31Days?src=hash" data-query-source="hashtag_click" class="twitter-hashtag pretty-link js-nav" dir="ltr" ><s>#</s><b>31Days</b></a> //<a href="http://t.co/yxEZUocebV" rel="nofollow noopener" dir="ltr" data-expanded-url="http://ow.ly/pXIAy" class="twitter-timeline-link u-hidden" target="_blank" title="http://ow.ly/pXIAy" ><span class="tco-ellipsis"></span><span class="invisible">http://</span><span class="js-display-url">ow.ly/pXIAy</span><span class="invisible"></span><span class="tco-ellipsis"><span class="invisible">&nbsp;</span></span></a>]]></document>
		<document id="391296273782829056" url="https://twitter.com/annieblogs/status/391296273782829056"><![CDATA[Day 11 :: Your Words Matter <a href="/hashtag/31Days?src=hash" data-query-source="hashtag_click" class="twitter-hashtag pretty-link js-nav" dir="ltr" ><s>#</s><b>31Days</b></a> //<a href="http://t.co/bUEtty0m7s" rel="nofollow noopener" dir="ltr" data-expanded-url="http://ow.ly/pXIGg" class="twitter-timeline-link u-hidden" target="_blank" title="http://ow.ly/pXIGg" ><span class="tco-ellipsis"></span><span class="invisible">http://</span><span class="js-display-url">ow.ly/pXIGg</span><span class="invisible"></span><span class="tco-ellipsis"><span class="invisible">&nbsp;</span></span></a>]]></document>
		<document id="391296453177380864" url="https://twitter.com/annieblogs/status/391296453177380864"><![CDATA[Day 12 :: Love Your Bloggers <a href="/hashtag/31Days?src=hash" data-query-source="hashtag_click" class="twitter-hashtag pretty-link js-nav" dir="ltr" ><s>#</s><b>31Days</b></a> //<a href="http://t.co/6tQ9GAJFta" rel="nofollow noopener" dir="ltr" data-expanded-url="http://ow.ly/pXILy" class="twitter-timeline-link u-hidden" target="_blank" title="http://ow.ly/pXILy" ><span class="tco-ellipsis"></span><span class="invisible">http://</span><span class="js-display-url">ow.ly/pXILy</span><span class="invisible"></span><span class="tco-ellipsis"><span class="invisible">&nbsp;</span></span></a>]]></document>
		<document id="391296737089822721" url="https://twitter.com/annieblogs/status/391296737089822721"><![CDATA[Day 13 :: Proverbs 16:24 <a href="/hashtag/31Days?src=hash" data-query-source="hashtag_click" class="twitter-hashtag pretty-link js-nav" dir="ltr" ><s>#</s><b>31Days</b></a> //<a href="http://t.co/uKwMgxeqQs" rel="nofollow noopener" dir="ltr" data-expanded-url="http://ow.ly/pXISR" class="twitter-timeline-link u-hidden" target="_blank" title="http://ow.ly/pXISR" ><span class="tco-ellipsis"></span><span class="invisible">http://</span><span class="js-display-url">ow.ly/pXISR</span><span class="invisible"></span><span class="tco-ellipsis"><span class="invisible">&nbsp;</span></span></a>]]></document>
		<document id="391297003348455424" url="https://twitter.com/annieblogs/status/391297003348455424"><![CDATA[Day 14 :: Words by Hawk Nelson <a href="/hashtag/31Days?src=hash" data-query-source="hashtag_click" class="twitter-hashtag pretty-link js-nav" dir="ltr" ><s>#</s><b>31Days</b></a> //<a href="http://t.co/c18D6MOQ1q" rel="nofollow noopener" dir="ltr" data-expanded-url="http://ow.ly/pXJ0X" class="twitter-timeline-link u-hidden" target="_blank" title="http://ow.ly/pXJ0X" ><span class="tco-ellipsis"></span><span class="invisible">http://</span><span class="js-display-url">ow.ly/pXJ0X</span><span class="invisible"></span><span class="tco-ellipsis"><span class="invisible">&nbsp;</span></span></a>]]></document>
		<document id="391297313588510720" url="https://twitter.com/annieblogs/status/391297313588510720"><![CDATA[Day 15 :: Single Ladies <a href="/hashtag/31Days?src=hash" data-query-source="hashtag_click" class="twitter-hashtag pretty-link js-nav" dir="ltr" ><s>#</s><b>31Days</b></a> //<a href="http://t.co/KFC2hb9OiM" rel="nofollow noopener" dir="ltr" data-expanded-url="http://ow.ly/pXJbt" class="twitter-timeline-link u-hidden" target="_blank" title="http://ow.ly/pXJbt" ><span class="tco-ellipsis"></span><span class="invisible">http://</span><span class="js-display-url">ow.ly/pXJbt</span><span class="invisible"></span><span class="tco-ellipsis"><span class="invisible">&nbsp;</span></span></a>]]></document>
		<document id="391297645416706048" url="https://twitter.com/annieblogs/status/391297645416706048"><![CDATA[Day 16:: Siblings <a href="/hashtag/31Days?src=hash" data-query-source="hashtag_click" class="twitter-hashtag pretty-link js-nav" dir="ltr" ><s>#</s><b>31Days</b></a> //<a href="http://t.co/0xFOgp5bWK" rel="nofollow noopener" dir="ltr" data-expanded-url="http://ow.ly/pXJjH" class="twitter-timeline-link u-hidden" target="_blank" title="http://ow.ly/pXJjH" ><span class="tco-ellipsis"></span><span class="invisible">http://</span><span class="js-display-url">ow.ly/pXJjH</span><span class="invisible"></span><span class="tco-ellipsis"><span class="invisible">&nbsp;</span></span></a>]]></document>
		<document id="391297803063791616" url="https://twitter.com/annieblogs/status/391297803063791616"><![CDATA[Day 17 :: Random Words of Kindness <a href="/hashtag/31Days?src=hash" data-query-source="hashtag_click" class="twitter-hashtag pretty-link js-nav" dir="ltr" ><s>#</s><b>31Days</b></a> //<a href="http://t.co/9W1t2hnRfl" rel="nofollow noopener" dir="ltr" data-expanded-url="http://ow.ly/pXJoZ" class="twitter-timeline-link u-hidden" target="_blank" title="http://ow.ly/pXJoZ" ><span class="tco-ellipsis"></span><span class="invisible">http://</span><span class="js-display-url">ow.ly/pXJoZ</span><span class="invisible"></span><span class="tco-ellipsis"><span class="invisible">&nbsp;</span></span></a>]]></document>
		<document id="391297973197357056" url="https://twitter.com/annieblogs/status/391297973197357056"><![CDATA[Day 18 :: Authors <a href="/hashtag/31Days?src=hash" data-query-source="hashtag_click" class="twitter-hashtag pretty-link js-nav" dir="ltr" ><s>#</s><b>31Days</b></a> //<a href="http://t.co/OuYKLi0SFp" rel="nofollow noopener" dir="ltr" data-expanded-url="http://ow.ly/pXJvL" class="twitter-timeline-link u-hidden" target="_blank" title="http://ow.ly/pXJvL" ><span class="tco-ellipsis"></span><span class="invisible">http://</span><span class="js-display-url">ow.ly/pXJvL</span><span class="invisible"></span><span class="tco-ellipsis"><span class="invisible">&nbsp;</span></span></a>]]></document>
		<document id="391491488905195521" url="https://twitter.com/annieblogs/status/391491488905195521"><![CDATA[Day 19 :: Girls of Grace <a href="/hashtag/31Days?src=hash" data-query-source="hashtag_click" class="twitter-hashtag pretty-link js-nav" dir="ltr" ><s>#</s><b>31Days</b></a> //<a href="http://t.co/DrotLfi2Fb" rel="nofollow noopener" dir="ltr" data-expanded-url="http://ow.ly/pXgux" class="twitter-timeline-link u-hidden" target="_blank" title="http://ow.ly/pXgux" ><span class="tco-ellipsis"></span><span class="invisible">http://</span><span class="js-display-url">ow.ly/pXgux</span><span class="invisible"></span><span class="tco-ellipsis"><span class="invisible">&nbsp;</span></span></a>]]></document>
		<document id="391995221565001728" url="https://twitter.com/annieblogs/status/391995221565001728"><![CDATA[Day 20 :: Psalm 119:105 <a href="/hashtag/31Days?src=hash" data-query-source="hashtag_click" class="twitter-hashtag pretty-link js-nav" dir="ltr" ><s>#</s><b>31Days</b></a> //<a href="http://t.co/d3CY1dHDc9" rel="nofollow noopener" dir="ltr" data-expanded-url="http://ow.ly/pZIwZ" class="twitter-timeline-link u-hidden" target="_blank" title="http://ow.ly/pZIwZ" ><span class="tco-ellipsis"></span><span class="invisible">http://</span><span class="js-display-url">ow.ly/pZIwZ</span><span class="invisible"></span><span class="tco-ellipsis"><span class="invisible">&nbsp;</span></span></a>]]></document>
		<document id="392302515238477824" url="https://twitter.com/annieblogs/status/392302515238477824"><![CDATA[Day 21 :: Two Free Birds <a href="/hashtag/31Days?src=hash" data-query-source="hashtag_click" class="twitter-hashtag pretty-link js-nav" dir="ltr" ><s>#</s><b>31Days</b></a> //<a href="http://t.co/NmHgQxOaS6" rel="nofollow noopener" dir="ltr" data-expanded-url="http://ow.ly/q1kMs" class="twitter-timeline-link u-hidden" target="_blank" title="http://ow.ly/q1kMs" ><span class="tco-ellipsis"></span><span class="invisible">http://</span><span class="js-display-url">ow.ly/q1kMs</span><span class="invisible"></span><span class="tco-ellipsis"><span class="invisible">&nbsp;</span></span></a>]]></document>
		<document id="392578720055443456" url="https://twitter.com/annieblogs/status/392578720055443456"><![CDATA[Day 22 :: Spotify Jams <a href="/hashtag/31Days?src=hash" data-query-source="hashtag_click" class="twitter-hashtag pretty-link js-nav" dir="ltr" ><s>#</s><b>31Days</b></a> //<a href="http://t.co/TPTE3uBxWm" rel="nofollow noopener" dir="ltr" data-expanded-url="http://ow.ly/q1kYp" class="twitter-timeline-link u-hidden" target="_blank" title="http://ow.ly/q1kYp" ><span class="tco-ellipsis"></span><span class="invisible">http://</span><span class="js-display-url">ow.ly/q1kYp</span><span class="invisible"></span><span class="tco-ellipsis"><span class="invisible">&nbsp;</span></span></a>]]></document>
		<document id="392578757506375680" url="https://twitter.com/annieblogs/status/392578757506375680"><![CDATA[Day 22 :: Spotify Jams <a href="/hashtag/31Days?src=hash" data-query-source="hashtag_click" class="twitter-hashtag pretty-link js-nav" dir="ltr" ><s>#</s><b>31Days</b></a> //<a href="http://t.co/FUA8d1qvqW" rel="nofollow noopener" dir="ltr" data-expanded-url="http://ow.ly/pXikr" class="twitter-timeline-link u-hidden" target="_blank" title="http://ow.ly/pXikr" ><span class="tco-ellipsis"></span><span class="invisible">http://</span><span class="js-display-url">ow.ly/pXikr</span><span class="invisible"></span><span class="tco-ellipsis"><span class="invisible">&nbsp;</span></span></a>]]></document>
		<document id="392941060940648448" url="https://twitter.com/annieblogs/status/392941060940648448"><![CDATA[Day 23 :: Talk to God <a href="/hashtag/31Days?src=hash" data-query-source="hashtag_click" class="twitter-hashtag pretty-link js-nav" dir="ltr" ><s>#</s><b>31Days</b></a> //<a href="http://t.co/HFlBTbuOn7" rel="nofollow noopener" dir="ltr" data-expanded-url="http://ow.ly/q5bt9" class="twitter-timeline-link u-hidden" target="_blank" title="http://ow.ly/q5bt9" ><span class="tco-ellipsis"></span><span class="invisible">http://</span><span class="js-display-url">ow.ly/q5bt9</span><span class="invisible"></span><span class="tco-ellipsis"><span class="invisible">&nbsp;</span></span></a>]]></document>
		<document id="393408615878766592" url="https://twitter.com/annieblogs/status/393408615878766592"><![CDATA[Day 24 :: Using your voice for the ones who can&#39;t. I heart <a href="/livefashionABLE" class="twitter-atreply pretty-link js-nav" dir="ltr" data-mentioned-user-id="182034775" ><s>@</s><b>livefashionABLE</b></a> <a href="/hashtag/31Days?src=hash" data-query-source="hashtag_click" class="twitter-hashtag pretty-link js-nav" dir="ltr" ><s>#</s><b>31Days</b></a> //<a href="http://t.co/lKCDOVbNga" rel="nofollow noopener" dir="ltr" data-expanded-url="http://ow.ly/q8HyN" class="twitter-timeline-link u-hidden" target="_blank" title="http://ow.ly/q8HyN" ><span class="tco-ellipsis"></span><span class="invisible">http://</span><span class="js-display-url">ow.ly/q8HyN</span><span class="invisible"></span><span class="tco-ellipsis"><span class="invisible">&nbsp;</span></span></a>]]></document>
		<document id="393664040406630400" url="https://twitter.com/annieblogs/status/393664040406630400"><![CDATA[Day 25 :: Your Labels<a href="http://t.co/igBd3J2Pl7" rel="nofollow noopener" dir="ltr" data-expanded-url="http://goo.gl/fb/MX6jv" class="twitter-timeline-link u-hidden" target="_blank" title="http://goo.gl/fb/MX6jv" ><span class="tco-ellipsis"></span><span class="invisible">http://</span><span class="js-display-url">goo.gl/fb/MX6jv</span><span class="invisible"></span><span class="tco-ellipsis"><span class="invisible">&nbsp;</span></span></a>]]></document>
		<document id="394025940852150272" url="https://twitter.com/annieblogs/status/394025940852150272"><![CDATA[Day 26 :: Teen Girls<a href="http://t.co/hc7RIfoVs5" rel="nofollow noopener" dir="ltr" data-expanded-url="http://goo.gl/fb/gq27K" class="twitter-timeline-link u-hidden" target="_blank" title="http://goo.gl/fb/gq27K" ><span class="tco-ellipsis"></span><span class="invisible">http://</span><span class="js-display-url">goo.gl/fb/gq27K</span><span class="invisible"></span><span class="tco-ellipsis"><span class="invisible">&nbsp;</span></span></a>]]></document>
		<document id="394525747500818432" url="https://twitter.com/annieblogs/status/394525747500818432"><![CDATA[Day 27 :: Matthew 12:34 //<a href="http://t.co/XsJccl1hyj" rel="nofollow noopener" dir="ltr" data-expanded-url="http://ow.ly/qdCig" class="twitter-timeline-link u-hidden" target="_blank" title="http://ow.ly/qdCig" ><span class="tco-ellipsis"></span><span class="invisible">http://</span><span class="js-display-url">ow.ly/qdCig</span><span class="invisible"></span><span class="tco-ellipsis"><span class="invisible">&nbsp;</span></span></a>]]></document>
		<document id="394530240250540033" url="https://twitter.com/annieblogs/status/394530240250540033"><![CDATA[Day 27 :: Matthew 12:34<a href="http://t.co/7zs12thybg" rel="nofollow noopener" dir="ltr" data-expanded-url="http://goo.gl/fb/TXaA0" class="twitter-timeline-link u-hidden" target="_blank" title="http://goo.gl/fb/TXaA0" ><span class="tco-ellipsis"></span><span class="invisible">http://</span><span class="js-display-url">goo.gl/fb/TXaA0</span><span class="invisible"></span><span class="tco-ellipsis"><span class="invisible">&nbsp;</span></span></a>]]></document>
		<document id="394750922905362432" url="https://twitter.com/annieblogs/status/394750922905362432"><![CDATA[Day 28 :: Speak Life by Toby Mac <a href="http://t.co/wIrfWWzuk0" rel="nofollow noopener" dir="ltr" data-expanded-url="http://goo.gl/fb/hWzCZ" class="twitter-timeline-link" target="_blank" title="http://goo.gl/fb/hWzCZ" ><span class="tco-ellipsis"></span><span class="invisible">http://</span><span class="js-display-url">goo.gl/fb/hWzCZ</span><span class="invisible"></span><span class="tco-ellipsis"><span class="invisible">&nbsp;</span></span></a>]]></document>
		<document id="395284521245237248" url="https://twitter.com/annieblogs/status/395284521245237248"><![CDATA[Day 29 :: Use Your E-manners.<a href="http://t.co/obg3qOBykw" rel="nofollow noopener" dir="ltr" data-expanded-url="http://goo.gl/fb/74QqX" class="twitter-timeline-link u-hidden" target="_blank" title="http://goo.gl/fb/74QqX" ><span class="tco-ellipsis"></span><span class="invisible">http://</span><span class="js-display-url">goo.gl/fb/74QqX</span><span class="invisible"></span><span class="tco-ellipsis"><span class="invisible">&nbsp;</span></span></a>]]></document>
		<document id="395636337342427136" url="https://twitter.com/annieblogs/status/395636337342427136"><![CDATA[Day 30 :: Goodbye, Mean Girl. <a href="http://t.co/0iCTERsbzK" rel="nofollow noopener" dir="ltr" data-expanded-url="http://goo.gl/fb/vqd6V" class="twitter-timeline-link" target="_blank" title="http://goo.gl/fb/vqd6V" ><span class="tco-ellipsis"></span><span class="invisible">http://</span><span class="js-display-url">goo.gl/fb/vqd6V</span><span class="invisible"></span><span class="tco-ellipsis"><span class="invisible">&nbsp;</span></span></a>]]></document>
		<document id="395778195175505920" url="https://twitter.com/annieblogs/status/395778195175505920"><![CDATA[Day 31 :: 5 Steps To No More Mean Girls <a href="http://t.co/ct6CCMhVxh" rel="nofollow noopener" dir="ltr" data-expanded-url="http://goo.gl/fb/FKIcF" class="twitter-timeline-link" target="_blank" title="http://goo.gl/fb/FKIcF" ><span class="tco-ellipsis"></span><span class="invisible">http://</span><span class="js-display-url">goo.gl/fb/FKIcF</span><span class="invisible"></span><span class="tco-ellipsis"><span class="invisible">&nbsp;</span></span></a>]]></document>
		<document id="396200260407918592" url="https://twitter.com/annieblogs/status/396200260407918592"><![CDATA[31 Ways To Speak Love<a href="http://t.co/CSCx5gw4mW" rel="nofollow noopener" dir="ltr" data-expanded-url="http://goo.gl/fb/Nn58O" class="twitter-timeline-link u-hidden" target="_blank" title="http://goo.gl/fb/Nn58O" ><span class="tco-ellipsis"></span><span class="invisible">http://</span><span class="js-display-url">goo.gl/fb/Nn58O</span><span class="invisible"></span><span class="tco-ellipsis"><span class="invisible">&nbsp;</span></span></a>]]></document>
		<document id="396370838150463489" url="https://twitter.com/annieblogs/status/396370838150463489"><![CDATA[Afternoon Distraction :: I love athletes. <a href="http://t.co/ciAQjHhy7e" rel="nofollow noopener" dir="ltr" data-expanded-url="http://goo.gl/fb/cBURD" class="twitter-timeline-link" target="_blank" title="http://goo.gl/fb/cBURD" ><span class="tco-ellipsis"></span><span class="invisible">http://</span><span class="js-display-url">goo.gl/fb/cBURD</span><span class="invisible"></span><span class="tco-ellipsis"><span class="invisible">&nbsp;</span></span></a>]]></document>
		<document id="397411278601596928" url="https://twitter.com/annieblogs/status/397411278601596928"><![CDATA[Afternoon Distraction :: I love athletes.<a href="http://t.co/t7WCgv4lMb" rel="nofollow noopener" dir="ltr" data-expanded-url="http://goo.gl/fb/qrFpr" class="twitter-timeline-link u-hidden" target="_blank" title="http://goo.gl/fb/qrFpr" ><span class="tco-ellipsis"></span><span class="invisible">http://</span><span class="js-display-url">goo.gl/fb/qrFpr</span><span class="invisible"></span><span class="tco-ellipsis"><span class="invisible">&nbsp;</span></span></a>]]></document>
		<document id="397412336715431936" url="https://twitter.com/annieblogs/status/397412336715431936"><![CDATA[Bloggy Update! :)<a href="http://t.co/Nc5uvHCpHX" rel="nofollow noopener" dir="ltr" data-expanded-url="http://goo.gl/fb/1ae9C" class="twitter-timeline-link u-hidden" target="_blank" title="http://goo.gl/fb/1ae9C" ><span class="tco-ellipsis"></span><span class="invisible">http://</span><span class="js-display-url">goo.gl/fb/1ae9C</span><span class="invisible"></span><span class="tco-ellipsis"><span class="invisible">&nbsp;</span></span></a>]]></document>
		<document id="397469337709461504" url="https://twitter.com/annieblogs/status/397469337709461504"><![CDATA[Afternoon Distraction :: The Story of Nashville <a href="http://t.co/lX7Xz3v7J7" rel="nofollow noopener" dir="ltr" data-expanded-url="http://goo.gl/fb/mJQwM" class="twitter-timeline-link" target="_blank" title="http://goo.gl/fb/mJQwM" ><span class="tco-ellipsis"></span><span class="invisible">http://</span><span class="js-display-url">goo.gl/fb/mJQwM</span><span class="invisible"></span><span class="tco-ellipsis"><span class="invisible">&nbsp;</span></span></a>]]></document>
		<document id="397831311525965824" url="https://twitter.com/annieblogs/status/397831311525965824"><![CDATA[Afternoon Distraction :: My Parents Brainwashed Me<a href="http://t.co/7Byw6ppMMe" rel="nofollow noopener" dir="ltr" data-expanded-url="http://goo.gl/fb/K9aKI" class="twitter-timeline-link u-hidden" target="_blank" title="http://goo.gl/fb/K9aKI" ><span class="tco-ellipsis"></span><span class="invisible">http://</span><span class="js-display-url">goo.gl/fb/K9aKI</span><span class="invisible"></span><span class="tco-ellipsis"><span class="invisible">&nbsp;</span></span></a>]]></document>
		<document id="398123592640376832" url="https://twitter.com/annieblogs/status/398123592640376832"><![CDATA[A delish dinner.<a href="http://t.co/mIRbWXh4Bs" rel="nofollow noopener" dir="ltr" data-expanded-url="http://goo.gl/fb/yCBXz" class="twitter-timeline-link u-hidden" target="_blank" title="http://goo.gl/fb/yCBXz" ><span class="tco-ellipsis"></span><span class="invisible">http://</span><span class="js-display-url">goo.gl/fb/yCBXz</span><span class="invisible"></span><span class="tco-ellipsis"><span class="invisible">&nbsp;</span></span></a>]]></document>
		<document id="398193566608261120" url="https://twitter.com/annieblogs/status/398193566608261120"><![CDATA[Afternoon Distraction :: Broadway Baby<a href="http://t.co/LbbeGyk3T6" rel="nofollow noopener" dir="ltr" data-expanded-url="http://goo.gl/fb/7TY0c" class="twitter-timeline-link u-hidden" target="_blank" title="http://goo.gl/fb/7TY0c" ><span class="tco-ellipsis"></span><span class="invisible">http://</span><span class="js-display-url">goo.gl/fb/7TY0c</span><span class="invisible"></span><span class="tco-ellipsis"><span class="invisible">&nbsp;</span></span></a>]]></document>
		<document id="398390114059300864" url="https://twitter.com/annieblogs/status/398390114059300864"><![CDATA[Kath’s Banana Bread<a href="http://t.co/RVMITmehe4" rel="nofollow noopener" dir="ltr" data-expanded-url="http://goo.gl/fb/TX6kT" class="twitter-timeline-link u-hidden" target="_blank" title="http://goo.gl/fb/TX6kT" ><span class="tco-ellipsis"></span><span class="invisible">http://</span><span class="js-display-url">goo.gl/fb/TX6kT</span><span class="invisible"></span><span class="tco-ellipsis"><span class="invisible">&nbsp;</span></span></a>]]></document>
		<document id="398555925516419073" url="https://twitter.com/annieblogs/status/398555925516419073"><![CDATA[Afternoon Distraction :: Cups Tap Dance<a href="http://t.co/V3aGoDAVee" rel="nofollow noopener" dir="ltr" data-expanded-url="http://goo.gl/fb/oI2md" class="twitter-timeline-link u-hidden" target="_blank" title="http://goo.gl/fb/oI2md" ><span class="tco-ellipsis"></span><span class="invisible">http://</span><span class="js-display-url">goo.gl/fb/oI2md</span><span class="invisible"></span><span class="tco-ellipsis"><span class="invisible">&nbsp;</span></span></a>]]></document>
		<document id="398752235343343616" url="https://twitter.com/annieblogs/status/398752235343343616"><![CDATA[Stop Bullying Celebrities.<a href="http://t.co/7WpnMApo5X" rel="nofollow noopener" dir="ltr" data-expanded-url="http://goo.gl/fb/8o5w0" class="twitter-timeline-link u-hidden" target="_blank" title="http://goo.gl/fb/8o5w0" ><span class="tco-ellipsis"></span><span class="invisible">http://</span><span class="js-display-url">goo.gl/fb/8o5w0</span><span class="invisible"></span><span class="tco-ellipsis"><span class="invisible">&nbsp;</span></span></a>]]></document>
		<document id="400009726966366209" url="https://twitter.com/annieblogs/status/400009726966366209"><![CDATA[Afternoon Distraction :: Same Old Same Old<a href="http://t.co/QrMLArEAnP" rel="nofollow noopener" dir="ltr" data-expanded-url="http://goo.gl/fb/sCetO" class="twitter-timeline-link u-hidden" target="_blank" title="http://goo.gl/fb/sCetO" ><span class="tco-ellipsis"></span><span class="invisible">http://</span><span class="js-display-url">goo.gl/fb/sCetO</span><span class="invisible"></span><span class="tco-ellipsis"><span class="invisible">&nbsp;</span></span></a>]]></document>
		<document id="400761501277233152" url="https://twitter.com/annieblogs/status/400761501277233152"><![CDATA[Girls of Grace in GEORGIA!<a href="http://t.co/DC4G7F3For" rel="nofollow noopener" dir="ltr" data-expanded-url="http://goo.gl/fb/onPXw" class="twitter-timeline-link u-hidden" target="_blank" title="http://goo.gl/fb/onPXw" ><span class="tco-ellipsis"></span><span class="invisible">http://</span><span class="js-display-url">goo.gl/fb/onPXw</span><span class="invisible"></span><span class="tco-ellipsis"><span class="invisible">&nbsp;</span></span></a>]]></document>
		<document id="403105623455584256" url="https://twitter.com/annieblogs/status/403105623455584256"><![CDATA[Once Upon A Time.<a href="http://t.co/EsoEcZxsbZ" rel="nofollow noopener" dir="ltr" data-expanded-url="http://goo.gl/fb/fCXdr" class="twitter-timeline-link u-hidden" target="_blank" title="http://goo.gl/fb/fCXdr" ><span class="tco-ellipsis"></span><span class="invisible">http://</span><span class="js-display-url">goo.gl/fb/fCXdr</span><span class="invisible"></span><span class="tco-ellipsis"><span class="invisible">&nbsp;</span></span></a>]]></document>
		<document id="403932797431451648" url="https://twitter.com/annieblogs/status/403932797431451648"><![CDATA[E-cards and Friendsgiving. <a href="http://t.co/0PvOC0dItd" rel="nofollow noopener" dir="ltr" data-expanded-url="http://goo.gl/fb/Q856L" class="twitter-timeline-link" target="_blank" title="http://goo.gl/fb/Q856L" ><span class="tco-ellipsis"></span><span class="invisible">http://</span><span class="js-display-url">goo.gl/fb/Q856L</span><span class="invisible"></span><span class="tco-ellipsis"><span class="invisible">&nbsp;</span></span></a>]]></document>
		<document id="406362581826535424" url="https://twitter.com/annieblogs/status/406362581826535424"><![CDATA[Random Holiday Thoughts<a href="http://t.co/i9nw7B8BbD" rel="nofollow noopener" dir="ltr" data-expanded-url="http://goo.gl/fb/8R7sw" class="twitter-timeline-link u-hidden" target="_blank" title="http://goo.gl/fb/8R7sw" ><span class="tco-ellipsis"></span><span class="invisible">http://</span><span class="js-display-url">goo.gl/fb/8R7sw</span><span class="invisible"></span><span class="tco-ellipsis"><span class="invisible">&nbsp;</span></span></a>]]></document>
		<document id="406728676039208961" url="https://twitter.com/annieblogs/status/406728676039208961"><![CDATA[Please steal my books.<a href="http://t.co/MPTha6MUKv" rel="nofollow noopener" dir="ltr" data-expanded-url="http://goo.gl/fb/N2Zk8" class="twitter-timeline-link u-hidden" target="_blank" title="http://goo.gl/fb/N2Zk8" ><span class="tco-ellipsis"></span><span class="invisible">http://</span><span class="js-display-url">goo.gl/fb/N2Zk8</span><span class="invisible"></span><span class="tco-ellipsis"><span class="invisible">&nbsp;</span></span></a>]]></document>
		<document id="407458798342012928" url="https://twitter.com/annieblogs/status/407458798342012928"><![CDATA[CYBER MONDAY SALE!<a href="http://t.co/ZOoINHntnz" rel="nofollow noopener" dir="ltr" data-expanded-url="http://goo.gl/fb/1oLuY" class="twitter-timeline-link u-hidden" target="_blank" title="http://goo.gl/fb/1oLuY" ><span class="tco-ellipsis"></span><span class="invisible">http://</span><span class="js-display-url">goo.gl/fb/1oLuY</span><span class="invisible"></span><span class="tco-ellipsis"><span class="invisible">&nbsp;</span></span></a>]]></document>
		<document id="407921033489170432" url="https://twitter.com/annieblogs/status/407921033489170432"><![CDATA[Merry Christmas from Dave Barnes.<a href="http://t.co/TibsW53lb8" rel="nofollow noopener" dir="ltr" data-expanded-url="http://goo.gl/fb/Hwr0P" class="twitter-timeline-link u-hidden" target="_blank" title="http://goo.gl/fb/Hwr0P" ><span class="tco-ellipsis"></span><span class="invisible">http://</span><span class="js-display-url">goo.gl/fb/Hwr0P</span><span class="invisible"></span><span class="tco-ellipsis"><span class="invisible">&nbsp;</span></span></a>]]></document>
		<document id="409027528406609921" url="https://twitter.com/annieblogs/status/409027528406609921"><![CDATA[2013 Bookplates!<a href="http://t.co/NQ2Yd9XlyX" rel="nofollow noopener" dir="ltr" data-expanded-url="http://goo.gl/fb/e7rpr" class="twitter-timeline-link u-hidden" target="_blank" title="http://goo.gl/fb/e7rpr" ><span class="tco-ellipsis"></span><span class="invisible">http://</span><span class="js-display-url">goo.gl/fb/e7rpr</span><span class="invisible"></span><span class="tco-ellipsis"><span class="invisible">&nbsp;</span></span></a>]]></document>
		<document id="409246242242580480" url="https://twitter.com/annieblogs/status/409246242242580480"><![CDATA[I love ornaments.<a href="http://t.co/kLuDWPEiGA" rel="nofollow noopener" dir="ltr" data-expanded-url="http://goo.gl/fb/dytfF" class="twitter-timeline-link u-hidden" target="_blank" title="http://goo.gl/fb/dytfF" ><span class="tco-ellipsis"></span><span class="invisible">http://</span><span class="js-display-url">goo.gl/fb/dytfF</span><span class="invisible"></span><span class="tco-ellipsis"><span class="invisible">&nbsp;</span></span></a>]]></document>
		<document id="409992957501378560" url="https://twitter.com/annieblogs/status/409992957501378560"><![CDATA[4th Bi-Annual Small Group Snoozle!<a href="http://t.co/9IXvWsnzR7" rel="nofollow noopener" dir="ltr" data-expanded-url="http://goo.gl/fb/sWcyG" class="twitter-timeline-link u-hidden" target="_blank" title="http://goo.gl/fb/sWcyG" ><span class="tco-ellipsis"></span><span class="invisible">http://</span><span class="js-display-url">goo.gl/fb/sWcyG</span><span class="invisible"></span><span class="tco-ellipsis"><span class="invisible">&nbsp;</span></span></a>]]></document>
		<document id="410080843106099200" url="https://twitter.com/annieblogs/status/410080843106099200"><![CDATA[12 Days of Speak Love — DAY 1!<a href="http://t.co/L7V9lC872H" rel="nofollow noopener" dir="ltr" data-expanded-url="http://goo.gl/fb/6NRS1" class="twitter-timeline-link u-hidden" target="_blank" title="http://goo.gl/fb/6NRS1" ><span class="tco-ellipsis"></span><span class="invisible">http://</span><span class="js-display-url">goo.gl/fb/6NRS1</span><span class="invisible"></span><span class="tco-ellipsis"><span class="invisible">&nbsp;</span></span></a>]]></document>
		<document id="410348734070153216" url="https://twitter.com/annieblogs/status/410348734070153216"><![CDATA[Links going in One Direction.<a href="http://t.co/FqHcvtfSUl" rel="nofollow noopener" dir="ltr" data-expanded-url="http://goo.gl/fb/f9P34" class="twitter-timeline-link u-hidden" target="_blank" title="http://goo.gl/fb/f9P34" ><span class="tco-ellipsis"></span><span class="invisible">http://</span><span class="js-display-url">goo.gl/fb/f9P34</span><span class="invisible"></span><span class="tco-ellipsis"><span class="invisible">&nbsp;</span></span></a>]]></document>
		<document id="410469919835557888" url="https://twitter.com/annieblogs/status/410469919835557888"><![CDATA[12 Days of Speak Love — DAY 2!<a href="http://t.co/5eXgX1p4yh" rel="nofollow noopener" dir="ltr" data-expanded-url="http://goo.gl/fb/if9h8" class="twitter-timeline-link u-hidden" target="_blank" title="http://goo.gl/fb/if9h8" ><span class="tco-ellipsis"></span><span class="invisible">http://</span><span class="js-display-url">goo.gl/fb/if9h8</span><span class="invisible"></span><span class="tco-ellipsis"><span class="invisible">&nbsp;</span></span></a>]]></document>
		<document id="410711426832297984" url="https://twitter.com/annieblogs/status/410711426832297984"><![CDATA[Where have I been? <a href="http://t.co/yxO4cBpB4T" rel="nofollow noopener" dir="ltr" data-expanded-url="http://goo.gl/fb/MfdMl" class="twitter-timeline-link" target="_blank" title="http://goo.gl/fb/MfdMl" ><span class="tco-ellipsis"></span><span class="invisible">http://</span><span class="js-display-url">goo.gl/fb/MfdMl</span><span class="invisible"></span><span class="tco-ellipsis"><span class="invisible">&nbsp;</span></span></a>]]></document>
		<document id="410835180782620672" url="https://twitter.com/annieblogs/status/410835180782620672"><![CDATA[12 Days of Speak Love — DAY 3!<a href="http://t.co/24qKSeFZpQ" rel="nofollow noopener" dir="ltr" data-expanded-url="http://goo.gl/fb/vlbY1" class="twitter-timeline-link u-hidden" target="_blank" title="http://goo.gl/fb/vlbY1" ><span class="tco-ellipsis"></span><span class="invisible">http://</span><span class="js-display-url">goo.gl/fb/vlbY1</span><span class="invisible"></span><span class="tco-ellipsis"><span class="invisible">&nbsp;</span></span></a>]]></document>
		<document id="411128994747387904" url="https://twitter.com/annieblogs/status/411128994747387904"><![CDATA[12 Days of Speak Love — Day 4!<a href="http://t.co/EdBfGTwlZD" rel="nofollow noopener" dir="ltr" data-expanded-url="http://goo.gl/fb/Hvuu6" class="twitter-timeline-link u-hidden" target="_blank" title="http://goo.gl/fb/Hvuu6" ><span class="tco-ellipsis"></span><span class="invisible">http://</span><span class="js-display-url">goo.gl/fb/Hvuu6</span><span class="invisible"></span><span class="tco-ellipsis"><span class="invisible">&nbsp;</span></span></a>]]></document>
		<document id="411587664161566720" url="https://twitter.com/annieblogs/status/411587664161566720"><![CDATA[12 Days of Speak Love — DAY 5!<a href="http://t.co/U5iYrQBkRf" rel="nofollow noopener" dir="ltr" data-expanded-url="http://goo.gl/fb/W0UzU" class="twitter-timeline-link u-hidden" target="_blank" title="http://goo.gl/fb/W0UzU" ><span class="tco-ellipsis"></span><span class="invisible">http://</span><span class="js-display-url">goo.gl/fb/W0UzU</span><span class="invisible"></span><span class="tco-ellipsis"><span class="invisible">&nbsp;</span></span></a>]]></document>
		<document id="411921276547395584" url="https://twitter.com/annieblogs/status/411921276547395584"><![CDATA[12 Days of Speak Love — Day 6!<a href="http://t.co/YwLdhKM8Sj" rel="nofollow noopener" dir="ltr" data-expanded-url="http://goo.gl/fb/QVbvb" class="twitter-timeline-link u-hidden" target="_blank" title="http://goo.gl/fb/QVbvb" ><span class="tco-ellipsis"></span><span class="invisible">http://</span><span class="js-display-url">goo.gl/fb/QVbvb</span><span class="invisible"></span><span class="tco-ellipsis"><span class="invisible">&nbsp;</span></span></a>]]></document>
		<document id="412285845883092994" url="https://twitter.com/annieblogs/status/412285845883092994"><![CDATA[12 Days of Speak Love — Day 7!<a href="http://t.co/W5yQcYxn9X" rel="nofollow noopener" dir="ltr" data-expanded-url="http://goo.gl/fb/HvCkW" class="twitter-timeline-link u-hidden" target="_blank" title="http://goo.gl/fb/HvCkW" ><span class="tco-ellipsis"></span><span class="invisible">http://</span><span class="js-display-url">goo.gl/fb/HvCkW</span><span class="invisible"></span><span class="tco-ellipsis"><span class="invisible">&nbsp;</span></span></a>]]></document>
		<document id="412585445701480448" url="https://twitter.com/annieblogs/status/412585445701480448"><![CDATA[LAST DAY, Y’ALL. <a href="http://t.co/o2HtWzWkUO" rel="nofollow noopener" dir="ltr" data-expanded-url="http://goo.gl/fb/lQEil" class="twitter-timeline-link" target="_blank" title="http://goo.gl/fb/lQEil" ><span class="tco-ellipsis"></span><span class="invisible">http://</span><span class="js-display-url">goo.gl/fb/lQEil</span><span class="invisible"></span><span class="tco-ellipsis"><span class="invisible">&nbsp;</span></span></a>]]></document>
		<document id="412650824993484800" url="https://twitter.com/annieblogs/status/412650824993484800"><![CDATA[12 Days of Speak Love — Day 8!<a href="http://t.co/TTuy0PfwuF" rel="nofollow noopener" dir="ltr" data-expanded-url="http://goo.gl/fb/Wcxb9" class="twitter-timeline-link u-hidden" target="_blank" title="http://goo.gl/fb/Wcxb9" ><span class="tco-ellipsis"></span><span class="invisible">http://</span><span class="js-display-url">goo.gl/fb/Wcxb9</span><span class="invisible"></span><span class="tco-ellipsis"><span class="invisible">&nbsp;</span></span></a>]]></document>
		<document id="412885324390735872" url="https://twitter.com/annieblogs/status/412885324390735872"><![CDATA[Christmas Conundrum and e-cards.<a href="http://t.co/cac3WADjPm" rel="nofollow noopener" dir="ltr" data-expanded-url="http://goo.gl/fb/EInl5" class="twitter-timeline-link u-hidden" target="_blank" title="http://goo.gl/fb/EInl5" ><span class="tco-ellipsis"></span><span class="invisible">http://</span><span class="js-display-url">goo.gl/fb/EInl5</span><span class="invisible"></span><span class="tco-ellipsis"><span class="invisible">&nbsp;</span></span></a>]]></document>
		<document id="413013114066837504" url="https://twitter.com/annieblogs/status/413013114066837504"><![CDATA[12 Days of Speak Love — Day 9!<a href="http://t.co/JiQ4tO3qao" rel="nofollow noopener" dir="ltr" data-expanded-url="http://goo.gl/fb/QJcc8" class="twitter-timeline-link u-hidden" target="_blank" title="http://goo.gl/fb/QJcc8" ><span class="tco-ellipsis"></span><span class="invisible">http://</span><span class="js-display-url">goo.gl/fb/QJcc8</span><span class="invisible"></span><span class="tco-ellipsis"><span class="invisible">&nbsp;</span></span></a>]]></document>
		<document id="413354645437022208" url="https://twitter.com/annieblogs/status/413354645437022208"><![CDATA[12 Days of Speak Love — Day 10!<a href="http://t.co/48yPDDOGRl" rel="nofollow noopener" dir="ltr" data-expanded-url="http://goo.gl/fb/3cBwL" class="twitter-timeline-link u-hidden" target="_blank" title="http://goo.gl/fb/3cBwL" ><span class="tco-ellipsis"></span><span class="invisible">http://</span><span class="js-display-url">goo.gl/fb/3cBwL</span><span class="invisible"></span><span class="tco-ellipsis"><span class="invisible">&nbsp;</span></span></a>]]></document>
		<document id="413715370923790336" url="https://twitter.com/annieblogs/status/413715370923790336"><![CDATA[12 Days of Speak Love — Day 11!<a href="http://t.co/FKWTYEURN6" rel="nofollow noopener" dir="ltr" data-expanded-url="http://goo.gl/fb/fMVO3" class="twitter-timeline-link u-hidden" target="_blank" title="http://goo.gl/fb/fMVO3" ><span class="tco-ellipsis"></span><span class="invisible">http://</span><span class="js-display-url">goo.gl/fb/fMVO3</span><span class="invisible"></span><span class="tco-ellipsis"><span class="invisible">&nbsp;</span></span></a>]]></document>
		<document id="414093428465471488" url="https://twitter.com/annieblogs/status/414093428465471488"><![CDATA[12 Days of Speak Love — Day 12!<a href="http://t.co/IGbmIcqTUW" rel="nofollow noopener" dir="ltr" data-expanded-url="http://goo.gl/fb/P5HBT" class="twitter-timeline-link u-hidden" target="_blank" title="http://goo.gl/fb/P5HBT" ><span class="tco-ellipsis"></span><span class="invisible">http://</span><span class="js-display-url">goo.gl/fb/P5HBT</span><span class="invisible"></span><span class="tco-ellipsis"><span class="invisible">&nbsp;</span></span></a>]]></document>
		<document id="417596413049335808" url="https://twitter.com/annieblogs/status/417596413049335808"><![CDATA[13 Highlights of 2013<a href="http://t.co/NCypV28YIh" rel="nofollow noopener" dir="ltr" data-expanded-url="http://goo.gl/fb/yCPy7" class="twitter-timeline-link u-hidden" target="_blank" title="http://goo.gl/fb/yCPy7" ><span class="tco-ellipsis"></span><span class="invisible">http://</span><span class="js-display-url">goo.gl/fb/yCPy7</span><span class="invisible"></span><span class="tco-ellipsis"><span class="invisible">&nbsp;</span></span></a>]]></document>
		<document id="418048875963092992" url="https://twitter.com/annieblogs/status/418048875963092992"><![CDATA[Happy New Year Darlin’. <a href="http://t.co/3pNJEgueth" rel="nofollow noopener" dir="ltr" data-expanded-url="http://goo.gl/fb/K9TjL" class="twitter-timeline-link" target="_blank" title="http://goo.gl/fb/K9TjL" ><span class="tco-ellipsis"></span><span class="invisible">http://</span><span class="js-display-url">goo.gl/fb/K9TjL</span><span class="invisible"></span><span class="tco-ellipsis"><span class="invisible">&nbsp;</span></span></a>]]></document>
	</documents>
</author>