<?xml version="1.0" encoding="UTF-8" standalone="no"?><author age_group="xx" gender="xx" lang="EN" type="twitter" url="https://twitter.com/MattZaheen">
	<documents count="272">
		<document id="172956565777821696" url="https://twitter.com/MattZaheen/status/172956565777821696"/>
		<document id="174148733330661376" url="https://twitter.com/MattZaheen/status/174148733330661376"/>
		<document id="174331846522441728" url="https://twitter.com/MattZaheen/status/174331846522441728"/>
		<document id="174333914943455233" url="https://twitter.com/MattZaheen/status/174333914943455233"/>
		<document id="174353087371296768" url="https://twitter.com/MattZaheen/status/174353087371296768"/>
		<document id="174381763764826112" url="https://twitter.com/MattZaheen/status/174381763764826112"/>
		<document id="174667893542371328" url="https://twitter.com/MattZaheen/status/174667893542371328"/>
		<document id="174733859039088640" url="https://twitter.com/MattZaheen/status/174733859039088640"/>
		<document id="175173558509645827" url="https://twitter.com/MattZaheen/status/175173558509645827"/>
		<document id="175570071517798400" url="https://twitter.com/MattZaheen/status/175570071517798400"/>
		<document id="176521429125312512" url="https://twitter.com/MattZaheen/status/176521429125312512"/>
		<document id="177230939271864322" url="https://twitter.com/MattZaheen/status/177230939271864322"/>
		<document id="181603444950433792" url="https://twitter.com/MattZaheen/status/181603444950433792"/>
		<document id="183508111024332800" url="https://twitter.com/MattZaheen/status/183508111024332800"/>
		<document id="183592942143938562" url="https://twitter.com/MattZaheen/status/183592942143938562"/>
		<document id="183594939148537857" url="https://twitter.com/MattZaheen/status/183594939148537857"/>
		<document id="183871694832807936" url="https://twitter.com/MattZaheen/status/183871694832807936"/>
		<document id="183947020963295232" url="https://twitter.com/MattZaheen/status/183947020963295232"/>
		<document id="184131758168616960" url="https://twitter.com/MattZaheen/status/184131758168616960"/>
		<document id="185029020684005376" url="https://twitter.com/MattZaheen/status/185029020684005376"/>
		<document id="185597632679395328" url="https://twitter.com/MattZaheen/status/185597632679395328"/>
		<document id="186769913132748800" url="https://twitter.com/MattZaheen/status/186769913132748800"/>
		<document id="187649835476848640" url="https://twitter.com/MattZaheen/status/187649835476848640"/>
		<document id="187875993053179904" url="https://twitter.com/MattZaheen/status/187875993053179904"/>
		<document id="189254990450262016" url="https://twitter.com/MattZaheen/status/189254990450262016"/>
		<document id="189324354033680384" url="https://twitter.com/MattZaheen/status/189324354033680384"/>
		<document id="190090079035867137" url="https://twitter.com/MattZaheen/status/190090079035867137"/>
		<document id="191119971793899521" url="https://twitter.com/MattZaheen/status/191119971793899521"/>
		<document id="191757759300116480" url="https://twitter.com/MattZaheen/status/191757759300116480"/>
		<document id="193392979917017088" url="https://twitter.com/MattZaheen/status/193392979917017088"/>
		<document id="194371651394215936" url="https://twitter.com/MattZaheen/status/194371651394215936"/>
		<document id="194981283380723713" url="https://twitter.com/MattZaheen/status/194981283380723713"/>
		<document id="195436806399991808" url="https://twitter.com/MattZaheen/status/195436806399991808"/>
		<document id="195774344650170368" url="https://twitter.com/MattZaheen/status/195774344650170368"/>
		<document id="196629908791889920" url="https://twitter.com/MattZaheen/status/196629908791889920"/>
		<document id="196920217115443202" url="https://twitter.com/MattZaheen/status/196920217115443202"/>
		<document id="196996098152345601" url="https://twitter.com/MattZaheen/status/196996098152345601"/>
		<document id="199368285626712064" url="https://twitter.com/MattZaheen/status/199368285626712064"/>
		<document id="199371224688758784" url="https://twitter.com/MattZaheen/status/199371224688758784"/>
		<document id="200552134087950336" url="https://twitter.com/MattZaheen/status/200552134087950336"/>
		<document id="203033808709238784" url="https://twitter.com/MattZaheen/status/203033808709238784"/>
		<document id="204418147753795584" url="https://twitter.com/MattZaheen/status/204418147753795584"/>
		<document id="205966377692045313" url="https://twitter.com/MattZaheen/status/205966377692045313"/>
		<document id="207045032035885056" url="https://twitter.com/MattZaheen/status/207045032035885056"/>
		<document id="208037210879041536" url="https://twitter.com/MattZaheen/status/208037210879041536"/>
		<document id="208491909730156544" url="https://twitter.com/MattZaheen/status/208491909730156544"/>
		<document id="208949180473942016" url="https://twitter.com/MattZaheen/status/208949180473942016"/>
		<document id="210055240186216448" url="https://twitter.com/MattZaheen/status/210055240186216448"/>
		<document id="210571760045785090" url="https://twitter.com/MattZaheen/status/210571760045785090"/>
		<document id="210581908344676353" url="https://twitter.com/MattZaheen/status/210581908344676353"/>
		<document id="212121338649915392" url="https://twitter.com/MattZaheen/status/212121338649915392"/>
		<document id="212423509429846016" url="https://twitter.com/MattZaheen/status/212423509429846016"/>
		<document id="212423658684153857" url="https://twitter.com/MattZaheen/status/212423658684153857"/>
		<document id="213121684016861185" url="https://twitter.com/MattZaheen/status/213121684016861185"/>
		<document id="214390916264374273" url="https://twitter.com/MattZaheen/status/214390916264374273"/>
		<document id="214969198894518272" url="https://twitter.com/MattZaheen/status/214969198894518272"/>
		<document id="216502856935673856" url="https://twitter.com/MattZaheen/status/216502856935673856"/>
		<document id="216506838089347072" url="https://twitter.com/MattZaheen/status/216506838089347072"/>
		<document id="216593568448524289" url="https://twitter.com/MattZaheen/status/216593568448524289"/>
		<document id="220551927535112192" url="https://twitter.com/MattZaheen/status/220551927535112192"/>
		<document id="221489673615319040" url="https://twitter.com/MattZaheen/status/221489673615319040"/>
		<document id="224088722298241024" url="https://twitter.com/MattZaheen/status/224088722298241024"/>
		<document id="224734618664976384" url="https://twitter.com/MattZaheen/status/224734618664976384"/>
		<document id="225251072955006976" url="https://twitter.com/MattZaheen/status/225251072955006976"/>
		<document id="226639412732260352" url="https://twitter.com/MattZaheen/status/226639412732260352"/>
		<document id="227258771108417537" url="https://twitter.com/MattZaheen/status/227258771108417537"/>
		<document id="227438902733058048" url="https://twitter.com/MattZaheen/status/227438902733058048"><![CDATA[Wheelock Place, Singapore (July 2012)<a href="http://t.co/OaDCzjmT" class="twitter-timeline-link u-hidden" data-pre-embedded="true" dir="ltr" >pic.twitter.com/OaDCzjmT</a>]]></document>
		<document id="227439092655333377" url="https://twitter.com/MattZaheen/status/227439092655333377"/>
		<document id="227439613462069248" url="https://twitter.com/MattZaheen/status/227439613462069248"/>
		<document id="227682905206448128" url="https://twitter.com/MattZaheen/status/227682905206448128"/>
		<document id="228067675643998210" url="https://twitter.com/MattZaheen/status/228067675643998210"/>
		<document id="228138897870315520" url="https://twitter.com/MattZaheen/status/228138897870315520"/>
		<document id="228713903364911104" url="https://twitter.com/MattZaheen/status/228713903364911104"/>
		<document id="228714086924443648" url="https://twitter.com/MattZaheen/status/228714086924443648"/>
		<document id="229527310653587456" url="https://twitter.com/MattZaheen/status/229527310653587456"/>
		<document id="230584639020998656" url="https://twitter.com/MattZaheen/status/230584639020998656"/>
		<document id="231033061125545984" url="https://twitter.com/MattZaheen/status/231033061125545984"/>
		<document id="231267829985447936" url="https://twitter.com/MattZaheen/status/231267829985447936"/>
		<document id="231343742815174656" url="https://twitter.com/MattZaheen/status/231343742815174656"/>
		<document id="232125536686702592" url="https://twitter.com/MattZaheen/status/232125536686702592"/>
		<document id="233238638568288257" url="https://twitter.com/MattZaheen/status/233238638568288257"/>
		<document id="233581453311631361" url="https://twitter.com/MattZaheen/status/233581453311631361"/>
		<document id="234205642796187649" url="https://twitter.com/MattZaheen/status/234205642796187649"/>
		<document id="234290439056924672" url="https://twitter.com/MattZaheen/status/234290439056924672"/>
		<document id="234910200644132864" url="https://twitter.com/MattZaheen/status/234910200644132864"/>
		<document id="235050627233890306" url="https://twitter.com/MattZaheen/status/235050627233890306"><![CDATA[Powerful &amp; Moving Topic. Tragic Cases Of Shootings In US: &quot;The Psychology Of A Hero: Why Some Leap In Front Of Bullets&quot;<a href="http://t.co/UIpzO97I" rel="nofollow noopener" dir="ltr" data-expanded-url="http://ti.me/ONvX7a" class="twitter-timeline-link u-hidden" target="_blank" title="http://ti.me/ONvX7a" ><span class="tco-ellipsis"></span><span class="invisible">http://</span><span class="js-display-url">ti.me/ONvX7a</span><span class="invisible"></span><span class="tco-ellipsis"><span class="invisible">&nbsp;</span></span></a>]]></document>
		<document id="235692983796781056" url="https://twitter.com/MattZaheen/status/235692983796781056"/>
		<document id="235976401944195072" url="https://twitter.com/MattZaheen/status/235976401944195072"/>
		<document id="236730765424066560" url="https://twitter.com/MattZaheen/status/236730765424066560"/>
		<document id="236861887059460096" url="https://twitter.com/MattZaheen/status/236861887059460096"/>
		<document id="237760418565722112" url="https://twitter.com/MattZaheen/status/237760418565722112"/>
		<document id="237872354703851520" url="https://twitter.com/MattZaheen/status/237872354703851520"/>
		<document id="238923426486710272" url="https://twitter.com/MattZaheen/status/238923426486710272"/>
		<document id="239668638095908864" url="https://twitter.com/MattZaheen/status/239668638095908864"><![CDATA[Great perspective on positive psychology. Sheds light on potential traits that trigger individuals to help in danger.<a href="http://t.co/heU9Bj1v" rel="nofollow noopener" dir="ltr" data-expanded-url="http://on.wsj.com/PbLj5x" class="twitter-timeline-link u-hidden" target="_blank" title="http://on.wsj.com/PbLj5x" ><span class="tco-ellipsis"></span><span class="invisible">http://</span><span class="js-display-url">on.wsj.com/PbLj5x</span><span class="invisible"></span><span class="tco-ellipsis"><span class="invisible">&nbsp;</span></span></a>]]></document>
		<document id="239687130274738176" url="https://twitter.com/MattZaheen/status/239687130274738176"/>
		<document id="240117820510334978" url="https://twitter.com/MattZaheen/status/240117820510334978"/>
		<document id="240392460822536192" url="https://twitter.com/MattZaheen/status/240392460822536192"/>
		<document id="245184034769084417" url="https://twitter.com/MattZaheen/status/245184034769084417"/>
		<document id="246207059475972096" url="https://twitter.com/MattZaheen/status/246207059475972096"/>
		<document id="248303181094850560" url="https://twitter.com/MattZaheen/status/248303181094850560"><![CDATA[How Barack Obama Gets Things Done <a href="http://t.co/sT7nvpjz" rel="nofollow noopener" dir="ltr" data-expanded-url="http://99u.com/tips/7223/How-Barack-Obama-Gets-Things-Done" class="twitter-timeline-link" target="_blank" title="http://99u.com/tips/7223/How-Barack-Obama-Gets-Things-Done" ><span class="tco-ellipsis"></span><span class="invisible">http://</span><span class="js-display-url">99u.com/tips/7223/How-</span><span class="invisible">Barack-Obama-Gets-Things-Done</span><span class="tco-ellipsis"><span class="invisible">&nbsp;</span>…</span></a> via <a href="/99u" class="twitter-atreply pretty-link js-nav" dir="ltr" data-mentioned-user-id="17636894" ><s>@</s><b>99u</b></a>]]></document>
		<document id="250893165081538560" url="https://twitter.com/MattZaheen/status/250893165081538560"/>
		<document id="251329292976414720" url="https://twitter.com/MattZaheen/status/251329292976414720"/>
		<document id="251590253394157570" url="https://twitter.com/MattZaheen/status/251590253394157570"/>
		<document id="252003718306881536" url="https://twitter.com/MattZaheen/status/252003718306881536"/>
		<document id="253183705001107456" url="https://twitter.com/MattZaheen/status/253183705001107456"/>
		<document id="253445057049403392" url="https://twitter.com/MattZaheen/status/253445057049403392"/>
		<document id="253446829776195584" url="https://twitter.com/MattZaheen/status/253446829776195584"/>
		<document id="254435136580493312" url="https://twitter.com/MattZaheen/status/254435136580493312"/>
		<document id="254439136403021825" url="https://twitter.com/MattZaheen/status/254439136403021825"><![CDATA[Patience, preparation and courage. &quot;Leap of faith: Felix Baumgartner&#39;s historic jump from the edge of space&quot; -<a href="http://t.co/yCtDvrOe" rel="nofollow noopener" dir="ltr" data-expanded-url="http://engt.co/T62whf" class="twitter-timeline-link u-hidden" target="_blank" title="http://engt.co/T62whf" ><span class="tco-ellipsis"></span><span class="invisible">http://</span><span class="js-display-url">engt.co/T62whf</span><span class="invisible"></span><span class="tco-ellipsis"><span class="invisible">&nbsp;</span></span></a>]]></document>
		<document id="255268919374393344" url="https://twitter.com/MattZaheen/status/255268919374393344"/>
		<document id="256334200452550656" url="https://twitter.com/MattZaheen/status/256334200452550656"/>
		<document id="256390174123126786" url="https://twitter.com/MattZaheen/status/256390174123126786"/>
		<document id="256798081067143169" url="https://twitter.com/MattZaheen/status/256798081067143169"/>
		<document id="257056247747051520" url="https://twitter.com/MattZaheen/status/257056247747051520"/>
		<document id="257059292648194048" url="https://twitter.com/MattZaheen/status/257059292648194048"/>
		<document id="257397525995192320" url="https://twitter.com/MattZaheen/status/257397525995192320"/>
		<document id="258154860539686913" url="https://twitter.com/MattZaheen/status/258154860539686913"><![CDATA[Nobel prize awarded to the science behind a revolutionary kidney donor-patient matching system. Great achievement.<a href="http://t.co/Bj2W2w8Y" rel="nofollow noopener" dir="ltr" data-expanded-url="http://reut.rs/OD8nOx" class="twitter-timeline-link u-hidden" target="_blank" title="http://reut.rs/OD8nOx" ><span class="tco-ellipsis"></span><span class="invisible">http://</span><span class="js-display-url">reut.rs/OD8nOx</span><span class="invisible"></span><span class="tco-ellipsis"><span class="invisible">&nbsp;</span></span></a>]]></document>
		<document id="258580453890617344" url="https://twitter.com/MattZaheen/status/258580453890617344"/>
		<document id="259255515606040576" url="https://twitter.com/MattZaheen/status/259255515606040576"/>
		<document id="260680948163678208" url="https://twitter.com/MattZaheen/status/260680948163678208"/>
		<document id="262721972738342913" url="https://twitter.com/MattZaheen/status/262721972738342913"/>
		<document id="265034404404002817" url="https://twitter.com/MattZaheen/status/265034404404002817"/>
		<document id="266487005624545280" url="https://twitter.com/MattZaheen/status/266487005624545280"/>
		<document id="266492549856915456" url="https://twitter.com/MattZaheen/status/266492549856915456"/>
		<document id="268212814013923329" url="https://twitter.com/MattZaheen/status/268212814013923329"/>
		<document id="268223148133076992" url="https://twitter.com/MattZaheen/status/268223148133076992"/>
		<document id="268225496075087872" url="https://twitter.com/MattZaheen/status/268225496075087872"/>
		<document id="271211558762332161" url="https://twitter.com/MattZaheen/status/271211558762332161"/>
		<document id="272237500330827776" url="https://twitter.com/MattZaheen/status/272237500330827776"><![CDATA[Brené Brown talks about her research / journey to understand vulnerability. Why do we struggle with it? Worth watching.<a href="http://t.co/aSG4413W" rel="nofollow noopener" dir="ltr" data-expanded-url="http://www.ted.com/talks/brene_brown_on_vulnerability.html" class="twitter-timeline-link u-hidden" target="_blank" title="http://www.ted.com/talks/brene_brown_on_vulnerability.html" ><span class="tco-ellipsis"></span><span class="invisible">http://www.</span><span class="js-display-url">ted.com/talks/brene_br</span><span class="invisible">own_on_vulnerability.html</span><span class="tco-ellipsis"><span class="invisible">&nbsp;</span>…</span></a>]]></document>
		<document id="272239186835279872" url="https://twitter.com/MattZaheen/status/272239186835279872"/>
		<document id="273046139039797248" url="https://twitter.com/MattZaheen/status/273046139039797248"/>
		<document id="273833075266428928" url="https://twitter.com/MattZaheen/status/273833075266428928"/>
		<document id="274123470265266176" url="https://twitter.com/MattZaheen/status/274123470265266176"/>
		<document id="274177365536555008" url="https://twitter.com/MattZaheen/status/274177365536555008"/>
		<document id="274776672392327168" url="https://twitter.com/MattZaheen/status/274776672392327168"/>
		<document id="275081909439184896" url="https://twitter.com/MattZaheen/status/275081909439184896"/>
		<document id="275087789928894465" url="https://twitter.com/MattZaheen/status/275087789928894465"><![CDATA[6K years between the invention of the wheel (Mesopotamians) and today&#39;s wheelie suitcase. Innovation and imagination.<a href="http://t.co/1R20gCa0" rel="nofollow noopener" dir="ltr" data-expanded-url="http://www.fastcompany.com/node/3003362" class="twitter-timeline-link u-hidden" target="_blank" title="http://www.fastcompany.com/node/3003362" ><span class="tco-ellipsis"></span><span class="invisible">http://www.</span><span class="js-display-url">fastcompany.com/node/3003362</span><span class="invisible"></span><span class="tco-ellipsis"><span class="invisible">&nbsp;</span></span></a>]]></document>
		<document id="278083515092959233" url="https://twitter.com/MattZaheen/status/278083515092959233"/>
		<document id="282213851909464066" url="https://twitter.com/MattZaheen/status/282213851909464066"><![CDATA[On the ultimate bravery shown by Principal Dawn Hochsprung, one of the toughest questions, what would we do?<a href="http://t.co/HwKGH1a3" rel="nofollow noopener" dir="ltr" data-expanded-url="http://blogs.hbr.org/hbr/hbreditors/2012/12/facing_the_unimaginable_and_le.html?utm_source=Socialflow&amp;utm_medium=Tweet&amp;utm_campaign=Socialflow" class="twitter-timeline-link u-hidden" target="_blank" title="http://blogs.hbr.org/hbr/hbreditors/2012/12/facing_the_unimaginable_and_le.html?utm_source=Socialflow&amp;utm_medium=Tweet&amp;utm_campaign=Socialflow" ><span class="tco-ellipsis"></span><span class="invisible">http://</span><span class="js-display-url">blogs.hbr.org/hbr/hbreditors</span><span class="invisible">/2012/12/facing_the_unimaginable_and_le.html?utm_source=Socialflow&amp;utm_medium=Tweet&amp;utm_campaign=Socialflow</span><span class="tco-ellipsis"><span class="invisible">&nbsp;</span>…</span></a>]]></document>
		<document id="282227397833670656" url="https://twitter.com/MattZaheen/status/282227397833670656"/>
		<document id="283807415907016705" url="https://twitter.com/MattZaheen/status/283807415907016705"><![CDATA[Nice perspective from NY Times: &quot;The Power of Concentration&quot; -<a href="http://t.co/CQys3gdD" rel="nofollow noopener" dir="ltr" data-expanded-url="http://nyti.ms/Uwuh44" class="twitter-timeline-link u-hidden" target="_blank" title="http://nyti.ms/Uwuh44" ><span class="tco-ellipsis"></span><span class="invisible">http://</span><span class="js-display-url">nyti.ms/Uwuh44</span><span class="invisible"></span><span class="tco-ellipsis"><span class="invisible">&nbsp;</span></span></a>]]></document>
		<document id="284143234240880640" url="https://twitter.com/MattZaheen/status/284143234240880640"/>
		<document id="286340538360291328" url="https://twitter.com/MattZaheen/status/286340538360291328"/>
		<document id="286867168107327489" url="https://twitter.com/MattZaheen/status/286867168107327489"/>
		<document id="286874193117724673" url="https://twitter.com/MattZaheen/status/286874193117724673"/>
		<document id="287174470152630275" url="https://twitter.com/MattZaheen/status/287174470152630275"/>
		<document id="287191426998091776" url="https://twitter.com/MattZaheen/status/287191426998091776"/>
		<document id="288298795341590528" url="https://twitter.com/MattZaheen/status/288298795341590528"/>
		<document id="288306686115069953" url="https://twitter.com/MattZaheen/status/288306686115069953"/>
		<document id="292105786694463489" url="https://twitter.com/MattZaheen/status/292105786694463489"/>
		<document id="292215835660013568" url="https://twitter.com/MattZaheen/status/292215835660013568"/>
		<document id="294043341874659330" url="https://twitter.com/MattZaheen/status/294043341874659330"/>
		<document id="294051866982117376" url="https://twitter.com/MattZaheen/status/294051866982117376"/>
		<document id="294054806912380928" url="https://twitter.com/MattZaheen/status/294054806912380928"/>
		<document id="294098581873385473" url="https://twitter.com/MattZaheen/status/294098581873385473"/>
		<document id="294676955922563072" url="https://twitter.com/MattZaheen/status/294676955922563072"/>
		<document id="296652880675471360" url="https://twitter.com/MattZaheen/status/296652880675471360"/>
		<document id="296664706863738881" url="https://twitter.com/MattZaheen/status/296664706863738881"/>
		<document id="297769876175593472" url="https://twitter.com/MattZaheen/status/297769876175593472"/>
		<document id="302172796807680001" url="https://twitter.com/MattZaheen/status/302172796807680001"/>
		<document id="304291618289221633" url="https://twitter.com/MattZaheen/status/304291618289221633"/>
		<document id="306445721383604224" url="https://twitter.com/MattZaheen/status/306445721383604224"/>
		<document id="306729880614215680" url="https://twitter.com/MattZaheen/status/306729880614215680"/>
		<document id="311172751027224577" url="https://twitter.com/MattZaheen/status/311172751027224577"/>
		<document id="311432895636058113" url="https://twitter.com/MattZaheen/status/311432895636058113"><![CDATA[Assumptions Limit Possibilities. Which Ones Are Limiting You? - Forbes<a href="http://t.co/VW7Iqf3jwJ" rel="nofollow noopener" dir="ltr" data-expanded-url="http://onforb.es/Zy4EW0" class="twitter-timeline-link u-hidden" target="_blank" title="http://onforb.es/Zy4EW0" ><span class="tco-ellipsis"></span><span class="invisible">http://</span><span class="js-display-url">onforb.es/Zy4EW0</span><span class="invisible"></span><span class="tco-ellipsis"><span class="invisible">&nbsp;</span></span></a>]]></document>
		<document id="314001444535693312" url="https://twitter.com/MattZaheen/status/314001444535693312"/>
		<document id="314007626264494080" url="https://twitter.com/MattZaheen/status/314007626264494080"/>
		<document id="314010604513947648" url="https://twitter.com/MattZaheen/status/314010604513947648"/>
		<document id="316773801197191168" url="https://twitter.com/MattZaheen/status/316773801197191168"/>
		<document id="317585156317786113" url="https://twitter.com/MattZaheen/status/317585156317786113"/>
		<document id="318004255296454656" url="https://twitter.com/MattZaheen/status/318004255296454656"><![CDATA[Pretty fascinating article into the mind of Adam Grant. Well worth the read. &quot;Is Giving the Secret to Getting Ahead?&quot;<a href="http://t.co/3HgnxC1Yqa" rel="nofollow noopener" dir="ltr" data-expanded-url="http://nyti.ms/XGKkOW" class="twitter-timeline-link u-hidden" target="_blank" title="http://nyti.ms/XGKkOW" ><span class="tco-ellipsis"></span><span class="invisible">http://</span><span class="js-display-url">nyti.ms/XGKkOW</span><span class="invisible"></span><span class="tco-ellipsis"><span class="invisible">&nbsp;</span></span></a>]]></document>
		<document id="322276927849246720" url="https://twitter.com/MattZaheen/status/322276927849246720"/>
		<document id="322575296719106049" url="https://twitter.com/MattZaheen/status/322575296719106049"/>
		<document id="322694496716468224" url="https://twitter.com/MattZaheen/status/322694496716468224"/>
		<document id="323423898886615041" url="https://twitter.com/MattZaheen/status/323423898886615041"><![CDATA[Valuable insights on performance, corporate culture and scaling for growth, from Dave Goldberg, CEO of SurveyMonkey.<a href="http://t.co/krHia2zIPm" rel="nofollow noopener" dir="ltr" data-expanded-url="http://firstround.com/article/How-Dave-Goldberg-of-SurveyMonkey-Built-a-Billion-Dollar-Business-and-Still-Gets-Home-By-5-30#.UWp8xlxdUFU.twitter" class="twitter-timeline-link u-hidden" target="_blank" title="http://firstround.com/article/How-Dave-Goldberg-of-SurveyMonkey-Built-a-Billion-Dollar-Business-and-Still-Gets-Home-By-5-30#.UWp8xlxdUFU.twitter" ><span class="tco-ellipsis"></span><span class="invisible">http://</span><span class="js-display-url">firstround.com/article/How-Da</span><span class="invisible">ve-Goldberg-of-SurveyMonkey-Built-a-Billion-Dollar-Business-and-Still-Gets-Home-By-5-30#.UWp8xlxdUFU.twitter</span><span class="tco-ellipsis"><span class="invisible">&nbsp;</span>…</span></a>]]></document>
		<document id="331362581564493825" url="https://twitter.com/MattZaheen/status/331362581564493825"/>
		<document id="331388746102624256" url="https://twitter.com/MattZaheen/status/331388746102624256"/>
		<document id="333262474671431680" url="https://twitter.com/MattZaheen/status/333262474671431680"/>
		<document id="333448169218265088" url="https://twitter.com/MattZaheen/status/333448169218265088"/>
		<document id="333579079347478529" url="https://twitter.com/MattZaheen/status/333579079347478529"><![CDATA[Recognising your moment and turning it into something meaningful.<a href="http://t.co/FCHUafRKSJ" rel="nofollow noopener" dir="ltr" data-expanded-url="http://blogs.hbr.org/cs/2013/04/find_your_moment_of_obligation.html" class="twitter-timeline-link u-hidden" target="_blank" title="http://blogs.hbr.org/cs/2013/04/find_your_moment_of_obligation.html" ><span class="tco-ellipsis"></span><span class="invisible">http://</span><span class="js-display-url">blogs.hbr.org/cs/2013/04/fin</span><span class="invisible">d_your_moment_of_obligation.html</span><span class="tco-ellipsis"><span class="invisible">&nbsp;</span>…</span></a>]]></document>
		<document id="337920559734206464" url="https://twitter.com/MattZaheen/status/337920559734206464"><![CDATA[Amy Cuddy&#39;s message about &#39;faking it till you become it and internalise it&#39; is reason enough to watch this again.<a href="http://t.co/zfamk9Ve3b" rel="nofollow noopener" dir="ltr" data-expanded-url="http://www.ted.com/talks/amy_cuddy_your_body_language_shapes_who_you_are.html" class="twitter-timeline-link u-hidden" target="_blank" title="http://www.ted.com/talks/amy_cuddy_your_body_language_shapes_who_you_are.html" ><span class="tco-ellipsis"></span><span class="invisible">http://www.</span><span class="js-display-url">ted.com/talks/amy_cudd</span><span class="invisible">y_your_body_language_shapes_who_you_are.html</span><span class="tco-ellipsis"><span class="invisible">&nbsp;</span>…</span></a>]]></document>
		<document id="337937122407374849" url="https://twitter.com/MattZaheen/status/337937122407374849"><![CDATA[Truth here: &quot;In the end, to live a successful and happy life ... be both the unfeeling Vulcan and the feeling human.&quot;<a href="http://t.co/5LRwpvavsL" rel="nofollow noopener" dir="ltr" data-expanded-url="http://www.huffingtonpost.com/troy-campbell/can-people-choose-their-e_b_3307323.html" class="twitter-timeline-link u-hidden" target="_blank" title="http://www.huffingtonpost.com/troy-campbell/can-people-choose-their-e_b_3307323.html" ><span class="tco-ellipsis"></span><span class="invisible">http://www.</span><span class="js-display-url">huffingtonpost.com/troy-campbell/</span><span class="invisible">can-people-choose-their-e_b_3307323.html</span><span class="tco-ellipsis"><span class="invisible">&nbsp;</span>…</span></a>]]></document>
		<document id="338027459087847424" url="https://twitter.com/MattZaheen/status/338027459087847424"><![CDATA[Great recap of Felix Baumgartner&#39;s supersonic freefall from 128,000 feet / October 14th, 2012.<a href="http://t.co/lOkdbuZzeT" rel="nofollow noopener" dir="ltr" data-expanded-url="http://youtu.be/FHtvDA0W34I" class="twitter-timeline-link u-hidden" target="_blank" title="http://youtu.be/FHtvDA0W34I" ><span class="tco-ellipsis"></span><span class="invisible">http://</span><span class="js-display-url">youtu.be/FHtvDA0W34I</span><span class="invisible"></span><span class="tco-ellipsis"><span class="invisible">&nbsp;</span></span></a>]]></document>
		<document id="338650783673364483" url="https://twitter.com/MattZaheen/status/338650783673364483"/>
		<document id="340018663518240769" url="https://twitter.com/MattZaheen/status/340018663518240769"/>
		<document id="340686120377536513" url="https://twitter.com/MattZaheen/status/340686120377536513"><![CDATA[Valuable guidance for having a positive and meaningful impact with those around you.<a href="http://t.co/78WlKDnzd1" rel="nofollow noopener" dir="ltr" data-expanded-url="http://blogs.hbr.org/cs/2013/05/which_behaviors_do_leaders_mos.html" class="twitter-timeline-link u-hidden" target="_blank" title="http://blogs.hbr.org/cs/2013/05/which_behaviors_do_leaders_mos.html" ><span class="tco-ellipsis"></span><span class="invisible">http://</span><span class="js-display-url">blogs.hbr.org/cs/2013/05/whi</span><span class="invisible">ch_behaviors_do_leaders_mos.html</span><span class="tco-ellipsis"><span class="invisible">&nbsp;</span>…</span></a>]]></document>
		<document id="340696858202615808" url="https://twitter.com/MattZaheen/status/340696858202615808"/>
		<document id="341043858609672192" url="https://twitter.com/MattZaheen/status/341043858609672192"/>
		<document id="341063262491774976" url="https://twitter.com/MattZaheen/status/341063262491774976"><![CDATA[Brilliant talk by Astro Teller at Zeitgeist Europe 2013, on changing our perspective and adopting moonshot thinking.<a href="https://t.co/V6V9w9sfA5" rel="nofollow noopener" dir="ltr" data-expanded-url="https://www.youtube.com/watch?feature=player_embedded&amp;v=IwOR5OH_ePE" class="twitter-timeline-link u-hidden" target="_blank" title="https://www.youtube.com/watch?feature=player_embedded&amp;v=IwOR5OH_ePE" ><span class="tco-ellipsis"></span><span class="invisible">https://www.</span><span class="js-display-url">youtube.com/watch?feature=</span><span class="invisible">player_embedded&amp;v=IwOR5OH_ePE</span><span class="tco-ellipsis"><span class="invisible">&nbsp;</span>…</span></a>]]></document>
		<document id="341087251104681985" url="https://twitter.com/MattZaheen/status/341087251104681985"><![CDATA[Great talk from Zeitgeist Europe 2013 sheds light on conditions on Europa and possibility of inhabitable planets.<a href="https://t.co/NvgdmxAGDC" rel="nofollow noopener" dir="ltr" data-expanded-url="https://www.youtube.com/watch?feature=endscreen&amp;v=l7QSw45-5ns&amp;NR=1" class="twitter-timeline-link u-hidden" target="_blank" title="https://www.youtube.com/watch?feature=endscreen&amp;v=l7QSw45-5ns&amp;NR=1" ><span class="tco-ellipsis"></span><span class="invisible">https://www.</span><span class="js-display-url">youtube.com/watch?feature=</span><span class="invisible">endscreen&amp;v=l7QSw45-5ns&amp;NR=1</span><span class="tco-ellipsis"><span class="invisible">&nbsp;</span>…</span></a>]]></document>
		<document id="341192304008232960" url="https://twitter.com/MattZaheen/status/341192304008232960"><![CDATA[From Zeitgeist Europe 2013, Shin Kubota talks about the &#39;immortal jellyfish&#39; (also known as Turritopsis).<a href="http://t.co/e2m2kexumF" rel="nofollow noopener" dir="ltr" data-expanded-url="http://www.youtube.com/watch?v=Zq_mNLIjqkk" class="twitter-timeline-link u-hidden" target="_blank" title="http://www.youtube.com/watch?v=Zq_mNLIjqkk" ><span class="tco-ellipsis"></span><span class="invisible">http://www.</span><span class="js-display-url">youtube.com/watch?v=Zq_mNL</span><span class="invisible">Ijqkk</span><span class="tco-ellipsis"><span class="invisible">&nbsp;</span>…</span></a>]]></document>
		<document id="341467435737681920" url="https://twitter.com/MattZaheen/status/341467435737681920"><![CDATA[Nice article on the growth of Android and how NASA is re-engineering smartphone chips for spacecraft technology.<a href="http://t.co/bsLeP4uE7K" rel="nofollow noopener" dir="ltr" data-expanded-url="http://www.businessweek.com/articles/2013-05-29/behind-the-internet-of-things-is-android-and-its-everywhere#p1" class="twitter-timeline-link u-hidden" target="_blank" title="http://www.businessweek.com/articles/2013-05-29/behind-the-internet-of-things-is-android-and-its-everywhere#p1" ><span class="tco-ellipsis"></span><span class="invisible">http://www.</span><span class="js-display-url">businessweek.com/articles/2013-</span><span class="invisible">05-29/behind-the-internet-of-things-is-android-and-its-everywhere#p1</span><span class="tco-ellipsis"><span class="invisible">&nbsp;</span>…</span></a>]]></document>
		<document id="341476771310493697" url="https://twitter.com/MattZaheen/status/341476771310493697"/>
		<document id="343437050718060544" url="https://twitter.com/MattZaheen/status/343437050718060544"><![CDATA[What an amazing role model and inspiration, Africa&#39;s chess champion: Phiona Mutesi. <a href="http://t.co/mFvM6HOyiG" rel="nofollow noopener" dir="ltr" data-expanded-url="http://www.youtube.com/watch?v=qTUlzXTJvxs" class="twitter-timeline-link" target="_blank" title="http://www.youtube.com/watch?v=qTUlzXTJvxs" ><span class="tco-ellipsis"></span><span class="invisible">http://www.</span><span class="js-display-url">youtube.com/watch?v=qTUlzX</span><span class="invisible">TJvxs</span><span class="tco-ellipsis"><span class="invisible">&nbsp;</span>…</span></a>]]></document>
		<document id="344014211082493952" url="https://twitter.com/MattZaheen/status/344014211082493952"/>
		<document id="344402490860646400" url="https://twitter.com/MattZaheen/status/344402490860646400"/>
		<document id="346990145045667840" url="https://twitter.com/MattZaheen/status/346990145045667840"/>
		<document id="347650107623211010" url="https://twitter.com/MattZaheen/status/347650107623211010"/>
		<document id="347688619760304128" url="https://twitter.com/MattZaheen/status/347688619760304128"/>
		<document id="349690107831398400" url="https://twitter.com/MattZaheen/status/349690107831398400"/>
		<document id="354871020043239425" url="https://twitter.com/MattZaheen/status/354871020043239425"/>
		<document id="354873858202935297" url="https://twitter.com/MattZaheen/status/354873858202935297"/>
		<document id="354894407343947776" url="https://twitter.com/MattZaheen/status/354894407343947776"/>
		<document id="354902099160604673" url="https://twitter.com/MattZaheen/status/354902099160604673"/>
		<document id="355599277189373954" url="https://twitter.com/MattZaheen/status/355599277189373954"><![CDATA[Really nice share from Vic Gundotra. <a href="https://t.co/fkicpdw4X2" rel="nofollow noopener" dir="ltr" data-expanded-url="https://plus.google.com/u/0/107941476699611974923/posts/QVWV3TvEXyD" class="twitter-timeline-link" target="_blank" title="https://plus.google.com/u/0/107941476699611974923/posts/QVWV3TvEXyD" ><span class="tco-ellipsis"></span><span class="invisible">https://</span><span class="js-display-url">plus.google.com/u/0/1079414766</span><span class="invisible">99611974923/posts/QVWV3TvEXyD</span><span class="tco-ellipsis"><span class="invisible">&nbsp;</span>…</span></a>]]></document>
		<document id="355739212777132032" url="https://twitter.com/MattZaheen/status/355739212777132032"/>
		<document id="356287351821058049" url="https://twitter.com/MattZaheen/status/356287351821058049"/>
		<document id="356627921131155456" url="https://twitter.com/MattZaheen/status/356627921131155456"/>
		<document id="357567777340534784" url="https://twitter.com/MattZaheen/status/357567777340534784"/>
		<document id="357900642800513026" url="https://twitter.com/MattZaheen/status/357900642800513026"/>
		<document id="361079538949701632" url="https://twitter.com/MattZaheen/status/361079538949701632"/>
		<document id="361082513013211137" url="https://twitter.com/MattZaheen/status/361082513013211137"/>
		<document id="361157836719390721" url="https://twitter.com/MattZaheen/status/361157836719390721"><![CDATA[<a href="/Empressrox" class="twitter-atreply pretty-link js-nav" dir="ltr" data-mentioned-user-id="22240502" ><s>@</s><b>Empressrox</b></a> glad you liked it :) Doing really well, enjoying work and life in KL. By the way, great job on Apprentice Asia :)]]></document>
		<document id="361158034711511040" url="https://twitter.com/MattZaheen/status/361158034711511040"><![CDATA[Our home, 898 million miles away.<a href="http://t.co/9luNIqH7r0" rel="nofollow noopener" dir="ltr" data-expanded-url="http://www.forbes.com/sites/alexknapp/2013/07/24/nasas-cassini-spacecraft-snaps-a-picture-of-earth-from-saturn/" class="twitter-timeline-link u-hidden" target="_blank" title="http://www.forbes.com/sites/alexknapp/2013/07/24/nasas-cassini-spacecraft-snaps-a-picture-of-earth-from-saturn/" ><span class="tco-ellipsis"></span><span class="invisible">http://www.</span><span class="js-display-url">forbes.com/sites/alexknap</span><span class="invisible">p/2013/07/24/nasas-cassini-spacecraft-snaps-a-picture-of-earth-from-saturn/</span><span class="tco-ellipsis"><span class="invisible">&nbsp;</span>…</span></a>]]></document>
		<document id="361439677116452866" url="https://twitter.com/MattZaheen/status/361439677116452866"><![CDATA[Great read. The power of myth.<a href="http://t.co/NrEFKrnXkp" rel="nofollow noopener" dir="ltr" data-expanded-url="http://www.linkedin.com/today/post/article/20130722225553-75054000-what-inspires-me-the-power-of-myth" class="twitter-timeline-link u-hidden" target="_blank" title="http://www.linkedin.com/today/post/article/20130722225553-75054000-what-inspires-me-the-power-of-myth" ><span class="tco-ellipsis"></span><span class="invisible">http://www.</span><span class="js-display-url">linkedin.com/today/post/art</span><span class="invisible">icle/20130722225553-75054000-what-inspires-me-the-power-of-myth</span><span class="tco-ellipsis"><span class="invisible">&nbsp;</span>…</span></a>]]></document>
		<document id="362068287837835264" url="https://twitter.com/MattZaheen/status/362068287837835264"/>
		<document id="363520017481998336" url="https://twitter.com/MattZaheen/status/363520017481998336"><![CDATA[Different realities and a reminder for us to be grateful.<a href="http://t.co/N23BFH3h8B" rel="nofollow noopener" dir="ltr" data-expanded-url="http://www.fastcompany.com/3014988/a-day-in-the-life-of-an-iphone-factory-worker" class="twitter-timeline-link u-hidden" target="_blank" title="http://www.fastcompany.com/3014988/a-day-in-the-life-of-an-iphone-factory-worker" ><span class="tco-ellipsis"></span><span class="invisible">http://www.</span><span class="js-display-url">fastcompany.com/3014988/a-day-</span><span class="invisible">in-the-life-of-an-iphone-factory-worker</span><span class="tco-ellipsis"><span class="invisible">&nbsp;</span>…</span></a>]]></document>
		<document id="363521166545141761" url="https://twitter.com/MattZaheen/status/363521166545141761"><![CDATA[Nice perspective on the difference between productivity and living purposefully.<a href="http://t.co/2L6gXyaYqt" rel="nofollow noopener" dir="ltr" data-expanded-url="http://99u.com/articles/17643/its-not-about-productivity-its-about-living-purposefully" class="twitter-timeline-link u-hidden" target="_blank" title="http://99u.com/articles/17643/its-not-about-productivity-its-about-living-purposefully" ><span class="tco-ellipsis"></span><span class="invisible">http://</span><span class="js-display-url">99u.com/articles/17643</span><span class="invisible">/its-not-about-productivity-its-about-living-purposefully</span><span class="tco-ellipsis"><span class="invisible">&nbsp;</span>…</span></a>]]></document>
		<document id="363525766908100608" url="https://twitter.com/MattZaheen/status/363525766908100608"><![CDATA[Great piece by Peter Bregman, on value of being &quot;gifted, game and generous&quot; when it comes to personal relationships.<a href="http://t.co/MTXKElMCCi" rel="nofollow noopener" dir="ltr" data-expanded-url="http://blogs.hbr.org/bregman/2013/07/the-three-qualities-every-leader-needs.html" class="twitter-timeline-link u-hidden" target="_blank" title="http://blogs.hbr.org/bregman/2013/07/the-three-qualities-every-leader-needs.html" ><span class="tco-ellipsis"></span><span class="invisible">http://</span><span class="js-display-url">blogs.hbr.org/bregman/2013/0</span><span class="invisible">7/the-three-qualities-every-leader-needs.html</span><span class="tco-ellipsis"><span class="invisible">&nbsp;</span>…</span></a>]]></document>
		<document id="364916778469560320" url="https://twitter.com/MattZaheen/status/364916778469560320"><![CDATA[Reducing our impact on the planet via cultured meat.<a href="http://t.co/DRn2xh62ru" rel="nofollow noopener" dir="ltr" data-expanded-url="http://www.youtube.com/watch?v=gdMQND4TPqM" class="twitter-timeline-link u-hidden" target="_blank" title="http://www.youtube.com/watch?v=gdMQND4TPqM" ><span class="tco-ellipsis"></span><span class="invisible">http://www.</span><span class="js-display-url">youtube.com/watch?v=gdMQND</span><span class="invisible">4TPqM</span><span class="tco-ellipsis"><span class="invisible">&nbsp;</span>…</span></a>]]></document>
		<document id="365368600829231106" url="https://twitter.com/MattZaheen/status/365368600829231106"/>
		<document id="365372728024367104" url="https://twitter.com/MattZaheen/status/365372728024367104"/>
		<document id="365383002777333762" url="https://twitter.com/MattZaheen/status/365383002777333762"/>
		<document id="365720862093094912" url="https://twitter.com/MattZaheen/status/365720862093094912"><![CDATA[Courage and honesty, then doing what is most powerful. Wonderful perspective by Peter Bregman.<a href="http://t.co/X6xlWRFjfF" rel="nofollow noopener" dir="ltr" data-expanded-url="http://blogs.hbr.org/bregman/2013/08/a-question-that-can-change-you.html" class="twitter-timeline-link u-hidden" target="_blank" title="http://blogs.hbr.org/bregman/2013/08/a-question-that-can-change-you.html" ><span class="tco-ellipsis"></span><span class="invisible">http://</span><span class="js-display-url">blogs.hbr.org/bregman/2013/0</span><span class="invisible">8/a-question-that-can-change-you.html</span><span class="tco-ellipsis"><span class="invisible">&nbsp;</span>…</span></a>]]></document>
		<document id="365888595766149121" url="https://twitter.com/MattZaheen/status/365888595766149121"/>
		<document id="366071693107675137" url="https://twitter.com/MattZaheen/status/366071693107675137"><![CDATA[Brilliant and gifted, Derek Paravicini. <a href="http://t.co/uVJyeZgqLY" rel="nofollow noopener" dir="ltr" data-expanded-url="http://tedxtalks.ted.com/video/In-the-Key-of-Genius-Derek-Para" class="twitter-timeline-link" target="_blank" title="http://tedxtalks.ted.com/video/In-the-Key-of-Genius-Derek-Para" ><span class="tco-ellipsis"></span><span class="invisible">http://</span><span class="js-display-url">tedxtalks.ted.com/video/In-the-K</span><span class="invisible">ey-of-Genius-Derek-Para</span><span class="tco-ellipsis"><span class="invisible">&nbsp;</span>…</span></a>]]></document>
		<document id="366436314498867200" url="https://twitter.com/MattZaheen/status/366436314498867200"/>
		<document id="366466242720186370" url="https://twitter.com/MattZaheen/status/366466242720186370"/>
		<document id="366486220768952322" url="https://twitter.com/MattZaheen/status/366486220768952322"><![CDATA[Powerful message. Live long, Mandela. <a href="https://t.co/Fe70iEB5E6" rel="nofollow noopener" dir="ltr" data-expanded-url="https://www.facebook.com/nelsonmandela/posts/644080715602721" class="twitter-timeline-link" target="_blank" title="https://www.facebook.com/nelsonmandela/posts/644080715602721" ><span class="tco-ellipsis"></span><span class="invisible">https://www.</span><span class="js-display-url">facebook.com/nelsonmandela/</span><span class="invisible">posts/644080715602721</span><span class="tco-ellipsis"><span class="invisible">&nbsp;</span>…</span></a>]]></document>
		<document id="367321116659810304" url="https://twitter.com/MattZaheen/status/367321116659810304"/>
		<document id="367972207210684417" url="https://twitter.com/MattZaheen/status/367972207210684417"/>
		<document id="367980385579192320" url="https://twitter.com/MattZaheen/status/367980385579192320"/>
		<document id="368634197352529921" url="https://twitter.com/MattZaheen/status/368634197352529921"/>
		<document id="368796887198875648" url="https://twitter.com/MattZaheen/status/368796887198875648"/>
		<document id="369277111036411906" url="https://twitter.com/MattZaheen/status/369277111036411906"/>
		<document id="369399458166878210" url="https://twitter.com/MattZaheen/status/369399458166878210"/>
		<document id="369654526661242880" url="https://twitter.com/MattZaheen/status/369654526661242880"><![CDATA[Nice article on keeping up the good fight.<a href="http://t.co/5m0jQeUwDP" rel="nofollow noopener" dir="ltr" data-expanded-url="http://99u.com/articles/18025/accept-the-burden-of-uncertainty" class="twitter-timeline-link u-hidden" target="_blank" title="http://99u.com/articles/18025/accept-the-burden-of-uncertainty" ><span class="tco-ellipsis"></span><span class="invisible">http://</span><span class="js-display-url">99u.com/articles/18025</span><span class="invisible">/accept-the-burden-of-uncertainty</span><span class="tco-ellipsis"><span class="invisible">&nbsp;</span>…</span></a>]]></document>
		<document id="369781499060432896" url="https://twitter.com/MattZaheen/status/369781499060432896"/>
		<document id="370412447061905408" url="https://twitter.com/MattZaheen/status/370412447061905408"/>
		<document id="371175342037147648" url="https://twitter.com/MattZaheen/status/371175342037147648"/>
		<document id="371261986895429632" url="https://twitter.com/MattZaheen/status/371261986895429632"/>
		<document id="371476804646604800" url="https://twitter.com/MattZaheen/status/371476804646604800"/>
		<document id="371494363953508353" url="https://twitter.com/MattZaheen/status/371494363953508353"><![CDATA[What our posture does for us?<a href="http://t.co/LXMm6Qb8St" rel="nofollow noopener" dir="ltr" data-expanded-url="http://healthland.time.com/2013/08/24/are-you-a-spreader-how-the-space-you-take-up-reveals-how-powerful-you-feel/" class="twitter-timeline-link u-hidden" target="_blank" title="http://healthland.time.com/2013/08/24/are-you-a-spreader-how-the-space-you-take-up-reveals-how-powerful-you-feel/" ><span class="tco-ellipsis"></span><span class="invisible">http://</span><span class="js-display-url">healthland.time.com/2013/08/24/are</span><span class="invisible">-you-a-spreader-how-the-space-you-take-up-reveals-how-powerful-you-feel/</span><span class="tco-ellipsis"><span class="invisible">&nbsp;</span>…</span></a>]]></document>
		<document id="372970574785429505" url="https://twitter.com/MattZaheen/status/372970574785429505"><![CDATA[Its here :) We&#39;re delighted to be bringing Street View to Malaysia.<a href="http://t.co/3oh8rv2DkZ" rel="nofollow noopener" dir="ltr" data-expanded-url="http://www.youtube.com/watch?v=rd2PZXW5eRo&amp;feature=youtu.be" class="twitter-timeline-link u-hidden" target="_blank" title="http://www.youtube.com/watch?v=rd2PZXW5eRo&amp;feature=youtu.be" ><span class="tco-ellipsis"></span><span class="invisible">http://www.</span><span class="js-display-url">youtube.com/watch?v=rd2PZX</span><span class="invisible">W5eRo&amp;feature=youtu.be</span><span class="tco-ellipsis"><span class="invisible">&nbsp;</span>…</span></a>]]></document>
		<document id="375138071089385473" url="https://twitter.com/MattZaheen/status/375138071089385473"/>
		<document id="376733113763635202" url="https://twitter.com/MattZaheen/status/376733113763635202"/>
		<document id="377744431480193024" url="https://twitter.com/MattZaheen/status/377744431480193024"/>
		<document id="381403609042128896" url="https://twitter.com/MattZaheen/status/381403609042128896"/>
		<document id="381406972857184257" url="https://twitter.com/MattZaheen/status/381406972857184257"/>
		<document id="381626189808275456" url="https://twitter.com/MattZaheen/status/381626189808275456"/>
		<document id="381640651332259840" url="https://twitter.com/MattZaheen/status/381640651332259840"/>
		<document id="381725390349160449" url="https://twitter.com/MattZaheen/status/381725390349160449"><![CDATA[Evocative photos from India. Some of these professions might not be around for much longer.<a href="http://t.co/HZJ99a9DCL" rel="nofollow noopener" dir="ltr" data-expanded-url="http://www.fastcodesign.com/3017190/the-lost-generation-portraits-of-indias-vanishing-jobs#1" class="twitter-timeline-link u-hidden" target="_blank" title="http://www.fastcodesign.com/3017190/the-lost-generation-portraits-of-indias-vanishing-jobs#1" ><span class="tco-ellipsis"></span><span class="invisible">http://www.</span><span class="js-display-url">fastcodesign.com/3017190/the-lo</span><span class="invisible">st-generation-portraits-of-indias-vanishing-jobs#1</span><span class="tco-ellipsis"><span class="invisible">&nbsp;</span>…</span></a>]]></document>
		<document id="382157883686666240" url="https://twitter.com/MattZaheen/status/382157883686666240"/>
		<document id="391388992651812865" url="https://twitter.com/MattZaheen/status/391388992651812865"/>
		<document id="391396942988578816" url="https://twitter.com/MattZaheen/status/391396942988578816"><![CDATA[Makes sense. We have the &#39;judge&#39; and &#39;saboteur&#39; within our thoughts. Also the &#39;sage&#39; or voice of authenticity.<a href="http://t.co/txyVk3BdvO" rel="nofollow noopener" dir="ltr" data-expanded-url="http://qz.com/128899/this-is-a-better-predictor-of-your-success-than-iq-or-eq/" class="twitter-timeline-link u-hidden" target="_blank" title="http://qz.com/128899/this-is-a-better-predictor-of-your-success-than-iq-or-eq/" ><span class="tco-ellipsis"></span><span class="invisible">http://</span><span class="js-display-url">qz.com/128899/this-is</span><span class="invisible">-a-better-predictor-of-your-success-than-iq-or-eq/</span><span class="tco-ellipsis"><span class="invisible">&nbsp;</span>…</span></a>]]></document>
		<document id="391495741455081472" url="https://twitter.com/MattZaheen/status/391495741455081472"><![CDATA[What an uplifting story.<a href="https://t.co/yUSrZAfpxU" rel="nofollow noopener" dir="ltr" data-expanded-url="https://www.youtube.com/watch?v=UXEvZ8B04bE" class="twitter-timeline-link u-hidden" target="_blank" title="https://www.youtube.com/watch?v=UXEvZ8B04bE" ><span class="tco-ellipsis"></span><span class="invisible">https://www.</span><span class="js-display-url">youtube.com/watch?v=UXEvZ8</span><span class="invisible">B04bE</span><span class="tco-ellipsis"><span class="invisible">&nbsp;</span>…</span></a>]]></document>
		<document id="391604107565228032" url="https://twitter.com/MattZaheen/status/391604107565228032"/>
		<document id="393376824559796224" url="https://twitter.com/MattZaheen/status/393376824559796224"/>
		<document id="393401159701909504" url="https://twitter.com/MattZaheen/status/393401159701909504"/>
		<document id="396233787840794624" url="https://twitter.com/MattZaheen/status/396233787840794624"/>
		<document id="400931665389707264" url="https://twitter.com/MattZaheen/status/400931665389707264"><![CDATA[One of the toughest moments in our history, captured with great thought and care. Beautiful and simple. Search On.<a href="http://t.co/yHJtJXB4YP" rel="nofollow noopener" dir="ltr" data-expanded-url="http://www.youtube.com/watch?v=gHGDN9-oFJE" class="twitter-timeline-link u-hidden" target="_blank" title="http://www.youtube.com/watch?v=gHGDN9-oFJE" ><span class="tco-ellipsis"></span><span class="invisible">http://www.</span><span class="js-display-url">youtube.com/watch?v=gHGDN9</span><span class="invisible">-oFJE</span><span class="tco-ellipsis"><span class="invisible">&nbsp;</span>…</span></a>]]></document>
		<document id="401936364431618048" url="https://twitter.com/MattZaheen/status/401936364431618048"><![CDATA[Principles to live by.<a href="http://t.co/57DEogQFw4" rel="nofollow noopener" dir="ltr" data-expanded-url="http://www.fastcompany.com/3021513/leadership-now/the-paradoxical-traits-of-resilient-people" class="twitter-timeline-link u-hidden" target="_blank" title="http://www.fastcompany.com/3021513/leadership-now/the-paradoxical-traits-of-resilient-people" ><span class="tco-ellipsis"></span><span class="invisible">http://www.</span><span class="js-display-url">fastcompany.com/3021513/leader</span><span class="invisible">ship-now/the-paradoxical-traits-of-resilient-people</span><span class="tco-ellipsis"><span class="invisible">&nbsp;</span>…</span></a>]]></document>
		<document id="402413046531768320" url="https://twitter.com/MattZaheen/status/402413046531768320"><![CDATA[Early technology unlocking the promise of lucid dreams.<a href="http://t.co/8pDjaufwNR" rel="nofollow noopener" dir="ltr" data-expanded-url="http://mashable.com/2013/11/17/remee-lucid-dreaming/" class="twitter-timeline-link u-hidden" target="_blank" title="http://mashable.com/2013/11/17/remee-lucid-dreaming/" ><span class="tco-ellipsis"></span><span class="invisible">http://</span><span class="js-display-url">mashable.com/2013/11/17/rem</span><span class="invisible">ee-lucid-dreaming/</span><span class="tco-ellipsis"><span class="invisible">&nbsp;</span>…</span></a>]]></document>
		<document id="409550376858177536" url="https://twitter.com/MattZaheen/status/409550376858177536"><![CDATA[Nelson Mandela, 1918 - 2013.<a href="http://t.co/0BGfkPdhxw" rel="nofollow noopener" dir="ltr" data-expanded-url="http://www.fastcompany.com/3013440/leadership-now/nelson-mandela-1918-2013" class="twitter-timeline-link u-hidden" target="_blank" title="http://www.fastcompany.com/3013440/leadership-now/nelson-mandela-1918-2013" ><span class="tco-ellipsis"></span><span class="invisible">http://www.</span><span class="js-display-url">fastcompany.com/3013440/leader</span><span class="invisible">ship-now/nelson-mandela-1918-2013</span><span class="tco-ellipsis"><span class="invisible">&nbsp;</span>…</span></a>]]></document>
		<document id="413254053112471552" url="https://twitter.com/MattZaheen/status/413254053112471552"/>
		<document id="414029489031483392" url="https://twitter.com/MattZaheen/status/414029489031483392"><![CDATA[Peter Bregman on vulnerability, courage and connection. <a href="http://t.co/CMMgvz9vQR" rel="nofollow noopener" dir="ltr" data-expanded-url="http://peterbregman.com/articles/nadal-is-strong-enough-to-cry-are-you/#.UrRKictmh8F" class="twitter-timeline-link" target="_blank" title="http://peterbregman.com/articles/nadal-is-strong-enough-to-cry-are-you/#.UrRKictmh8F" ><span class="tco-ellipsis"></span><span class="invisible">http://</span><span class="js-display-url">peterbregman.com/articles/nadal</span><span class="invisible">-is-strong-enough-to-cry-are-you/#.UrRKictmh8F</span><span class="tco-ellipsis"><span class="invisible">&nbsp;</span>…</span></a>]]></document>
		<document id="416218236934291456" url="https://twitter.com/MattZaheen/status/416218236934291456"/>
		<document id="416232276234473472" url="https://twitter.com/MattZaheen/status/416232276234473472"><![CDATA[Some tough to do, but worth striving for.<a href="http://t.co/4j2eqaV1uG" rel="nofollow noopener" dir="ltr" data-expanded-url="http://www.fastcompany.com/3023178/how-to-be-a-success-at-everything/10-things-tough-minds-dont-do" class="twitter-timeline-link u-hidden" target="_blank" title="http://www.fastcompany.com/3023178/how-to-be-a-success-at-everything/10-things-tough-minds-dont-do" ><span class="tco-ellipsis"></span><span class="invisible">http://www.</span><span class="js-display-url">fastcompany.com/3023178/how-to</span><span class="invisible">-be-a-success-at-everything/10-things-tough-minds-dont-do</span><span class="tco-ellipsis"><span class="invisible">&nbsp;</span>…</span></a>]]></document>
		<document id="416726251554865153" url="https://twitter.com/MattZaheen/status/416726251554865153"><![CDATA[Richard Branson on dreams. <a href="http://t.co/m0t6hqbdS7" rel="nofollow noopener" dir="ltr" data-expanded-url="http://www.virgin.com/richard-branson/dream" class="twitter-timeline-link" target="_blank" title="http://www.virgin.com/richard-branson/dream" ><span class="tco-ellipsis"></span><span class="invisible">http://www.</span><span class="js-display-url">virgin.com/richard-branso</span><span class="invisible">n/dream</span><span class="tco-ellipsis"><span class="invisible">&nbsp;</span>…</span></a>]]></document>
		<document id="418312032069246977" url="https://twitter.com/MattZaheen/status/418312032069246977"/>
		<document id="419106498577326080" url="https://twitter.com/MattZaheen/status/419106498577326080"/>
		<document id="419685831209525248" url="https://twitter.com/MattZaheen/status/419685831209525248"><![CDATA[Great piece on Pharrell Williams.<a href="http://t.co/3e4Ijq6UKH" rel="nofollow noopener" dir="ltr" data-expanded-url="http://www.fastcompany.com/3021377/pharrell-get-busy" class="twitter-timeline-link u-hidden" target="_blank" title="http://www.fastcompany.com/3021377/pharrell-get-busy" ><span class="tco-ellipsis"></span><span class="invisible">http://www.</span><span class="js-display-url">fastcompany.com/3021377/pharre</span><span class="invisible">ll-get-busy</span><span class="tco-ellipsis"><span class="invisible">&nbsp;</span>…</span></a>]]></document>
	</documents>
</author>