<?xml version="1.0" encoding="UTF-8" standalone="no"?><author age_group="xx" gender="xx" lang="EN" type="twitter" url="https://twitter.com/A_Valenzuela">
	<documents count="222">
		<document id="406067905579601920" url="https://twitter.com/A_Valenzuela/status/406067905579601920"><![CDATA[@sgenric1972 ¡¡!! qué nervios]]></document>
		<document id="406169797370466304" url="https://twitter.com/A_Valenzuela/status/406169797370466304"><![CDATA[<a href="/MACulturA" class="twitter-atreply pretty-link js-nav" dir="ltr" data-mentioned-user-id="1959387378" ><s>@</s><b>MACulturA</b></a> ¡Bieeeennnnnnn!]]></document>
		<document id="406169941755191296" url="https://twitter.com/A_Valenzuela/status/406169941755191296"><![CDATA[<a href="/Nanisimo" class="twitter-atreply pretty-link js-nav" dir="ltr" data-mentioned-user-id="26839592" ><s>@</s><b>Nanisimo</b></a> Uauuuuuuu. Menudo piropazo o-O]]></document>
		<document id="406180382296793088" url="https://twitter.com/A_Valenzuela/status/406180382296793088"><![CDATA[<a href="/microsiervos" class="twitter-atreply pretty-link js-nav" dir="ltr" data-mentioned-user-id="1770311" ><s>@</s><b>microsiervos</b></a> noooooooorghhhh]]></document>
		<document id="406180706394841088" url="https://twitter.com/A_Valenzuela/status/406180706394841088"><![CDATA[<a href="/CharliePsVg" class="twitter-atreply pretty-link js-nav" dir="ltr" data-mentioned-user-id="314835165" ><s>@</s><b>CharliePsVg</b></a> <a href="/HistoricalPics" class="twitter-atreply pretty-link js-nav" dir="ltr" data-mentioned-user-id="1598644159" ><s>@</s><b>HistoricalPics</b></a> <img class="Emoji Emoji--forText" src="https://abs.twimg.com/emoji/v2/72x72/1f60d.png" draggable="false" alt="]]>😍<![CDATA[" title="Smiling face with heart-shaped eyes" aria-label="Emoji: Smiling face with heart-shaped eyes"><img class="Emoji Emoji--forText" src="https://abs.twimg.com/emoji/v2/72x72/1f60d.png" draggable="false" alt="]]>😍<![CDATA[" title="Smiling face with heart-shaped eyes" aria-label="Emoji: Smiling face with heart-shaped eyes"><img class="Emoji Emoji--forText" src="https://abs.twimg.com/emoji/v2/72x72/1f60d.png" draggable="false" alt="]]>😍<![CDATA[" title="Smiling face with heart-shaped eyes" aria-label="Emoji: Smiling face with heart-shaped eyes"><img class="Emoji Emoji--forText" src="https://abs.twimg.com/emoji/v2/72x72/1f60d.png" draggable="false" alt="]]>😍<![CDATA[" title="Smiling face with heart-shaped eyes" aria-label="Emoji: Smiling face with heart-shaped eyes">]]></document>
		<document id="406451005400702976" url="https://twitter.com/A_Valenzuela/status/406451005400702976"><![CDATA[<a href="/laura2punto0" class="twitter-atreply pretty-link js-nav" dir="ltr" data-mentioned-user-id="401516573" ><s>@</s><b>laura2punto0</b></a> <a href="/esa_es" class="twitter-atreply pretty-link js-nav" dir="ltr" data-mentioned-user-id="256889809" ><s>@</s><b>esa_es</b></a> siiiiiiiiii :)]]></document>
		<document id="406469433691869184" url="https://twitter.com/A_Valenzuela/status/406469433691869184"><![CDATA[<a href="/LadyAddict_" class="twitter-atreply pretty-link js-nav" dir="ltr" data-mentioned-user-id="757562984394883072" ><s>@</s><b>LadyAddict_</b></a> uauuuuu :)]]></document>
		<document id="406763157672046593" url="https://twitter.com/A_Valenzuela/status/406763157672046593"><![CDATA[<a href="/BertoSerrano" class="twitter-atreply pretty-link js-nav" dir="ltr" data-mentioned-user-id="273995583" ><s>@</s><b>BertoSerrano</b></a> sip.]]></document>
		<document id="406768292594847744" url="https://twitter.com/A_Valenzuela/status/406768292594847744"><![CDATA[<a href="/RaiRobledo" class="twitter-atreply pretty-link js-nav" dir="ltr" data-mentioned-user-id="24947884" ><s>@</s><b>RaiRobledo</b></a> @JackDanielSpain ¡Oleee!! Enhorabuena :)]]></document>
		<document id="406779314034982912" url="https://twitter.com/A_Valenzuela/status/406779314034982912"><![CDATA[<a href="/kaikuland" class="twitter-atreply pretty-link js-nav" dir="ltr" data-mentioned-user-id="78553382" ><s>@</s><b>kaikuland</b></a> <a href="/rtve" class="twitter-atreply pretty-link js-nav" dir="ltr" data-mentioned-user-id="26729931" ><s>@</s><b>rtve</b></a> eso lo sabe <a href="/RaiRobledo" class="twitter-atreply pretty-link js-nav" dir="ltr" data-mentioned-user-id="24947884" ><s>@</s><b>RaiRobledo</b></a>]]></document>
		<document id="407173932370780161" url="https://twitter.com/A_Valenzuela/status/407173932370780161"><![CDATA[<a href="/RefeUp" class="twitter-atreply pretty-link js-nav" dir="ltr" data-mentioned-user-id="21930446" ><s>@</s><b>RefeUp</b></a> do the dinos come back next year? :_(]]></document>
		<document id="407205364531073024" url="https://twitter.com/A_Valenzuela/status/407205364531073024"><![CDATA[<a href="/camiloenmadrid" class="twitter-atreply pretty-link js-nav" dir="ltr" data-mentioned-user-id="223591395" ><s>@</s><b>camiloenmadrid</b></a> jajaja]]></document>
		<document id="407227734796947456" url="https://twitter.com/A_Valenzuela/status/407227734796947456"><![CDATA[<a href="/RefeUp" class="twitter-atreply pretty-link js-nav" dir="ltr" data-mentioned-user-id="21930446" ><s>@</s><b>RefeUp</b></a> Yes!!!]]></document>
		<document id="407230143690592256" url="https://twitter.com/A_Valenzuela/status/407230143690592256"><![CDATA[<a href="/Lupe_" class="twitter-atreply pretty-link js-nav" dir="ltr" data-mentioned-user-id="18450562" ><s>@</s><b>Lupe_</b></a> <a href="/RockZone" class="twitter-atreply pretty-link js-nav" dir="ltr" data-mentioned-user-id="15406292" ><s>@</s><b>RockZone</b></a> <a href="/sillysallyband" class="twitter-atreply pretty-link js-nav" dir="ltr" data-mentioned-user-id="860404831" ><s>@</s><b>sillysallyband</b></a> <a href="/radioclasica" class="twitter-atreply pretty-link js-nav" dir="ltr" data-mentioned-user-id="57777139" ><s>@</s><b>radioclasica</b></a> Versátil. Parejaza.]]></document>
		<document id="407285691127955456" url="https://twitter.com/A_Valenzuela/status/407285691127955456"><![CDATA[<a href="/Eurekablog" class="twitter-atreply pretty-link js-nav" dir="ltr" data-mentioned-user-id="70982896" ><s>@</s><b>Eurekablog</b></a> <a href="/jorloan" class="twitter-atreply pretty-link js-nav" dir="ltr" data-mentioned-user-id="96397950" ><s>@</s><b>jorloan</b></a> gensanta eres lo más!!!]]></document>
		<document id="407442529303691264" url="https://twitter.com/A_Valenzuela/status/407442529303691264"><![CDATA[<a href="/stromboli72" class="twitter-atreply pretty-link js-nav" dir="ltr" data-mentioned-user-id="365757441" ><s>@</s><b>stromboli72</b></a> <a href="/la2_tve" class="twitter-atreply pretty-link js-nav" dir="ltr" data-mentioned-user-id="57983020" ><s>@</s><b>la2_tve</b></a> <img class="Emoji Emoji--forText" src="https://abs.twimg.com/emoji/v2/72x72/1f60d.png" draggable="false" alt="]]>😍<![CDATA[" title="Smiling face with heart-shaped eyes" aria-label="Emoji: Smiling face with heart-shaped eyes"><img class="Emoji Emoji--forText" src="https://abs.twimg.com/emoji/v2/72x72/1f60d.png" draggable="false" alt="]]>😍<![CDATA[" title="Smiling face with heart-shaped eyes" aria-label="Emoji: Smiling face with heart-shaped eyes"><img class="Emoji Emoji--forText" src="https://abs.twimg.com/emoji/v2/72x72/1f60d.png" draggable="false" alt="]]>😍<![CDATA[" title="Smiling face with heart-shaped eyes" aria-label="Emoji: Smiling face with heart-shaped eyes"><img class="Emoji Emoji--forText" src="https://abs.twimg.com/emoji/v2/72x72/1f60d.png" draggable="false" alt="]]>😍<![CDATA[" title="Smiling face with heart-shaped eyes" aria-label="Emoji: Smiling face with heart-shaped eyes">]]></document>
		<document id="407600207413538816" url="https://twitter.com/A_Valenzuela/status/407600207413538816"><![CDATA[<a href="/MiguelonMEH" class="twitter-atreply pretty-link js-nav" dir="ltr" data-mentioned-user-id="342894866" ><s>@</s><b>MiguelonMEH</b></a> yujuuuuu]]></document>
		<document id="407841942513283072" url="https://twitter.com/A_Valenzuela/status/407841942513283072"><![CDATA[<a href="/RaiRobledo" class="twitter-atreply pretty-link js-nav" dir="ltr" data-mentioned-user-id="24947884" ><s>@</s><b>RaiRobledo</b></a> ahhhhhhhhhh son esponjas]]></document>
		<document id="407868910004748289" url="https://twitter.com/A_Valenzuela/status/407868910004748289"><![CDATA[<a href="/jonmikelk" class="twitter-atreply pretty-link js-nav" dir="ltr" data-mentioned-user-id="59860255" ><s>@</s><b>jonmikelk</b></a> qué chuli!!]]></document>
		<document id="407981546529095680" url="https://twitter.com/A_Valenzuela/status/407981546529095680"><![CDATA[<a href="/auroraferrer" class="twitter-atreply pretty-link js-nav" dir="ltr" data-mentioned-user-id="26278200" ><s>@</s><b>auroraferrer</b></a> aiiiiññññ <img class="Emoji Emoji--forText" src="https://abs.twimg.com/emoji/v2/72x72/2764.png" draggable="false" alt="❤️" title="Heavy red heart" aria-label="Emoji: Heavy red heart"><img class="Emoji Emoji--forText" src="https://abs.twimg.com/emoji/v2/72x72/2764.png" draggable="false" alt="❤️" title="Heavy red heart" aria-label="Emoji: Heavy red heart"><img class="Emoji Emoji--forText" src="https://abs.twimg.com/emoji/v2/72x72/2764.png" draggable="false" alt="❤️" title="Heavy red heart" aria-label="Emoji: Heavy red heart">]]></document>
		<document id="408010382943739904" url="https://twitter.com/A_Valenzuela/status/408010382943739904"><![CDATA[<a href="/patigagarin" class="twitter-atreply pretty-link js-nav" dir="ltr" data-mentioned-user-id="745038134430273536" ><s>@</s><b>patigagarin</b></a> que rulen esas compis!! Qué joyas!!]]></document>
		<document id="408211446309212160" url="https://twitter.com/A_Valenzuela/status/408211446309212160"><![CDATA[<a href="/Juezdred" class="twitter-atreply pretty-link js-nav" dir="ltr" data-mentioned-user-id="246945195" ><s>@</s><b>Juezdred</b></a> para nada]]></document>
		<document id="408255515496415233" url="https://twitter.com/A_Valenzuela/status/408255515496415233"><![CDATA[<a href="/vicentelozano" class="twitter-atreply pretty-link js-nav" dir="ltr" data-mentioned-user-id="19918524" ><s>@</s><b>vicentelozano</b></a> sí.]]></document>
		<document id="408318969964011520" url="https://twitter.com/A_Valenzuela/status/408318969964011520"><![CDATA[<a href="/paleofreak" class="twitter-atreply pretty-link js-nav" dir="ltr" data-mentioned-user-id="114844583" ><s>@</s><b>paleofreak</b></a> Hamor]]></document>
		<document id="408324280338759680" url="https://twitter.com/A_Valenzuela/status/408324280338759680"><![CDATA[<a href="/paleofreak" class="twitter-atreply pretty-link js-nav" dir="ltr" data-mentioned-user-id="114844583" ><s>@</s><b>paleofreak</b></a> jjajajaj]]></document>
		<document id="408324372219183104" url="https://twitter.com/A_Valenzuela/status/408324372219183104"><![CDATA[<a href="/alebori" class="twitter-atreply pretty-link js-nav" dir="ltr" data-mentioned-user-id="16221171" ><s>@</s><b>alebori</b></a> jijiiji]]></document>
		<document id="408327089838772225" url="https://twitter.com/A_Valenzuela/status/408327089838772225"><![CDATA[<a href="/Lucy_MEH" class="twitter-atreply pretty-link js-nav" dir="ltr" data-mentioned-user-id="564697093" ><s>@</s><b>Lucy_MEH</b></a> <a href="/paleofreak" class="twitter-atreply pretty-link js-nav" dir="ltr" data-mentioned-user-id="114844583" ><s>@</s><b>paleofreak</b></a> yeah!!]]></document>
		<document id="408341096222031872" url="https://twitter.com/A_Valenzuela/status/408341096222031872"><![CDATA[<a href="/paleofreak" class="twitter-atreply pretty-link js-nav" dir="ltr" data-mentioned-user-id="114844583" ><s>@</s><b>paleofreak</b></a> JAJAJA]]></document>
		<document id="408553255405248512" url="https://twitter.com/A_Valenzuela/status/408553255405248512"><![CDATA[<a href="/molivolopez" class="twitter-atreply pretty-link js-nav" dir="ltr" data-mentioned-user-id="282272556" ><s>@</s><b>molivolopez</b></a> <a href="/radio5_rne" class="twitter-atreply pretty-link js-nav" dir="ltr" data-mentioned-user-id="57779483" ><s>@</s><b>radio5_rne</b></a> :))))]]></document>
		<document id="408553450335510529" url="https://twitter.com/A_Valenzuela/status/408553450335510529"><![CDATA[<a href="/itato" class="twitter-atreply pretty-link js-nav" dir="ltr" data-mentioned-user-id="14159575" ><s>@</s><b>itato</b></a> Muy difícil.]]></document>
		<document id="408570308438679553" url="https://twitter.com/A_Valenzuela/status/408570308438679553"><![CDATA[<a href="/juan_revenga" class="twitter-atreply pretty-link js-nav" dir="ltr" data-mentioned-user-id="239914756" ><s>@</s><b>juan_revenga</b></a> jajaja]]></document>
		<document id="408637319348879360" url="https://twitter.com/A_Valenzuela/status/408637319348879360"><![CDATA[<a href="/mrtfernandez" class="twitter-atreply pretty-link js-nav" dir="ltr" data-mentioned-user-id="234278716" ><s>@</s><b>mrtfernandez</b></a> <a href="/bernardodoral" class="twitter-atreply pretty-link js-nav" dir="ltr" data-mentioned-user-id="258009057" ><s>@</s><b>bernardodoral</b></a> pero qué guapos!!!!]]></document>
		<document id="408639220337475584" url="https://twitter.com/A_Valenzuela/status/408639220337475584"><![CDATA[<a href="/Lupe_" class="twitter-atreply pretty-link js-nav" dir="ltr" data-mentioned-user-id="18450562" ><s>@</s><b>Lupe_</b></a> mmmmmmmmmmmmmmm]]></document>
		<document id="408714759564173312" url="https://twitter.com/A_Valenzuela/status/408714759564173312"><![CDATA[<a href="/wicho" class="twitter-atreply pretty-link js-nav" dir="ltr" data-mentioned-user-id="1776671" ><s>@</s><b>wicho</b></a> siiiiiii]]></document>
		<document id="409036317373128704" url="https://twitter.com/A_Valenzuela/status/409036317373128704"><![CDATA[<a href="/Fotomaf" class="twitter-atreply pretty-link js-nav" dir="ltr" data-mentioned-user-id="1638691" ><s>@</s><b>Fotomaf</b></a> :(]]></document>
		<document id="409301354537312256" url="https://twitter.com/A_Valenzuela/status/409301354537312256"><![CDATA[<a href="/pampanilla" class="twitter-atreply pretty-link js-nav" dir="ltr" data-mentioned-user-id="15289845" ><s>@</s><b>pampanilla</b></a> yeah!!]]></document>
		<document id="409314572374671360" url="https://twitter.com/A_Valenzuela/status/409314572374671360"><![CDATA[<a href="/bajoelbillete" class="twitter-atreply pretty-link js-nav" dir="ltr" data-mentioned-user-id="29491384" ><s>@</s><b>bajoelbillete</b></a> ya ya...]]></document>
		<document id="409385838863450112" url="https://twitter.com/A_Valenzuela/status/409385838863450112"><![CDATA[<a href="/pampanilla" class="twitter-atreply pretty-link js-nav" dir="ltr" data-mentioned-user-id="15289845" ><s>@</s><b>pampanilla</b></a> :))))))]]></document>
		<document id="409636582820294658" url="https://twitter.com/A_Valenzuela/status/409636582820294658"><![CDATA[<a href="/MartinMilone" class="twitter-atreply pretty-link js-nav" dir="ltr" data-mentioned-user-id="4348571" ><s>@</s><b>MartinMilone</b></a> <a href="/JuanZelada" class="twitter-atreply pretty-link js-nav" dir="ltr" data-mentioned-user-id="103571100" ><s>@</s><b>JuanZelada</b></a> Os veo ahora!!]]></document>
		<document id="409722917459484672" url="https://twitter.com/A_Valenzuela/status/409722917459484672"><![CDATA[<a href="/juanlopradag" class="twitter-atreply pretty-link js-nav" dir="ltr" data-mentioned-user-id="232277976" ><s>@</s><b>juanlopradag</b></a> gracias O_o]]></document>
		<document id="409722998220787712" url="https://twitter.com/A_Valenzuela/status/409722998220787712"><![CDATA[<a href="/japArtero" class="twitter-atreply pretty-link js-nav" dir="ltr" data-mentioned-user-id="2833450162" ><s>@</s><b>japArtero</b></a> ayyyyyyy]]></document>
		<document id="409816748201107456" url="https://twitter.com/A_Valenzuela/status/409816748201107456"><![CDATA[<a href="/RosaTristan" class="twitter-atreply pretty-link js-nav" dir="ltr" data-mentioned-user-id="224741510" ><s>@</s><b>RosaTristan</b></a> jajaja! Pues es muy mono....]]></document>
		<document id="410002054094934016" url="https://twitter.com/A_Valenzuela/status/410002054094934016"><![CDATA[Veamos qué nos depara la semana informativa<a href="http://t.co/FwVDIx7JHd" class="twitter-timeline-link u-hidden" data-pre-embedded="true" dir="ltr" >pic.twitter.com/FwVDIx7JHd</a>]]></document>
		<document id="410145820533465088" url="https://twitter.com/A_Valenzuela/status/410145820533465088"><![CDATA[<a href="/Lucy_MEH" class="twitter-atreply pretty-link js-nav" dir="ltr" data-mentioned-user-id="564697093" ><s>@</s><b>Lucy_MEH</b></a> <a href="/Lanoche_24h" class="twitter-atreply pretty-link js-nav" dir="ltr" data-mentioned-user-id="378035342" ><s>@</s><b>Lanoche_24h</b></a> <a href="/JuanLuisArsuaga" class="twitter-atreply pretty-link js-nav" dir="ltr" data-mentioned-user-id="582938117" ><s>@</s><b>JuanLuisArsuaga</b></a> <a href="/MiguelonMEH" class="twitter-atreply pretty-link js-nav" dir="ltr" data-mentioned-user-id="342894866" ><s>@</s><b>MiguelonMEH</b></a> jaajajaj]]></document>
		<document id="410334961150230528" url="https://twitter.com/A_Valenzuela/status/410334961150230528"><![CDATA[<a href="/MiguelonMEH" class="twitter-atreply pretty-link js-nav" dir="ltr" data-mentioned-user-id="342894866" ><s>@</s><b>MiguelonMEH</b></a> <a href="/Lanoche_24h" class="twitter-atreply pretty-link js-nav" dir="ltr" data-mentioned-user-id="378035342" ><s>@</s><b>Lanoche_24h</b></a> jajaja]]></document>
		<document id="410545070212149249" url="https://twitter.com/A_Valenzuela/status/410545070212149249"><![CDATA[<a href="/pedroblancoa" class="twitter-atreply pretty-link js-nav" dir="ltr" data-mentioned-user-id="62887164" ><s>@</s><b>pedroblancoa</b></a> vivaaaaa]]></document>
		<document id="410714161966878720" url="https://twitter.com/A_Valenzuela/status/410714161966878720"><![CDATA[<a href="/Juancho_H_R" class="twitter-atreply pretty-link js-nav" dir="ltr" data-mentioned-user-id="525164914" ><s>@</s><b>Juancho_H_R</b></a> yes!]]></document>
		<document id="410716409702785024" url="https://twitter.com/A_Valenzuela/status/410716409702785024"><![CDATA[<a href="/victorianoi" class="twitter-atreply pretty-link js-nav" dir="ltr" data-mentioned-user-id="10977452" ><s>@</s><b>victorianoi</b></a> mira <a href="/manuelansede" class="twitter-atreply pretty-link js-nav" dir="ltr" data-mentioned-user-id="96642355" ><s>@</s><b>manuelansede</b></a> :)]]></document>
		<document id="410747549537300480" url="https://twitter.com/A_Valenzuela/status/410747549537300480"><![CDATA[<a href="/manuelansede" class="twitter-atreply pretty-link js-nav" dir="ltr" data-mentioned-user-id="96642355" ><s>@</s><b>manuelansede</b></a> <a href="/victorianoi" class="twitter-atreply pretty-link js-nav" dir="ltr" data-mentioned-user-id="10977452" ><s>@</s><b>victorianoi</b></a> exvet!!]]></document>
		<document id="410873660119863297" url="https://twitter.com/A_Valenzuela/status/410873660119863297"><![CDATA[<a href="/eztabai" class="twitter-atreply pretty-link js-nav" dir="ltr" data-mentioned-user-id="19708112" ><s>@</s><b>eztabai</b></a> Gracias!!]]></document>
		<document id="411536837157859328" url="https://twitter.com/A_Valenzuela/status/411536837157859328"><![CDATA[<a href="/pampanilla" class="twitter-atreply pretty-link js-nav" dir="ltr" data-mentioned-user-id="15289845" ><s>@</s><b>pampanilla</b></a> <a href="/DesayunoDudas" class="twitter-atreply pretty-link js-nav" dir="ltr" data-mentioned-user-id="272692011" ><s>@</s><b>DesayunoDudas</b></a> jajaja]]></document>
		<document id="412211150726516736" url="https://twitter.com/A_Valenzuela/status/412211150726516736"><![CDATA[@carmelogleztwit <a href="/JoseFerranL" class="twitter-atreply pretty-link js-nav" dir="ltr" data-mentioned-user-id="402352609" ><s>@</s><b>JoseFerranL</b></a> veremos.]]></document>
		<document id="412307505570938880" url="https://twitter.com/A_Valenzuela/status/412307505570938880"><![CDATA[<a href="/auroraferrer" class="twitter-atreply pretty-link js-nav" dir="ltr" data-mentioned-user-id="26278200" ><s>@</s><b>auroraferrer</b></a> qué ha pasado???]]></document>
		<document id="412613005038206976" url="https://twitter.com/A_Valenzuela/status/412613005038206976"><![CDATA[<a href="/migatxu" class="twitter-atreply pretty-link js-nav" dir="ltr" data-mentioned-user-id="21897820" ><s>@</s><b>migatxu</b></a> jajaja]]></document>
		<document id="412613223100076032" url="https://twitter.com/A_Valenzuela/status/412613223100076032"><![CDATA[<a href="/RaiRobledo" class="twitter-atreply pretty-link js-nav" dir="ltr" data-mentioned-user-id="24947884" ><s>@</s><b>RaiRobledo</b></a> <a href="/Anaalbadalejo" class="twitter-atreply pretty-link js-nav" dir="ltr" data-mentioned-user-id="137791342" ><s>@</s><b>Anaalbadalejo</b></a> ¡Exacto!]]></document>
		<document id="412626769305280512" url="https://twitter.com/A_Valenzuela/status/412626769305280512"><![CDATA[<a href="/SenoritaPuri" class="twitter-atreply pretty-link js-nav" dir="ltr" data-mentioned-user-id="269701138" ><s>@</s><b>SenoritaPuri</b></a> <a href="/auroraferrer" class="twitter-atreply pretty-link js-nav" dir="ltr" data-mentioned-user-id="26278200" ><s>@</s><b>auroraferrer</b></a> JAJAJAJA]]></document>
		<document id="412627865511788544" url="https://twitter.com/A_Valenzuela/status/412627865511788544"><![CDATA[<a href="/davidsierra81" class="twitter-atreply pretty-link js-nav" dir="ltr" data-mentioned-user-id="2566251440" ><s>@</s><b>davidsierra81</b></a> <a href="/SenoritaPuri" class="twitter-atreply pretty-link js-nav" dir="ltr" data-mentioned-user-id="269701138" ><s>@</s><b>SenoritaPuri</b></a> <a href="/vanesuki" class="twitter-atreply pretty-link js-nav" dir="ltr" data-mentioned-user-id="7376952" ><s>@</s><b>vanesuki</b></a> jajajaja es verdad!! el mordisco realllll]]></document>
		<document id="412628881053478912" url="https://twitter.com/A_Valenzuela/status/412628881053478912"><![CDATA[<a href="/vanesuki" class="twitter-atreply pretty-link js-nav" dir="ltr" data-mentioned-user-id="7376952" ><s>@</s><b>vanesuki</b></a> <a href="/davidsierra81" class="twitter-atreply pretty-link js-nav" dir="ltr" data-mentioned-user-id="2566251440" ><s>@</s><b>davidsierra81</b></a> <a href="/SenoritaPuri" class="twitter-atreply pretty-link js-nav" dir="ltr" data-mentioned-user-id="269701138" ><s>@</s><b>SenoritaPuri</b></a> ahhhhhhhh]]></document>
		<document id="412642600135303168" url="https://twitter.com/A_Valenzuela/status/412642600135303168"><![CDATA[<a href="/lunamonelle" class="twitter-atreply pretty-link js-nav" dir="ltr" data-mentioned-user-id="139832755" ><s>@</s><b>lunamonelle</b></a> A ti por tu obra :)]]></document>
		<document id="412727290548998144" url="https://twitter.com/A_Valenzuela/status/412727290548998144"><![CDATA[<a href="/stromboli72" class="twitter-atreply pretty-link js-nav" dir="ltr" data-mentioned-user-id="365757441" ><s>@</s><b>stromboli72</b></a> <a href="/Lanoche_24h" class="twitter-atreply pretty-link js-nav" dir="ltr" data-mentioned-user-id="378035342" ><s>@</s><b>Lanoche_24h</b></a> no, hoy no :(]]></document>
		<document id="413032333487640576" url="https://twitter.com/A_Valenzuela/status/413032333487640576"><![CDATA[<a href="/stromboli72" class="twitter-atreply pretty-link js-nav" dir="ltr" data-mentioned-user-id="365757441" ><s>@</s><b>stromboli72</b></a> jajajaja]]></document>
		<document id="413307516332687360" url="https://twitter.com/A_Valenzuela/status/413307516332687360"><![CDATA[<a href="/Silvyamiga" class="twitter-atreply pretty-link js-nav" dir="ltr" data-mentioned-user-id="253955945" ><s>@</s><b>Silvyamiga</b></a> mmmmmmmmm]]></document>
		<document id="413332731049680897" url="https://twitter.com/A_Valenzuela/status/413332731049680897"><![CDATA[<a href="/RaiRobledo" class="twitter-atreply pretty-link js-nav" dir="ltr" data-mentioned-user-id="24947884" ><s>@</s><b>RaiRobledo</b></a> <a href="/MarAbad" class="twitter-atreply pretty-link js-nav" dir="ltr" data-mentioned-user-id="19766335" ><s>@</s><b>MarAbad</b></a> <a href="/YorokobuMag" class="twitter-atreply pretty-link js-nav" dir="ltr" data-mentioned-user-id="57354930" ><s>@</s><b>YorokobuMag</b></a> <a href="/ClaraAvilaC" class="twitter-atreply pretty-link js-nav" dir="ltr" data-mentioned-user-id="152371299" ><s>@</s><b>ClaraAvilaC</b></a> jooo]]></document>
		<document id="413349289700511744" url="https://twitter.com/A_Valenzuela/status/413349289700511744"><![CDATA[<a href="/javisalas" class="twitter-atreply pretty-link js-nav" dir="ltr" data-mentioned-user-id="16130350" ><s>@</s><b>javisalas</b></a> <a href="/mjguemes" class="twitter-atreply pretty-link js-nav" dir="ltr" data-mentioned-user-id="41782018" ><s>@</s><b>mjguemes</b></a> JAJAJAJ]]></document>
		<document id="413430561399504896" url="https://twitter.com/A_Valenzuela/status/413430561399504896"><![CDATA[<a href="/dgonzaleztorres" class="twitter-atreply pretty-link js-nav" dir="ltr" data-mentioned-user-id="17648411" ><s>@</s><b>dgonzaleztorres</b></a> <a href="/kurioso" class="twitter-atreply pretty-link js-nav" dir="ltr" data-mentioned-user-id="17185251" ><s>@</s><b>kurioso</b></a> jajaja]]></document>
		<document id="413430770200363008" url="https://twitter.com/A_Valenzuela/status/413430770200363008"><![CDATA[<a href="/kurioso" class="twitter-atreply pretty-link js-nav" dir="ltr" data-mentioned-user-id="17185251" ><s>@</s><b>kurioso</b></a> <a href="/dgonzaleztorres" class="twitter-atreply pretty-link js-nav" dir="ltr" data-mentioned-user-id="17648411" ><s>@</s><b>dgonzaleztorres</b></a> A mi ni me hables si vapeas.]]></document>
		<document id="413669853678284801" url="https://twitter.com/A_Valenzuela/status/413669853678284801"><![CDATA[<a href="/auroraferrer" class="twitter-atreply pretty-link js-nav" dir="ltr" data-mentioned-user-id="26278200" ><s>@</s><b>auroraferrer</b></a> <a href="/jorgenavasalejo" class="twitter-atreply pretty-link js-nav" dir="ltr" data-mentioned-user-id="12885182" ><s>@</s><b>jorgenavasalejo</b></a> <a href="/PPopular" class="twitter-atreply pretty-link js-nav" dir="ltr" data-mentioned-user-id="20509689" ><s>@</s><b>PPopular</b></a> me sumo]]></document>
		<document id="413670747790647296" url="https://twitter.com/A_Valenzuela/status/413670747790647296"><![CDATA[<a href="/auroraferrer" class="twitter-atreply pretty-link js-nav" dir="ltr" data-mentioned-user-id="26278200" ><s>@</s><b>auroraferrer</b></a> Jajajaj]]></document>
		<document id="413785909377904640" url="https://twitter.com/A_Valenzuela/status/413785909377904640"><![CDATA[<a href="/ElBonet" class="twitter-atreply pretty-link js-nav" dir="ltr" data-mentioned-user-id="103982389" ><s>@</s><b>ElBonet</b></a> jo]]></document>
		<document id="413967670451916800" url="https://twitter.com/A_Valenzuela/status/413967670451916800"><![CDATA[<a href="/Lupe_" class="twitter-atreply pretty-link js-nav" dir="ltr" data-mentioned-user-id="18450562" ><s>@</s><b>Lupe_</b></a> uaoooooooo <img class="Emoji Emoji--forText" src="https://abs.twimg.com/emoji/v2/72x72/1f633.png" draggable="false" alt="]]>😳<![CDATA[" title="Flushed face" aria-label="Emoji: Flushed face"> <img class="Emoji Emoji--forText" src="https://abs.twimg.com/emoji/v2/72x72/1f60c.png" draggable="false" alt="]]>😌<![CDATA[" title="Relieved face" aria-label="Emoji: Relieved face"><img class="Emoji Emoji--forText" src="https://abs.twimg.com/emoji/v2/72x72/1f60a.png" draggable="false" alt="]]>😊<![CDATA[" title="Smiling face with smiling eyes" aria-label="Emoji: Smiling face with smiling eyes">]]></document>
		<document id="413972646624526336" url="https://twitter.com/A_Valenzuela/status/413972646624526336"><![CDATA[<a href="/jmmulet" class="twitter-atreply pretty-link js-nav" dir="ltr" data-mentioned-user-id="211167741" ><s>@</s><b>jmmulet</b></a> dios, qué ricos!!!!]]></document>
		<document id="413973723923099648" url="https://twitter.com/A_Valenzuela/status/413973723923099648"><![CDATA[<a href="/bajoelbillete" class="twitter-atreply pretty-link js-nav" dir="ltr" data-mentioned-user-id="29491384" ><s>@</s><b>bajoelbillete</b></a> jajajajj ains]]></document>
		<document id="413989449832607744" url="https://twitter.com/A_Valenzuela/status/413989449832607744"><![CDATA[<a href="/davidapraiz" class="twitter-atreply pretty-link js-nav" dir="ltr" data-mentioned-user-id="131529348" ><s>@</s><b>davidapraiz</b></a> grrrr]]></document>
		<document id="414027579814068225" url="https://twitter.com/A_Valenzuela/status/414027579814068225"><![CDATA[<a href="/jmezquerro" class="twitter-atreply pretty-link js-nav" dir="ltr" data-mentioned-user-id="301818213" ><s>@</s><b>jmezquerro</b></a> umpffgggrr]]></document>
		<document id="414027628426067968" url="https://twitter.com/A_Valenzuela/status/414027628426067968"><![CDATA[<a href="/Bartserk" class="twitter-atreply pretty-link js-nav" dir="ltr" data-mentioned-user-id="211100808" ><s>@</s><b>Bartserk</b></a> grrrr]]></document>
		<document id="414462437430423552" url="https://twitter.com/A_Valenzuela/status/414462437430423552"><![CDATA[<a href="/Divulgameteo" class="twitter-atreply pretty-link js-nav" dir="ltr" data-mentioned-user-id="87376791" ><s>@</s><b>Divulgameteo</b></a> <a href="/jaimeabeja" class="twitter-atreply pretty-link js-nav" dir="ltr" data-mentioned-user-id="105618244" ><s>@</s><b>jaimeabeja</b></a> <a href="/NEUDC_RNE" class="twitter-atreply pretty-link js-nav" dir="ltr" data-mentioned-user-id="334847472" ><s>@</s><b>NEUDC_RNE</b></a> <a href="/netmork" class="twitter-atreply pretty-link js-nav" dir="ltr" data-mentioned-user-id="143162420" ><s>@</s><b>netmork</b></a> lo que diga Divulgameteo va a misa <img class="Emoji Emoji--forText" src="https://abs.twimg.com/emoji/v2/72x72/1f60a.png" draggable="false" alt="]]>😊<![CDATA[" title="Smiling face with smiling eyes" aria-label="Emoji: Smiling face with smiling eyes"><img class="Emoji Emoji--forText" src="https://abs.twimg.com/emoji/v2/72x72/1f44d.png" draggable="false" alt="]]>👍<![CDATA[" title="Thumbs up sign" aria-label="Emoji: Thumbs up sign">]]></document>
		<document id="414533526030393345" url="https://twitter.com/A_Valenzuela/status/414533526030393345"><![CDATA[<a href="/eztabai" class="twitter-atreply pretty-link js-nav" dir="ltr" data-mentioned-user-id="19708112" ><s>@</s><b>eztabai</b></a> jajaja (gracias)]]></document>
		<document id="414534840017752064" url="https://twitter.com/A_Valenzuela/status/414534840017752064"><![CDATA[<a href="/18ENERO" class="twitter-atreply pretty-link js-nav" dir="ltr" data-mentioned-user-id="121849054" ><s>@</s><b>18ENERO</b></a> <a href="/AndreuEscriva" class="twitter-atreply pretty-link js-nav" dir="ltr" data-mentioned-user-id="418639052" ><s>@</s><b>AndreuEscriva</b></a> me recomienda de espuma...]]></document>
		<document id="414534999313252352" url="https://twitter.com/A_Valenzuela/status/414534999313252352"><![CDATA[<a href="/MartaPReinoso" class="twitter-atreply pretty-link js-nav" dir="ltr" data-mentioned-user-id="293955789" ><s>@</s><b>MartaPReinoso</b></a> ok. Rosas de espuma?]]></document>
		<document id="414536288730365952" url="https://twitter.com/A_Valenzuela/status/414536288730365952"><![CDATA[<a href="/sergongomez" class="twitter-atreply pretty-link js-nav" dir="ltr" data-mentioned-user-id="579771996" ><s>@</s><b>sergongomez</b></a> .... Su vida....]]></document>
		<document id="414552890653831168" url="https://twitter.com/A_Valenzuela/status/414552890653831168"><![CDATA[<a href="/OKInfografia" class="twitter-atreply pretty-link js-nav" dir="ltr" data-mentioned-user-id="99961556" ><s>@</s><b>OKInfografia</b></a> jajaja mala!!!]]></document>
		<document id="414699883388358656" url="https://twitter.com/A_Valenzuela/status/414699883388358656"><![CDATA[<a href="/Cienciaaldia" class="twitter-atreply pretty-link js-nav" dir="ltr" data-mentioned-user-id="263299775" ><s>@</s><b>Cienciaaldia</b></a> jajajaj]]></document>
		<document id="414865044053045248" url="https://twitter.com/A_Valenzuela/status/414865044053045248"><![CDATA[Navidad. Retrofuturismo. 1960<a href="http://t.co/GFdZC0PnzK" class="twitter-timeline-link u-hidden" data-pre-embedded="true" dir="ltr" >pic.twitter.com/GFdZC0PnzK</a>]]></document>
		<document id="414881985165672448" url="https://twitter.com/A_Valenzuela/status/414881985165672448"><![CDATA[<a href="/NachoBassPerez" class="twitter-atreply pretty-link js-nav" dir="ltr" data-mentioned-user-id="113161737" ><s>@</s><b>NachoBassPerez</b></a> Gracias :)]]></document>
		<document id="415090598421352450" url="https://twitter.com/A_Valenzuela/status/415090598421352450"><![CDATA[<a href="/RaiRobledo" class="twitter-atreply pretty-link js-nav" dir="ltr" data-mentioned-user-id="24947884" ><s>@</s><b>RaiRobledo</b></a> júrolo]]></document>
		<document id="415108369503256576" url="https://twitter.com/A_Valenzuela/status/415108369503256576"><![CDATA[<a href="/Cesar_Cabo" class="twitter-atreply pretty-link js-nav" dir="ltr" data-mentioned-user-id="141577747" ><s>@</s><b>Cesar_Cabo</b></a> no me hagas hablar... <img class="Emoji Emoji--forText" src="https://abs.twimg.com/emoji/v2/72x72/1f620.png" draggable="false" alt="]]>😠<![CDATA[" title="Angry face" aria-label="Emoji: Angry face">]]></document>
		<document id="415108448477782016" url="https://twitter.com/A_Valenzuela/status/415108448477782016"><![CDATA[@theoracto ¡gracias! :)]]></document>
		<document id="415458263530885121" url="https://twitter.com/A_Valenzuela/status/415458263530885121"><![CDATA[<a href="/jesusferrero" class="twitter-atreply pretty-link js-nav" dir="ltr" data-mentioned-user-id="153887606" ><s>@</s><b>jesusferrero</b></a> jajaja]]></document>
		<document id="415572617329143808" url="https://twitter.com/A_Valenzuela/status/415572617329143808"><![CDATA[¡¡Feliz noche tuiteros!!!! <img class="Emoji Emoji--forText" src="https://abs.twimg.com/emoji/v2/72x72/2744.png" draggable="false" alt="❄️" title="Snowflake" aria-label="Emoji: Snowflake"><img class="Emoji Emoji--forText" src="https://abs.twimg.com/emoji/v2/72x72/1f384.png" draggable="false" alt="]]>🎄<![CDATA[" title="Christmas tree" aria-label="Emoji: Christmas tree"><img class="Emoji Emoji--forText" src="https://abs.twimg.com/emoji/v2/72x72/1f607.png" draggable="false" alt="]]>😇<![CDATA[" title="Smiling face with halo" aria-label="Emoji: Smiling face with halo"><img class="Emoji Emoji--forText" src="https://abs.twimg.com/emoji/v2/72x72/1f386.png" draggable="false" alt="]]>🎆<![CDATA[" title="Fireworks" aria-label="Emoji: Fireworks"><img class="Emoji Emoji--forText" src="https://abs.twimg.com/emoji/v2/72x72/1f388.png" draggable="false" alt="]]>🎈<![CDATA[" title="Balloon" aria-label="Emoji: Balloon">]]></document>
		<document id="415572759209852928" url="https://twitter.com/A_Valenzuela/status/415572759209852928"><![CDATA[<a href="/FernandoOlmeda" class="twitter-atreply pretty-link js-nav" dir="ltr" data-mentioned-user-id="19920337" ><s>@</s><b>FernandoOlmeda</b></a> jejeje]]></document>
		<document id="415615411863187456" url="https://twitter.com/A_Valenzuela/status/415615411863187456"><![CDATA[<a href="/ajpaniagua" class="twitter-atreply pretty-link js-nav" dir="ltr" data-mentioned-user-id="756431" ><s>@</s><b>ajpaniagua</b></a> :___(]]></document>
		<document id="415889305492815872" url="https://twitter.com/A_Valenzuela/status/415889305492815872"><![CDATA[Eclipse anular. Australia, mayo 2013<a href="http://t.co/aUsNbsT8KL" class="twitter-timeline-link u-hidden" data-pre-embedded="true" dir="ltr" >pic.twitter.com/aUsNbsT8KL</a>]]></document>
		<document id="415998474904436736" url="https://twitter.com/A_Valenzuela/status/415998474904436736"><![CDATA[<a href="/EricFrattini" class="twitter-atreply pretty-link js-nav" dir="ltr" data-mentioned-user-id="77712001" ><s>@</s><b>EricFrattini</b></a> halaaaaa!!! Qué suerte!!]]></document>
		<document id="416124513047564288" url="https://twitter.com/A_Valenzuela/status/416124513047564288"><![CDATA[<a href="/EricFrattini" class="twitter-atreply pretty-link js-nav" dir="ltr" data-mentioned-user-id="77712001" ><s>@</s><b>EricFrattini</b></a> a disfrutar entonces!! <img class="Emoji Emoji--forText" src="https://abs.twimg.com/emoji/v2/72x72/1f601.png" draggable="false" alt="]]>😁<![CDATA[" title="Grinning face with smiling eyes" aria-label="Emoji: Grinning face with smiling eyes">]]></document>
		<document id="416216815455330304" url="https://twitter.com/A_Valenzuela/status/416216815455330304"><![CDATA[<a href="/radio5_rne" class="twitter-atreply pretty-link js-nav" dir="ltr" data-mentioned-user-id="57779483" ><s>@</s><b>radio5_rne</b></a> basta yaaaaa]]></document>
		<document id="416314406671486976" url="https://twitter.com/A_Valenzuela/status/416314406671486976"><![CDATA[<a href="/bajoelbillete" class="twitter-atreply pretty-link js-nav" dir="ltr" data-mentioned-user-id="29491384" ><s>@</s><b>bajoelbillete</b></a> ... <img class="Emoji Emoji--forText" src="https://abs.twimg.com/emoji/v2/72x72/1f620.png" draggable="false" alt="]]>😠<![CDATA[" title="Angry face" aria-label="Emoji: Angry face">]]></document>
		<document id="416315705756504064" url="https://twitter.com/A_Valenzuela/status/416315705756504064"><![CDATA[<a href="/Domestika" class="twitter-atreply pretty-link js-nav" dir="ltr" data-mentioned-user-id="15967912" ><s>@</s><b>Domestika</b></a> una chulada!!]]></document>
		<document id="416315932336996352" url="https://twitter.com/A_Valenzuela/status/416315932336996352"><![CDATA[<a href="/bajoelbillete" class="twitter-atreply pretty-link js-nav" dir="ltr" data-mentioned-user-id="29491384" ><s>@</s><b>bajoelbillete</b></a> <img class="Emoji Emoji--forText" src="https://abs.twimg.com/emoji/v2/72x72/1f621.png" draggable="false" alt="]]>😡<![CDATA[" title="Pouting face" aria-label="Emoji: Pouting face">]]></document>
		<document id="416355150740344832" url="https://twitter.com/A_Valenzuela/status/416355150740344832"><![CDATA[<a href="/auroraferrer" class="twitter-atreply pretty-link js-nav" dir="ltr" data-mentioned-user-id="26278200" ><s>@</s><b>auroraferrer</b></a> qué guapo es!!]]></document>
		<document id="416585183555362816" url="https://twitter.com/A_Valenzuela/status/416585183555362816"><![CDATA[<a href="/herblay_rengel" class="twitter-atreply pretty-link js-nav" dir="ltr" data-mentioned-user-id="184831017" ><s>@</s><b>herblay_rengel</b></a> jajaja :D]]></document>
		<document id="417062860171522048" url="https://twitter.com/A_Valenzuela/status/417062860171522048"><![CDATA[<a href="/vicentelozano" class="twitter-atreply pretty-link js-nav" dir="ltr" data-mentioned-user-id="19918524" ><s>@</s><b>vicentelozano</b></a> Jajajaj]]></document>
		<document id="417360871120068608" url="https://twitter.com/A_Valenzuela/status/417360871120068608"><![CDATA[<a href="/CharliePsVg" class="twitter-atreply pretty-link js-nav" dir="ltr" data-mentioned-user-id="314835165" ><s>@</s><b>CharliePsVg</b></a> qué chulasssss]]></document>
		<document id="417763406867755010" url="https://twitter.com/A_Valenzuela/status/417763406867755010"><![CDATA[<a href="/japArtero" class="twitter-atreply pretty-link js-nav" dir="ltr" data-mentioned-user-id="2833450162" ><s>@</s><b>japArtero</b></a> ¿por qué? :/ :)]]></document>
		<document id="417957456611139584" url="https://twitter.com/A_Valenzuela/status/417957456611139584"><![CDATA[<a href="/eugeniojpm" class="twitter-atreply pretty-link js-nav" dir="ltr" data-mentioned-user-id="405712395" ><s>@</s><b>eugeniojpm</b></a> jajaja, gracias :)]]></document>
		<document id="417998832094679040" url="https://twitter.com/A_Valenzuela/status/417998832094679040"><![CDATA[<a href="/manuelansede" class="twitter-atreply pretty-link js-nav" dir="ltr" data-mentioned-user-id="96642355" ><s>@</s><b>manuelansede</b></a> <img class="Emoji Emoji--forText" src="https://abs.twimg.com/emoji/v2/72x72/1f60d.png" draggable="false" alt="]]>😍<![CDATA[" title="Smiling face with heart-shaped eyes" aria-label="Emoji: Smiling face with heart-shaped eyes"><img class="Emoji Emoji--forText" src="https://abs.twimg.com/emoji/v2/72x72/1f60d.png" draggable="false" alt="]]>😍<![CDATA[" title="Smiling face with heart-shaped eyes" aria-label="Emoji: Smiling face with heart-shaped eyes"><img class="Emoji Emoji--forText" src="https://abs.twimg.com/emoji/v2/72x72/1f60d.png" draggable="false" alt="]]>😍<![CDATA[" title="Smiling face with heart-shaped eyes" aria-label="Emoji: Smiling face with heart-shaped eyes"><img class="Emoji Emoji--forText" src="https://abs.twimg.com/emoji/v2/72x72/1f60d.png" draggable="false" alt="]]>😍<![CDATA[" title="Smiling face with heart-shaped eyes" aria-label="Emoji: Smiling face with heart-shaped eyes">]]></document>
		<document id="418037391342198784" url="https://twitter.com/A_Valenzuela/status/418037391342198784"><![CDATA[<a href="/dozemagazine" class="twitter-atreply pretty-link js-nav" dir="ltr" data-mentioned-user-id="156443367" ><s>@</s><b>dozemagazine</b></a> <a href="/rocio_montoya" class="twitter-atreply pretty-link js-nav" dir="ltr" data-mentioned-user-id="74101672" ><s>@</s><b>rocio_montoya</b></a> magníficas <img class="Emoji Emoji--forText" src="https://abs.twimg.com/emoji/v2/72x72/1f60a.png" draggable="false" alt="]]>😊<![CDATA[" title="Smiling face with smiling eyes" aria-label="Emoji: Smiling face with smiling eyes">]]></document>
		<document id="418108755709288448" url="https://twitter.com/A_Valenzuela/status/418108755709288448"><![CDATA[¡Feliz noche tuiterooooooosssss!!!<a href="http://t.co/q9ZDOTbtaI" class="twitter-timeline-link u-hidden" data-pre-embedded="true" dir="ltr" >pic.twitter.com/q9ZDOTbtaI</a>]]></document>
		<document id="418145613134721026" url="https://twitter.com/A_Valenzuela/status/418145613134721026"><![CDATA[<a href="/avillarejo" class="twitter-atreply pretty-link js-nav" dir="ltr" data-mentioned-user-id="17275940" ><s>@</s><b>avillarejo</b></a> reguapa!! Muakks!!]]></document>
		<document id="418493394944815104" url="https://twitter.com/A_Valenzuela/status/418493394944815104"><![CDATA[<a href="/pampanilla" class="twitter-atreply pretty-link js-nav" dir="ltr" data-mentioned-user-id="15289845" ><s>@</s><b>pampanilla</b></a> <img class="Emoji Emoji--forText" src="https://abs.twimg.com/emoji/v2/72x72/1f60d.png" draggable="false" alt="]]>😍<![CDATA[" title="Smiling face with heart-shaped eyes" aria-label="Emoji: Smiling face with heart-shaped eyes"><img class="Emoji Emoji--forText" src="https://abs.twimg.com/emoji/v2/72x72/1f60d.png" draggable="false" alt="]]>😍<![CDATA[" title="Smiling face with heart-shaped eyes" aria-label="Emoji: Smiling face with heart-shaped eyes"><img class="Emoji Emoji--forText" src="https://abs.twimg.com/emoji/v2/72x72/1f60d.png" draggable="false" alt="]]>😍<![CDATA[" title="Smiling face with heart-shaped eyes" aria-label="Emoji: Smiling face with heart-shaped eyes"><img class="Emoji Emoji--forText" src="https://abs.twimg.com/emoji/v2/72x72/1f60d.png" draggable="false" alt="]]>😍<![CDATA[" title="Smiling face with heart-shaped eyes" aria-label="Emoji: Smiling face with heart-shaped eyes"><img class="Emoji Emoji--forText" src="https://abs.twimg.com/emoji/v2/72x72/1f60d.png" draggable="false" alt="]]>😍<![CDATA[" title="Smiling face with heart-shaped eyes" aria-label="Emoji: Smiling face with heart-shaped eyes"><img class="Emoji Emoji--forText" src="https://abs.twimg.com/emoji/v2/72x72/2764.png" draggable="false" alt="❤️" title="Heavy red heart" aria-label="Emoji: Heavy red heart">]]></document>
		<document id="418842706513633280" url="https://twitter.com/A_Valenzuela/status/418842706513633280"><![CDATA[<a href="/DavidCacho" class="twitter-atreply pretty-link js-nav" dir="ltr" data-mentioned-user-id="35204413" ><s>@</s><b>DavidCacho</b></a> trepidante!!]]></document>
		<document id="419044555397562368" url="https://twitter.com/A_Valenzuela/status/419044555397562368"><![CDATA[<a href="/QuoRevista" class="twitter-atreply pretty-link js-nav" dir="ltr" data-mentioned-user-id="44585286" ><s>@</s><b>QuoRevista</b></a> jajaja <img class="Emoji Emoji--forText" src="https://abs.twimg.com/emoji/v2/72x72/1f60d.png" draggable="false" alt="]]>😍<![CDATA[" title="Smiling face with heart-shaped eyes" aria-label="Emoji: Smiling face with heart-shaped eyes">]]></document>
		<document id="419236342993022976" url="https://twitter.com/A_Valenzuela/status/419236342993022976"><![CDATA[<a href="/SrCastelo" class="twitter-atreply pretty-link js-nav" dir="ltr" data-mentioned-user-id="2980791" ><s>@</s><b>SrCastelo</b></a> diamante!]]></document>
		<document id="419785936952492032" url="https://twitter.com/A_Valenzuela/status/419785936952492032"><![CDATA[<a href="/Soilodnamra" class="twitter-atreply pretty-link js-nav" dir="ltr" data-mentioned-user-id="610735439" ><s>@</s><b>Soilodnamra</b></a> jajaja]]></document>
		<document id="419786067634421760" url="https://twitter.com/A_Valenzuela/status/419786067634421760"><![CDATA[<a href="/omenendez" class="twitter-atreply pretty-link js-nav" dir="ltr" data-mentioned-user-id="19389043" ><s>@</s><b>omenendez</b></a> Con anís? je]]></document>
		<document id="419962875571367937" url="https://twitter.com/A_Valenzuela/status/419962875571367937"><![CDATA[<a href="/Eurekablog" class="twitter-atreply pretty-link js-nav" dir="ltr" data-mentioned-user-id="70982896" ><s>@</s><b>Eurekablog</b></a> nooooooooo a mi gusta mucho]]></document>
		<document id="419969926066360321" url="https://twitter.com/A_Valenzuela/status/419969926066360321"><![CDATA[<a href="/monzonete" class="twitter-atreply pretty-link js-nav" dir="ltr" data-mentioned-user-id="383357891" ><s>@</s><b>monzonete</b></a> <a href="/Bitacoras" class="twitter-atreply pretty-link js-nav" dir="ltr" data-mentioned-user-id="8952562" ><s>@</s><b>bitacoras</b></a> <a href="/Eurekablog" class="twitter-atreply pretty-link js-nav" dir="ltr" data-mentioned-user-id="70982896" ><s>@</s><b>Eurekablog</b></a> <a href="/dparayuelo" class="twitter-atreply pretty-link js-nav" dir="ltr" data-mentioned-user-id="1389355675" ><s>@</s><b>dparayuelo</b></a> Jajajaj]]></document>
		<document id="420148005396680704" url="https://twitter.com/A_Valenzuela/status/420148005396680704"><![CDATA[<a href="/microsiervos" class="twitter-atreply pretty-link js-nav" dir="ltr" data-mentioned-user-id="1770311" ><s>@</s><b>microsiervos</b></a> oleeeeeeeeeee]]></document>
		<document id="420148426437705728" url="https://twitter.com/A_Valenzuela/status/420148426437705728"><![CDATA[<a href="/intersexciones" class="twitter-atreply pretty-link js-nav" dir="ltr" data-mentioned-user-id="277407700" ><s>@</s><b>Intersexciones</b></a> ayyyyy noooo jajajja]]></document>
		<document id="420149218011922432" url="https://twitter.com/A_Valenzuela/status/420149218011922432"><![CDATA[<a href="/Redmanalishi" class="twitter-atreply pretty-link js-nav" dir="ltr" data-mentioned-user-id="320338968" ><s>@</s><b>Redmanalishi</b></a> :(((((]]></document>
		<document id="420149686171746304" url="https://twitter.com/A_Valenzuela/status/420149686171746304"><![CDATA[<a href="/stromboli72" class="twitter-atreply pretty-link js-nav" dir="ltr" data-mentioned-user-id="365757441" ><s>@</s><b>stromboli72</b></a> ¡no han caído dinos! :)]]></document>
		<document id="420163431719645184" url="https://twitter.com/A_Valenzuela/status/420163431719645184"><![CDATA[<a href="/salaherraez" class="twitter-atreply pretty-link js-nav" dir="ltr" data-mentioned-user-id="835550724" ><s>@</s><b>salaherraez</b></a> <a href="/davidsierra81" class="twitter-atreply pretty-link js-nav" dir="ltr" data-mentioned-user-id="2566251440" ><s>@</s><b>davidsierra81</b></a> sois adorables!!! ains.]]></document>
		<document id="420293976751476736" url="https://twitter.com/A_Valenzuela/status/420293976751476736"><![CDATA[<a href="/DarkSapiens" class="twitter-atreply pretty-link js-nav" dir="ltr" data-mentioned-user-id="14254439" ><s>@</s><b>DarkSapiens</b></a> XDDD]]></document>
		<document id="420485019531247616" url="https://twitter.com/A_Valenzuela/status/420485019531247616"><![CDATA[<a href="/cmmatam" class="twitter-atreply pretty-link js-nav" dir="ltr" data-mentioned-user-id="122219364" ><s>@</s><b>cmmatam</b></a> ualaaa!! Qué pasada]]></document>
		<document id="420584474569478144" url="https://twitter.com/A_Valenzuela/status/420584474569478144"><![CDATA[<a href="/pampanilla" class="twitter-atreply pretty-link js-nav" dir="ltr" data-mentioned-user-id="15289845" ><s>@</s><b>pampanilla</b></a> <a href="/Fundeu" class="twitter-atreply pretty-link js-nav" dir="ltr" data-mentioned-user-id="196955819" ><s>@</s><b>Fundeu</b></a> nooorrghhh vaya.]]></document>
		<document id="420836977349779456" url="https://twitter.com/A_Valenzuela/status/420836977349779456"><![CDATA[<a href="/QuoRevista" class="twitter-atreply pretty-link js-nav" dir="ltr" data-mentioned-user-id="44585286" ><s>@</s><b>QuoRevista</b></a> pobreciiiito!! Jajaj]]></document>
		<document id="420861632198094848" url="https://twitter.com/A_Valenzuela/status/420861632198094848"><![CDATA[¿Por qué tiritamos? <a href="http://t.co/TPimazDHpf" rel="nofollow noopener" dir="ltr" data-expanded-url="http://www.rtve.es/n/323359/" class="twitter-timeline-link" target="_blank" title="http://www.rtve.es/n/323359/" ><span class="tco-ellipsis"></span><span class="invisible">http://www.</span><span class="js-display-url">rtve.es/n/323359/</span><span class="invisible"></span><span class="tco-ellipsis"><span class="invisible">&nbsp;</span></span></a> via <a href="/rtve" class="twitter-atreply pretty-link js-nav" dir="ltr" data-mentioned-user-id="26729931" ><s>@</s><b>rtve</b></a>]]></document>
		<document id="420977762414108672" url="https://twitter.com/A_Valenzuela/status/420977762414108672"><![CDATA[<a href="/Guyb" class="twitter-atreply pretty-link js-nav" dir="ltr" data-mentioned-user-id="5020501" ><s>@</s><b>Guyb</b></a> <img class="Emoji Emoji--forText" src="https://abs.twimg.com/emoji/v2/72x72/1f60d.png" draggable="false" alt="]]>😍<![CDATA[" title="Smiling face with heart-shaped eyes" aria-label="Emoji: Smiling face with heart-shaped eyes"><img class="Emoji Emoji--forText" src="https://abs.twimg.com/emoji/v2/72x72/1f60d.png" draggable="false" alt="]]>😍<![CDATA[" title="Smiling face with heart-shaped eyes" aria-label="Emoji: Smiling face with heart-shaped eyes"><img class="Emoji Emoji--forText" src="https://abs.twimg.com/emoji/v2/72x72/1f60d.png" draggable="false" alt="]]>😍<![CDATA[" title="Smiling face with heart-shaped eyes" aria-label="Emoji: Smiling face with heart-shaped eyes"><img class="Emoji Emoji--forText" src="https://abs.twimg.com/emoji/v2/72x72/1f60d.png" draggable="false" alt="]]>😍<![CDATA[" title="Smiling face with heart-shaped eyes" aria-label="Emoji: Smiling face with heart-shaped eyes"><img class="Emoji Emoji--forText" src="https://abs.twimg.com/emoji/v2/72x72/1f60d.png" draggable="false" alt="]]>😍<![CDATA[" title="Smiling face with heart-shaped eyes" aria-label="Emoji: Smiling face with heart-shaped eyes">]]></document>
		<document id="421074054196785152" url="https://twitter.com/A_Valenzuela/status/421074054196785152"><![CDATA[<a href="/Prf_JMoriarty" class="twitter-atreply pretty-link js-nav" dir="ltr" data-mentioned-user-id="495135072" ><s>@</s><b>Prf_JMoriarty</b></a> genial!! <img class="Emoji Emoji--forText" src="https://abs.twimg.com/emoji/v2/72x72/1f60a.png" draggable="false" alt="]]>😊<![CDATA[" title="Smiling face with smiling eyes" aria-label="Emoji: Smiling face with smiling eyes"><img class="Emoji Emoji--forText" src="https://abs.twimg.com/emoji/v2/72x72/1f60a.png" draggable="false" alt="]]>😊<![CDATA[" title="Smiling face with smiling eyes" aria-label="Emoji: Smiling face with smiling eyes"><img class="Emoji Emoji--forText" src="https://abs.twimg.com/emoji/v2/72x72/1f60a.png" draggable="false" alt="]]>😊<![CDATA[" title="Smiling face with smiling eyes" aria-label="Emoji: Smiling face with smiling eyes"><img class="Emoji Emoji--forText" src="https://abs.twimg.com/emoji/v2/72x72/1f60a.png" draggable="false" alt="]]>😊<![CDATA[" title="Smiling face with smiling eyes" aria-label="Emoji: Smiling face with smiling eyes">]]></document>
		<document id="421074143082467328" url="https://twitter.com/A_Valenzuela/status/421074143082467328"><![CDATA[<a href="/juanjogom" class="twitter-atreply pretty-link js-nav" dir="ltr" data-mentioned-user-id="45594591" ><s>@</s><b>juanjogom</b></a> qué bien!! <img class="Emoji Emoji--forText" src="https://abs.twimg.com/emoji/v2/72x72/1f44d.png" draggable="false" alt="]]>👍<![CDATA[" title="Thumbs up sign" aria-label="Emoji: Thumbs up sign"><img class="Emoji Emoji--forText" src="https://abs.twimg.com/emoji/v2/72x72/1f44d.png" draggable="false" alt="]]>👍<![CDATA[" title="Thumbs up sign" aria-label="Emoji: Thumbs up sign"><img class="Emoji Emoji--forText" src="https://abs.twimg.com/emoji/v2/72x72/1f44d.png" draggable="false" alt="]]>👍<![CDATA[" title="Thumbs up sign" aria-label="Emoji: Thumbs up sign"><img class="Emoji Emoji--forText" src="https://abs.twimg.com/emoji/v2/72x72/1f44d.png" draggable="false" alt="]]>👍<![CDATA[" title="Thumbs up sign" aria-label="Emoji: Thumbs up sign">]]></document>
		<document id="421074301690077185" url="https://twitter.com/A_Valenzuela/status/421074301690077185"><![CDATA[<a href="/pperezf" class="twitter-atreply pretty-link js-nav" dir="ltr" data-mentioned-user-id="206387272" ><s>@</s><b>pperezf</b></a> ¡¡qué bien!! <img class="Emoji Emoji--forText" src="https://abs.twimg.com/emoji/v2/72x72/1f603.png" draggable="false" alt="]]>😃<![CDATA[" title="Smiling face with open mouth" aria-label="Emoji: Smiling face with open mouth">]]></document>
		<document id="421075055075135488" url="https://twitter.com/A_Valenzuela/status/421075055075135488"><![CDATA[<a href="/RetusPetrus" class="twitter-atreply pretty-link js-nav" dir="ltr" data-mentioned-user-id="255254469" ><s>@</s><b>RetusPetrus</b></a> genial!! Gracias!! <img class="Emoji Emoji--forText" src="https://abs.twimg.com/emoji/v2/72x72/1f60a.png" draggable="false" alt="]]>😊<![CDATA[" title="Smiling face with smiling eyes" aria-label="Emoji: Smiling face with smiling eyes"><img class="Emoji Emoji--forText" src="https://abs.twimg.com/emoji/v2/72x72/1f44d.png" draggable="false" alt="]]>👍<![CDATA[" title="Thumbs up sign" aria-label="Emoji: Thumbs up sign">]]></document>
		<document id="421163684107665408" url="https://twitter.com/A_Valenzuela/status/421163684107665408"><![CDATA[<a href="/silviagrijalba" class="twitter-atreply pretty-link js-nav" dir="ltr" data-mentioned-user-id="261254902" ><s>@</s><b>silviagrijalba</b></a> yeaaah!!]]></document>
		<document id="421324480120885248" url="https://twitter.com/A_Valenzuela/status/421324480120885248"><![CDATA[<a href="/VazquezEva" class="twitter-atreply pretty-link js-nav" dir="ltr" data-mentioned-user-id="50574722" ><s>@</s><b>VazquezEva</b></a> jajaja]]></document>
		<document id="421324577961422848" url="https://twitter.com/A_Valenzuela/status/421324577961422848"><![CDATA[<a href="/Sonicando" class="twitter-atreply pretty-link js-nav" dir="ltr" data-mentioned-user-id="78017381" ><s>@</s><b>Sonicando</b></a> jijijijij]]></document>
		<document id="421613992478388224" url="https://twitter.com/A_Valenzuela/status/421613992478388224"><![CDATA[<a href="/Daurmith" class="twitter-atreply pretty-link js-nav" dir="ltr" data-mentioned-user-id="10637592" ><s>@</s><b>Daurmith</b></a> <a href="/radio5_rne" class="twitter-atreply pretty-link js-nav" dir="ltr" data-mentioned-user-id="57779483" ><s>@</s><b>radio5_rne</b></a> hoy?]]></document>
		<document id="421614177388474368" url="https://twitter.com/A_Valenzuela/status/421614177388474368"><![CDATA[<a href="/Calvoroy" class="twitter-atreply pretty-link js-nav" dir="ltr" data-mentioned-user-id="143483109" ><s>@</s><b>Calvoroy</b></a> :))))))]]></document>
		<document id="421617565761146880" url="https://twitter.com/A_Valenzuela/status/421617565761146880"><![CDATA[<a href="/mauconill" class="twitter-atreply pretty-link js-nav" dir="ltr" data-mentioned-user-id="218612892" ><s>@</s><b>mauconill</b></a> hey!!! Beso!!]]></document>
		<document id="421636657184387072" url="https://twitter.com/A_Valenzuela/status/421636657184387072"><![CDATA[<a href="/Fotomaf" class="twitter-atreply pretty-link js-nav" dir="ltr" data-mentioned-user-id="1638691" ><s>@</s><b>Fotomaf</b></a> <a href="/RaiRobledo" class="twitter-atreply pretty-link js-nav" dir="ltr" data-mentioned-user-id="24947884" ><s>@</s><b>RaiRobledo</b></a> vivaaaa]]></document>
		<document id="421658951877275648" url="https://twitter.com/A_Valenzuela/status/421658951877275648"><![CDATA[<a href="/juanjogom" class="twitter-atreply pretty-link js-nav" dir="ltr" data-mentioned-user-id="45594591" ><s>@</s><b>juanjogom</b></a> jajaj, y yo!!]]></document>
		<document id="421662969533980672" url="https://twitter.com/A_Valenzuela/status/421662969533980672"><![CDATA[<a href="/juanjogom" class="twitter-atreply pretty-link js-nav" dir="ltr" data-mentioned-user-id="45594591" ><s>@</s><b>juanjogom</b></a> eso jjijijj]]></document>
		<document id="421972534192775168" url="https://twitter.com/A_Valenzuela/status/421972534192775168"><![CDATA[<a href="/PedroSCbike" class="twitter-atreply pretty-link js-nav" dir="ltr" data-mentioned-user-id="1390590697" ><s>@</s><b>PedroSCbike</b></a> gracias :)]]></document>
		<document id="422091451611488256" url="https://twitter.com/A_Valenzuela/status/422091451611488256"><![CDATA[Copilotus tuiterus <a href="/hashtag/loscopilotosnoayudan?src=hash" data-query-source="hashtag_click" class="twitter-hashtag pretty-link js-nav" dir="ltr" ><s>#</s><b>loscopilotosnoayudan</b></a><a href="http://t.co/YzwqYwnLFz" class="twitter-timeline-link u-hidden" data-pre-embedded="true" dir="ltr" >pic.twitter.com/YzwqYwnLFz</a>]]></document>
		<document id="422099536639971328" url="https://twitter.com/A_Valenzuela/status/422099536639971328"><![CDATA[¿Quiere este navegador como predeterminado? <img class="Emoji Emoji--forText" src="https://abs.twimg.com/emoji/v2/72x72/1f601.png" draggable="false" alt="]]>😁<![CDATA[" title="Grinning face with smiling eyes" aria-label="Emoji: Grinning face with smiling eyes"><a href="http://t.co/gug3ZQjs8t" class="twitter-timeline-link u-hidden" data-pre-embedded="true" dir="ltr" >pic.twitter.com/gug3ZQjs8t</a>]]></document>
		<document id="422130262248390656" url="https://twitter.com/A_Valenzuela/status/422130262248390656"><![CDATA[<a href="/elbosco67" class="twitter-atreply pretty-link js-nav" dir="ltr" data-mentioned-user-id="288180324" ><s>@</s><b>elbosco67</b></a> <a href="/radio5_rne" class="twitter-atreply pretty-link js-nav" dir="ltr" data-mentioned-user-id="57779483" ><s>@</s><b>radio5_rne</b></a> ¡Gracias a ti!! :)]]></document>
		<document id="422130611818479616" url="https://twitter.com/A_Valenzuela/status/422130611818479616"><![CDATA[<a href="/VazquezEva" class="twitter-atreply pretty-link js-nav" dir="ltr" data-mentioned-user-id="50574722" ><s>@</s><b>VazquezEva</b></a> jajaja]]></document>
		<document id="422131010487083008" url="https://twitter.com/A_Valenzuela/status/422131010487083008"><![CDATA[<a href="/Hilario299792" class="twitter-atreply pretty-link js-nav" dir="ltr" data-mentioned-user-id="335224656" ><s>@</s><b>Hilario299792</b></a> <a href="/manuelansede" class="twitter-atreply pretty-link js-nav" dir="ltr" data-mentioned-user-id="96642355" ><s>@</s><b>manuelansede</b></a> jajaja]]></document>
		<document id="422131973423771648" url="https://twitter.com/A_Valenzuela/status/422131973423771648"><![CDATA[<a href="/PeterArgueta" class="twitter-atreply pretty-link js-nav" dir="ltr" data-mentioned-user-id="353958201" ><s>@</s><b>PeterArgueta</b></a> jajja ;)]]></document>
		<document id="422132394301202432" url="https://twitter.com/A_Valenzuela/status/422132394301202432"><![CDATA[<a href="/_ElNegativo" class="twitter-atreply pretty-link js-nav" dir="ltr" data-mentioned-user-id="1166829847" ><s>@</s><b>_ElNegativo</b></a> jajajaj]]></document>
		<document id="422132597490085889" url="https://twitter.com/A_Valenzuela/status/422132597490085889"><![CDATA[<a href="/pabmgala" class="twitter-atreply pretty-link js-nav" dir="ltr" data-mentioned-user-id="271120647" ><s>@</s><b>pabmgala</b></a> ¡Gracias!!]]></document>
		<document id="422287110717337600" url="https://twitter.com/A_Valenzuela/status/422287110717337600"><![CDATA[<a href="/mgonzalez_noli" class="twitter-atreply pretty-link js-nav" dir="ltr" data-mentioned-user-id="33525434" ><s>@</s><b>mgonzalez_noli</b></a> cambio de avatar!! Muy chulo <img class="Emoji Emoji--forText" src="https://abs.twimg.com/emoji/v2/72x72/1f44d.png" draggable="false" alt="]]>👍<![CDATA[" title="Thumbs up sign" aria-label="Emoji: Thumbs up sign">]]></document>
		<document id="422299898063491072" url="https://twitter.com/A_Valenzuela/status/422299898063491072"><![CDATA[<a href="/Raven_neo" class="twitter-atreply pretty-link js-nav" dir="ltr" data-mentioned-user-id="81699067" ><s>@</s><b>Raven_neo</b></a> <a href="/taquionrapide" class="twitter-atreply pretty-link js-nav" dir="ltr" data-mentioned-user-id="1463115272" ><s>@</s><b>taquionrapide</b></a> qué chuladaaaaaaaa]]></document>
		<document id="422316990305275905" url="https://twitter.com/A_Valenzuela/status/422316990305275905"><![CDATA[Un dinotiesto ideal <img class="Emoji Emoji--forText" src="https://abs.twimg.com/emoji/v2/72x72/2665.png" draggable="false" alt="♥" title="Heart suit" aria-label="Emoji: Heart suit"><a href="http://t.co/5mAniSXnBl" class="twitter-timeline-link u-hidden" data-pre-embedded="true" dir="ltr" >pic.twitter.com/5mAniSXnBl</a>]]></document>
		<document id="422460272889307136" url="https://twitter.com/A_Valenzuela/status/422460272889307136"><![CDATA[<a href="/lluisamengual" class="twitter-atreply pretty-link js-nav" dir="ltr" data-mentioned-user-id="144757450" ><s>@</s><b>lluisamengual</b></a> <img class="Emoji Emoji--forText" src="https://abs.twimg.com/emoji/v2/72x72/1f631.png" draggable="false" alt="]]>😱<![CDATA[" title="Face screaming in fear" aria-label="Emoji: Face screaming in fear"><img class="Emoji Emoji--forText" src="https://abs.twimg.com/emoji/v2/72x72/1f631.png" draggable="false" alt="]]>😱<![CDATA[" title="Face screaming in fear" aria-label="Emoji: Face screaming in fear"><img class="Emoji Emoji--forText" src="https://abs.twimg.com/emoji/v2/72x72/1f631.png" draggable="false" alt="]]>😱<![CDATA[" title="Face screaming in fear" aria-label="Emoji: Face screaming in fear">]]></document>
		<document id="422642171251273728" url="https://twitter.com/A_Valenzuela/status/422642171251273728"><![CDATA[<a href="/noell123456" class="twitter-atreply pretty-link js-nav" dir="ltr" data-mentioned-user-id="407248761" ><s>@</s><b>noell123456</b></a> Cuidan melenas <img class="Emoji Emoji--forText" src="https://abs.twimg.com/emoji/v2/72x72/1f487.png" draggable="false" alt="]]>💇<![CDATA[" title="Haircut" aria-label="Emoji: Haircut">]]></document>
		<document id="422698053791776769" url="https://twitter.com/A_Valenzuela/status/422698053791776769"><![CDATA[Qué colgados estamos los humanos. Me parto con este vídeo para despertar a <a href="/ESA_Rosetta" class="twitter-atreply pretty-link js-nav" dir="ltr" data-mentioned-user-id="253536357" ><s>@</s><b>ESA_Rosetta</b></a> <a href="http://t.co/8xk1pAFgup" rel="nofollow noopener" dir="ltr" data-expanded-url="http://youtu.be/Xwpo1b4wuIY" class="twitter-timeline-link" target="_blank" title="http://youtu.be/Xwpo1b4wuIY" ><span class="tco-ellipsis"></span><span class="invisible">http://</span><span class="js-display-url">youtu.be/Xwpo1b4wuIY</span><span class="invisible"></span><span class="tco-ellipsis"><span class="invisible">&nbsp;</span></span></a> <a href="/hashtag/wakeupRosetta?src=hash" data-query-source="hashtag_click" class="twitter-hashtag pretty-link js-nav" dir="ltr" ><s>#</s><b>wakeupRosetta</b></a>]]></document>
		<document id="422699215253295105" url="https://twitter.com/A_Valenzuela/status/422699215253295105"><![CDATA[<a href="/4Colors" class="twitter-atreply pretty-link js-nav" dir="ltr" data-mentioned-user-id="6806632" ><s>@</s><b>4Colors</b></a> <a href="http://t.co/2OgBvuIYbc" rel="nofollow noopener" dir="ltr" data-expanded-url="http://www.rtve.es/noticias/20110304/se-duermen-piernas/413462.shtml" class="twitter-timeline-link" target="_blank" title="http://www.rtve.es/noticias/20110304/se-duermen-piernas/413462.shtml" ><span class="tco-ellipsis"></span><span class="invisible">http://www.</span><span class="js-display-url">rtve.es/noticias/20110</span><span class="invisible">304/se-duermen-piernas/413462.shtml</span><span class="tco-ellipsis"><span class="invisible">&nbsp;</span>…</span></a> :))))]]></document>
		<document id="422748275092226048" url="https://twitter.com/A_Valenzuela/status/422748275092226048"><![CDATA[<a href="/itato" class="twitter-atreply pretty-link js-nav" dir="ltr" data-mentioned-user-id="14159575" ><s>@</s><b>itato</b></a> gracias por compartirlo. Info utilísima.]]></document>
		<document id="422788655703273472" url="https://twitter.com/A_Valenzuela/status/422788655703273472"><![CDATA[<a href="/victorianoi" class="twitter-atreply pretty-link js-nav" dir="ltr" data-mentioned-user-id="10977452" ><s>@</s><b>victorianoi</b></a> <a href="/rne" class="twitter-atreply pretty-link js-nav" dir="ltr" data-mentioned-user-id="29977367" ><s>@</s><b>rne</b></a> sip :)]]></document>
		<document id="423027802774843392" url="https://twitter.com/A_Valenzuela/status/423027802774843392"><![CDATA[<a href="/FernandoCervera" class="twitter-atreply pretty-link js-nav" dir="ltr" data-mentioned-user-id="213421246" ><s>@</s><b>FernandoCervera</b></a> ¡Contestado!]]></document>
		<document id="423045735945207808" url="https://twitter.com/A_Valenzuela/status/423045735945207808"><![CDATA[Human print. Ideal.<a href="http://t.co/gL9KVsOx7G" class="twitter-timeline-link u-hidden" data-pre-embedded="true" dir="ltr" >pic.twitter.com/gL9KVsOx7G</a>]]></document>
		<document id="423090678743449600" url="https://twitter.com/A_Valenzuela/status/423090678743449600"><![CDATA[<a href="/earcos" class="twitter-atreply pretty-link js-nav" dir="ltr" data-mentioned-user-id="3968" ><s>@</s><b>earcos</b></a> ains! Pasará! <img class="Emoji Emoji--forText" src="https://abs.twimg.com/emoji/v2/72x72/1f60a.png" draggable="false" alt="]]>😊<![CDATA[" title="Smiling face with smiling eyes" aria-label="Emoji: Smiling face with smiling eyes"><img class="Emoji Emoji--forText" src="https://abs.twimg.com/emoji/v2/72x72/1f44d.png" draggable="false" alt="]]>👍<![CDATA[" title="Thumbs up sign" aria-label="Emoji: Thumbs up sign">]]></document>
		<document id="423195693772066816" url="https://twitter.com/A_Valenzuela/status/423195693772066816"><![CDATA[<a href="/Lucy_MEH" class="twitter-atreply pretty-link js-nav" dir="ltr" data-mentioned-user-id="564697093" ><s>@</s><b>Lucy_MEH</b></a> selfivolution.]]></document>
		<document id="423196021842141184" url="https://twitter.com/A_Valenzuela/status/423196021842141184"><![CDATA[Selfievolution (via <a href="/Lucy_MEH" class="twitter-atreply pretty-link js-nav" dir="ltr" data-mentioned-user-id="564697093" ><s>@</s><b>Lucy_MEH</b></a>)<a href="http://t.co/6nSaEl14Su" class="twitter-timeline-link u-hidden" data-pre-embedded="true" dir="ltr" >pic.twitter.com/6nSaEl14Su</a>]]></document>
		<document id="423408146627833856" url="https://twitter.com/A_Valenzuela/status/423408146627833856"><![CDATA[<a href="/lagamez" class="twitter-atreply pretty-link js-nav" dir="ltr" data-mentioned-user-id="16694719" ><s>@</s><b>lagamez</b></a> new avatar. Muy chulo!!!!]]></document>
		<document id="423461080154009600" url="https://twitter.com/A_Valenzuela/status/423461080154009600"><![CDATA[<a href="/auroraferrer" class="twitter-atreply pretty-link js-nav" dir="ltr" data-mentioned-user-id="26278200" ><s>@</s><b>auroraferrer</b></a> GIANT]]></document>
		<document id="423767853956096000" url="https://twitter.com/A_Valenzuela/status/423767853956096000"><![CDATA[<a href="/wicho" class="twitter-atreply pretty-link js-nav" dir="ltr" data-mentioned-user-id="1776671" ><s>@</s><b>wicho</b></a> <a href="/elqudsi" class="twitter-atreply pretty-link js-nav" dir="ltr" data-mentioned-user-id="5765372" ><s>@</s><b>elqudsi</b></a> cierto! <img class="Emoji Emoji--forText" src="https://abs.twimg.com/emoji/v2/72x72/1f621.png" draggable="false" alt="]]>😡<![CDATA[" title="Pouting face" aria-label="Emoji: Pouting face">]]></document>
		<document id="423792336964182016" url="https://twitter.com/A_Valenzuela/status/423792336964182016"><![CDATA[<a href="/pflis" class="twitter-atreply pretty-link js-nav" dir="ltr" data-mentioned-user-id="95232591" ><s>@</s><b>pflis</b></a> <img class="Emoji Emoji--forText" src="https://abs.twimg.com/emoji/v2/72x72/2764.png" draggable="false" alt="❤️" title="Heavy red heart" aria-label="Emoji: Heavy red heart">Carl]]></document>
		<document id="423794233997549568" url="https://twitter.com/A_Valenzuela/status/423794233997549568"><![CDATA[<a href="/soylua" class="twitter-atreply pretty-link js-nav" dir="ltr" data-mentioned-user-id="47577203" ><s>@</s><b>soylua</b></a> <a href="/PilarMillan" class="twitter-atreply pretty-link js-nav" dir="ltr" data-mentioned-user-id="48976225" ><s>@</s><b>PilarMillan</b></a> <a href="/elqudsi" class="twitter-atreply pretty-link js-nav" dir="ltr" data-mentioned-user-id="5765372" ><s>@</s><b>elqudsi</b></a> ¡beso!!! <img class="Emoji Emoji--forText" src="https://abs.twimg.com/emoji/v2/72x72/1f60a.png" draggable="false" alt="]]>😊<![CDATA[" title="Smiling face with smiling eyes" aria-label="Emoji: Smiling face with smiling eyes">]]></document>
		<document id="423795219692523520" url="https://twitter.com/A_Valenzuela/status/423795219692523520"><![CDATA[<a href="/VickyBol" class="twitter-atreply pretty-link js-nav" dir="ltr" data-mentioned-user-id="83337141" ><s>@</s><b>VickyBol</b></a> jajaja <img class="Emoji Emoji--forText" src="https://abs.twimg.com/emoji/v2/72x72/1f601.png" draggable="false" alt="]]>😁<![CDATA[" title="Grinning face with smiling eyes" aria-label="Emoji: Grinning face with smiling eyes">]]></document>
		<document id="423899501930504192" url="https://twitter.com/A_Valenzuela/status/423899501930504192"><![CDATA[<a href="/pflis" class="twitter-atreply pretty-link js-nav" dir="ltr" data-mentioned-user-id="95232591" ><s>@</s><b>pflis</b></a> <a href="/elqudsi" class="twitter-atreply pretty-link js-nav" dir="ltr" data-mentioned-user-id="5765372" ><s>@</s><b>elqudsi</b></a> <a href="/Jwdith" class="twitter-atreply pretty-link js-nav" dir="ltr" data-mentioned-user-id="196989004" ><s>@</s><b>Jwdith</b></a> <a href="/Virginiapalonso" class="twitter-atreply pretty-link js-nav" dir="ltr" data-mentioned-user-id="18944456" ><s>@</s><b>Virginiapalonso</b></a> <a href="/franciscopolo" class="twitter-atreply pretty-link js-nav" dir="ltr" data-mentioned-user-id="8328922" ><s>@</s><b>franciscopolo</b></a> <a href="/SmartDaysOVD" class="twitter-atreply pretty-link js-nav" dir="ltr" data-mentioned-user-id="2218138652" ><s>@</s><b>SmartDaysOVD</b></a> <img class="Emoji Emoji--forText" src="https://abs.twimg.com/emoji/v2/72x72/1f60a.png" draggable="false" alt="]]>😊<![CDATA[" title="Smiling face with smiling eyes" aria-label="Emoji: Smiling face with smiling eyes"><img class="Emoji Emoji--forText" src="https://abs.twimg.com/emoji/v2/72x72/1f44d.png" draggable="false" alt="]]>👍<![CDATA[" title="Thumbs up sign" aria-label="Emoji: Thumbs up sign">beso!!]]></document>
		<document id="424193788085825536" url="https://twitter.com/A_Valenzuela/status/424193788085825536"><![CDATA[<a href="/radio5_rne" class="twitter-atreply pretty-link js-nav" dir="ltr" data-mentioned-user-id="57779483" ><s>@</s><b>radio5_rne</b></a> <img class="Emoji Emoji--forText" src="https://abs.twimg.com/emoji/v2/72x72/1f60d.png" draggable="false" alt="]]>😍<![CDATA[" title="Smiling face with heart-shaped eyes" aria-label="Emoji: Smiling face with heart-shaped eyes"><img class="Emoji Emoji--forText" src="https://abs.twimg.com/emoji/v2/72x72/1f60d.png" draggable="false" alt="]]>😍<![CDATA[" title="Smiling face with heart-shaped eyes" aria-label="Emoji: Smiling face with heart-shaped eyes"><img class="Emoji Emoji--forText" src="https://abs.twimg.com/emoji/v2/72x72/1f60d.png" draggable="false" alt="]]>😍<![CDATA[" title="Smiling face with heart-shaped eyes" aria-label="Emoji: Smiling face with heart-shaped eyes"><img class="Emoji Emoji--forText" src="https://abs.twimg.com/emoji/v2/72x72/1f60d.png" draggable="false" alt="]]>😍<![CDATA[" title="Smiling face with heart-shaped eyes" aria-label="Emoji: Smiling face with heart-shaped eyes">]]></document>
		<document id="424522201312665601" url="https://twitter.com/A_Valenzuela/status/424522201312665601"><![CDATA[Familia inuit. Alaska. 1929. Por Edward Sheriff Curtis<a href="http://t.co/2A5jySh8ZY" class="twitter-timeline-link u-hidden" data-pre-embedded="true" dir="ltr" >pic.twitter.com/2A5jySh8ZY</a>]]></document>
		<document id="424959212024655872" url="https://twitter.com/A_Valenzuela/status/424959212024655872"><![CDATA[<a href="/Sonicando" class="twitter-atreply pretty-link js-nav" dir="ltr" data-mentioned-user-id="78017381" ><s>@</s><b>Sonicando</b></a> foto foto!!!]]></document>
		<document id="424971701336539136" url="https://twitter.com/A_Valenzuela/status/424971701336539136"><![CDATA[Mañana despierta la sonda Rosetta <a href="http://t.co/eLASriRwRz" rel="nofollow noopener" dir="ltr" data-expanded-url="http://www.rtve.es/a/2318157/" class="twitter-timeline-link" target="_blank" title="http://www.rtve.es/a/2318157/" ><span class="tco-ellipsis"></span><span class="invisible">http://www.</span><span class="js-display-url">rtve.es/a/2318157/</span><span class="invisible"></span><span class="tco-ellipsis"><span class="invisible">&nbsp;</span></span></a> <a href="/hashtag/WakeUpRosetta?src=hash" data-query-source="hashtag_click" class="twitter-hashtag pretty-link js-nav" dir="ltr" ><s>#</s><b>WakeUpRosetta</b></a>]]></document>
		<document id="424972305744134144" url="https://twitter.com/A_Valenzuela/status/424972305744134144"><![CDATA[<a href="/Sonicando" class="twitter-atreply pretty-link js-nav" dir="ltr" data-mentioned-user-id="78017381" ><s>@</s><b>Sonicando</b></a> qué chulada!!!]]></document>
		<document id="425291559458709504" url="https://twitter.com/A_Valenzuela/status/425291559458709504"><![CDATA[<a href="/jeronimo_prieto" class="twitter-atreply pretty-link js-nav" dir="ltr" data-mentioned-user-id="2298331404" ><s>@</s><b>jeronimo_prieto</b></a> <a href="/radio5_rne" class="twitter-atreply pretty-link js-nav" dir="ltr" data-mentioned-user-id="57779483" ><s>@</s><b>radio5_rne</b></a> jajajaj]]></document>
		<document id="425293797606436864" url="https://twitter.com/A_Valenzuela/status/425293797606436864"><![CDATA[<a href="/hashtag/Curiosity?src=hash" data-query-source="hashtag_click" class="twitter-hashtag pretty-link js-nav" dir="ltr" ><s>#</s><b>Curiosity</b></a> 
__      __ 
(_O/ \O_) 
      ||    _______ 
      ||__|☼=   | \  || 
       ▓|░[__|〔__| 
    (::::)::::)    (::::)::::)]]></document>
		<document id="425321011710398464" url="https://twitter.com/A_Valenzuela/status/425321011710398464"><![CDATA[Podéis ver aquí en directo si llega o no la señal de Rosetta :))))) <a href="http://t.co/BMuJEXWa0R" rel="nofollow noopener" dir="ltr" data-expanded-url="http://bit.ly/1avyiOJ" class="twitter-timeline-link" target="_blank" title="http://bit.ly/1avyiOJ" ><span class="tco-ellipsis"></span><span class="invisible">http://</span><span class="js-display-url">bit.ly/1avyiOJ</span><span class="invisible"></span><span class="tco-ellipsis"><span class="invisible">&nbsp;</span></span></a>  <a href="/hashtag/WakeUpRosetta?src=hash" data-query-source="hashtag_click" class="twitter-hashtag pretty-link js-nav" dir="ltr" ><s>#</s><b>WakeUpRosetta</b></a>]]></document>
		<document id="425354516980981760" url="https://twitter.com/A_Valenzuela/status/425354516980981760"><![CDATA[<a href="/olavgm" class="twitter-atreply pretty-link js-nav" dir="ltr" data-mentioned-user-id="20015433" ><s>@</s><b>olavgm</b></a> jijijij]]></document>
		<document id="425364673333309440" url="https://twitter.com/A_Valenzuela/status/425364673333309440"><![CDATA[<a href="/borjateran" class="twitter-atreply pretty-link js-nav" dir="ltr" data-mentioned-user-id="45834574" ><s>@</s><b>borjateran</b></a> ay.]]></document>
		<document id="425365763185463296" url="https://twitter.com/A_Valenzuela/status/425365763185463296"><![CDATA[<a href="/kurioso" class="twitter-atreply pretty-link js-nav" dir="ltr" data-mentioned-user-id="17185251" ><s>@</s><b>kurioso</b></a> ay por dios]]></document>
		<document id="425366943160623104" url="https://twitter.com/A_Valenzuela/status/425366943160623104"><![CDATA[<a href="/Taramonication" class="twitter-atreply pretty-link js-nav" dir="ltr" data-mentioned-user-id="237655097" ><s>@</s><b>Taramonication</b></a> galaxia hortera.]]></document>
		<document id="425369744926322688" url="https://twitter.com/A_Valenzuela/status/425369744926322688"><![CDATA[<a href="/Taramonication" class="twitter-atreply pretty-link js-nav" dir="ltr" data-mentioned-user-id="237655097" ><s>@</s><b>Taramonication</b></a> <img class="Emoji Emoji--forText" src="https://abs.twimg.com/emoji/v2/72x72/1f601.png" draggable="false" alt="]]>😁<![CDATA[" title="Grinning face with smiling eyes" aria-label="Emoji: Grinning face with smiling eyes">]]></document>
		<document id="425381578059956224" url="https://twitter.com/A_Valenzuela/status/425381578059956224"><![CDATA[Posiblemente tengáis una pesadilla esta noche si veis esta peli de terror de 6 segundos <a href="http://t.co/aH7z3DOk1N" rel="nofollow noopener" dir="ltr" data-expanded-url="http://coctel-de-ciencias.blogs.quo.es/2014/01/20/una-peli-de-terror-de-6-segundos/" class="twitter-timeline-link" target="_blank" title="http://coctel-de-ciencias.blogs.quo.es/2014/01/20/una-peli-de-terror-de-6-segundos/" ><span class="tco-ellipsis"></span><span class="invisible">http://</span><span class="js-display-url">coctel-de-ciencias.blogs.quo.es/2014/01/20/una</span><span class="invisible">-peli-de-terror-de-6-segundos/</span><span class="tco-ellipsis"><span class="invisible">&nbsp;</span>…</span></a> Muahahaaa]]></document>
		<document id="425551175887253504" url="https://twitter.com/A_Valenzuela/status/425551175887253504"><![CDATA[<a href="/galansalcedo" class="twitter-atreply pretty-link js-nav" dir="ltr" data-mentioned-user-id="96587381" ><s>@</s><b>galansalcedo</b></a> jijijij]]></document>
		<document id="425551722547650560" url="https://twitter.com/A_Valenzuela/status/425551722547650560"><![CDATA[<a href="/QuoRevista" class="twitter-atreply pretty-link js-nav" dir="ltr" data-mentioned-user-id="44585286" ><s>@</s><b>QuoRevista</b></a> oohhhh :)]]></document>
		<document id="425706878446731264" url="https://twitter.com/A_Valenzuela/status/425706878446731264"><![CDATA[<a href="/wicho" class="twitter-atreply pretty-link js-nav" dir="ltr" data-mentioned-user-id="1776671" ><s>@</s><b>wicho</b></a> <a href="/lagamez" class="twitter-atreply pretty-link js-nav" dir="ltr" data-mentioned-user-id="16694719" ><s>@</s><b>lagamez</b></a> lejos de mi, bichos!]]></document>
		<document id="425708740768063488" url="https://twitter.com/A_Valenzuela/status/425708740768063488"><![CDATA[<a href="/wicho" class="twitter-atreply pretty-link js-nav" dir="ltr" data-mentioned-user-id="1776671" ><s>@</s><b>wicho</b></a> <a href="/alebori" class="twitter-atreply pretty-link js-nav" dir="ltr" data-mentioned-user-id="16221171" ><s>@</s><b>alebori</b></a> <a href="/lagamez" class="twitter-atreply pretty-link js-nav" dir="ltr" data-mentioned-user-id="16694719" ><s>@</s><b>lagamez</b></a> aggghhhhh]]></document>
		<document id="425708807663017984" url="https://twitter.com/A_Valenzuela/status/425708807663017984"><![CDATA[<a href="/alebori" class="twitter-atreply pretty-link js-nav" dir="ltr" data-mentioned-user-id="16221171" ><s>@</s><b>alebori</b></a> <a href="/wicho" class="twitter-atreply pretty-link js-nav" dir="ltr" data-mentioned-user-id="1776671" ><s>@</s><b>wicho</b></a> <a href="/lagamez" class="twitter-atreply pretty-link js-nav" dir="ltr" data-mentioned-user-id="16694719" ><s>@</s><b>lagamez</b></a> jajaja]]></document>
		<document id="425904886606471168" url="https://twitter.com/A_Valenzuela/status/425904886606471168"><![CDATA[<a href="/QuoRevista" class="twitter-atreply pretty-link js-nav" dir="ltr" data-mentioned-user-id="44585286" ><s>@</s><b>QuoRevista</b></a> Good morning!!]]></document>
		<document id="425905347757637632" url="https://twitter.com/A_Valenzuela/status/425905347757637632"><![CDATA[<a href="/pmarsupia" class="twitter-atreply pretty-link js-nav" dir="ltr" data-mentioned-user-id="39483072" ><s>@</s><b>pmarsupia</b></a> genial]]></document>
		<document id="425905761299230720" url="https://twitter.com/A_Valenzuela/status/425905761299230720"><![CDATA[<a href="/bidatzi" class="twitter-atreply pretty-link js-nav" dir="ltr" data-mentioned-user-id="13953912" ><s>@</s><b>bidatzi</b></a> <a href="/pmarsupia" class="twitter-atreply pretty-link js-nav" dir="ltr" data-mentioned-user-id="39483072" ><s>@</s><b>pmarsupia</b></a> jajaja]]></document>
		<document id="425952600521834496" url="https://twitter.com/A_Valenzuela/status/425952600521834496"><![CDATA[<a href="/edmldmv" class="twitter-atreply pretty-link js-nav" dir="ltr" data-mentioned-user-id="2149197871" ><s>@</s><b>edmldmv</b></a> vamooooooooossssss!!! :)]]></document>
		<document id="426089208092950528" url="https://twitter.com/A_Valenzuela/status/426089208092950528"><![CDATA[<a href="/QuantumFracture" class="twitter-atreply pretty-link js-nav" dir="ltr" data-mentioned-user-id="784488566" ><s>@</s><b>QuantumFracture</b></a> mi alumno favorito!!]]></document>
		<document id="426302544479277057" url="https://twitter.com/A_Valenzuela/status/426302544479277057"><![CDATA[<a href="/vanesuki" class="twitter-atreply pretty-link js-nav" dir="ltr" data-mentioned-user-id="7376952" ><s>@</s><b>vanesuki</b></a> :)))))))]]></document>
	</documents>
</author>