<?xml version="1.0" encoding="UTF-8" standalone="no"?><author age_group="xx" gender="xx" lang="EN" type="twitter" url="https://twitter.com/nagodelos">
	<documents count="100">
		<document id="255708839297576960" url="https://twitter.com/nagodelos/status/255708839297576960"><![CDATA[.<a href="/Nagodelos" class="twitter-atreply pretty-link js-nav" dir="ltr" data-mentioned-user-id="148264145" ><s>@</s><b>nagodelos</b></a> se explica, <a href="http://t.co/kszW0uHs" rel="nofollow noopener" dir="ltr" data-expanded-url="http://bit.ly/RL96g9" class="twitter-timeline-link" target="_blank" title="http://bit.ly/RL96g9" ><span class="tco-ellipsis"></span><span class="invisible">http://</span><span class="js-display-url">bit.ly/RL96g9</span><span class="invisible"></span><span class="tco-ellipsis"><span class="invisible">&nbsp;</span></span></a>]]></document>
		<document id="258459828039593985" url="https://twitter.com/nagodelos/status/258459828039593985"><![CDATA[Your daily TEDxTalk: The 3 principles for bottom-up DEMOCRACIES <a href="http://t.co/End26TCI" rel="nofollow noopener" dir="ltr" data-expanded-url="http://tedxtalks.ted.com/video/Como-he-abierto-un-gobierno-Nag;Featured-Talks" class="twitter-timeline-link" target="_blank" title="http://tedxtalks.ted.com/video/Como-he-abierto-un-gobierno-Nag;Featured-Talks" ><span class="tco-ellipsis"></span><span class="invisible">http://</span><span class="js-display-url">tedxtalks.ted.com/video/Como-he-</span><span class="invisible">abierto-un-gobierno-Nag;Featured-Talks</span><span class="tco-ellipsis"><span class="invisible">&nbsp;</span>…</span></a> Thanks <a href="/Ted" class="twitter-atreply pretty-link js-nav" dir="ltr" data-mentioned-user-id="2941831" ><s>@</s><b>TED</b></a>]]></document>
		<document id="260869853152440320" url="https://twitter.com/nagodelos/status/260869853152440320"><![CDATA[<a href="http://t.co/7q1Je7oS" rel="nofollow noopener" dir="ltr" data-expanded-url="http://www.youtube.com/watch?v=COn0elNYCgU&amp;feature=relmfu" class="twitter-timeline-link" target="_blank" title="http://www.youtube.com/watch?v=COn0elNYCgU&amp;feature=relmfu" ><span class="tco-ellipsis"></span><span class="invisible">http://www.</span><span class="js-display-url">youtube.com/watch?v=COn0el</span><span class="invisible">NYCgU&amp;feature=relmfu</span><span class="tco-ellipsis"><span class="invisible">&nbsp;</span>…</span></a> <a href="/goteofunding" class="twitter-atreply pretty-link js-nav" dir="ltr" data-mentioned-user-id="338255079" ><s>@</s><b>goteofunding</b></a>]]></document>
		<document id="266345148269608960" url="https://twitter.com/nagodelos/status/266345148269608960"><![CDATA[I just unlocked the &quot;Shutterbug&quot; badge on <a href="/Foursquare" class="twitter-atreply pretty-link js-nav" dir="ltr" data-mentioned-user-id="804341497441255424" ><s>@</s><b>foursquare</b></a> for adding photos to my check-ins. Say cheese! <a href="http://t.co/c8ClIgr2" rel="nofollow noopener" dir="ltr" data-expanded-url="http://4sq.com/RXMiag" class="twitter-timeline-link" target="_blank" title="http://4sq.com/RXMiag" ><span class="tco-ellipsis"></span><span class="invisible">http://</span><span class="js-display-url">4sq.com/RXMiag</span><span class="invisible"></span><span class="tco-ellipsis"><span class="invisible">&nbsp;</span></span></a>]]></document>
		<document id="267236985180139520" url="https://twitter.com/nagodelos/status/267236985180139520"><![CDATA[The # OGov required reading. A book that @ redmatriz makes us all easier to share the principles of T,P&amp;C. <a href="/hashtag/Odata?src=hash" data-query-source="hashtag_click" class="twitter-hashtag pretty-link js-nav" dir="ltr" ><s>#</s><b>Odata</b></a> <a href="http://t.co/hxsNc0su" rel="nofollow noopener" dir="ltr" data-expanded-url="http://idbdocs.iadb.org/wsdocs/getdocument.aspx?docnum=37245826" class="twitter-timeline-link" target="_blank" title="http://idbdocs.iadb.org/wsdocs/getdocument.aspx?docnum=37245826" ><span class="tco-ellipsis"></span><span class="invisible">http://</span><span class="js-display-url">idbdocs.iadb.org/wsdocs/getdocu</span><span class="invisible">ment.aspx?docnum=37245826</span><span class="tco-ellipsis"><span class="invisible">&nbsp;</span>…</span></a>]]></document>
		<document id="267367566224289792" url="https://twitter.com/nagodelos/status/267367566224289792"><![CDATA[Para ayudar a <a href="/AccessInfo" class="twitter-atreply pretty-link js-nav" dir="ltr" data-mentioned-user-id="30040179" ><s>@</s><b>accessinfo</b></a> <a href="/helen_access" class="twitter-atreply pretty-link js-nav" dir="ltr" data-mentioned-user-id="107083701" ><s>@</s><b>helen_access</b></a> <a href="/vickyande" class="twitter-atreply pretty-link js-nav" dir="ltr" data-mentioned-user-id="349082490" ><s>@</s><b>vickyande</b></a>  <a href="http://t.co/ZGjZaUaF" rel="nofollow noopener" dir="ltr" data-expanded-url="http://www.access-info.org/es/coalicion-pro-acceso/296-tribunal-supremo" class="twitter-timeline-link" target="_blank" title="http://www.access-info.org/es/coalicion-pro-acceso/296-tribunal-supremo" ><span class="tco-ellipsis"></span><span class="invisible">http://www.</span><span class="js-display-url">access-info.org/es/coalicion-p</span><span class="invisible">ro-acceso/296-tribunal-supremo</span><span class="tco-ellipsis"><span class="invisible">&nbsp;</span>…</span></a>]]></document>
		<document id="267432052641636352" url="https://twitter.com/nagodelos/status/267432052641636352"><![CDATA[Nuevo spot de Open Gov, Open Data, Croudfunding y Croudsourcing via <a href="/Spotbros" class="twitter-atreply pretty-link js-nav" dir="ltr" data-mentioned-user-id="292480409" ><s>@</s><b>spotbros</b></a> <a href="http://t.co/KMqriFd6" rel="nofollow noopener" dir="ltr" data-expanded-url="http://sbmail.me/?s=0f51141d3100941c6745edc25ed8f779&amp;t=3600000&amp;l=es" class="twitter-timeline-link" target="_blank" title="http://sbmail.me/?s=0f51141d3100941c6745edc25ed8f779&amp;t=3600000&amp;l=es" ><span class="tco-ellipsis"></span><span class="invisible">http://</span><span class="js-display-url">sbmail.me/?s=0f51141d310</span><span class="invisible">0941c6745edc25ed8f779&amp;t=3600000&amp;l=es</span><span class="tco-ellipsis"><span class="invisible">&nbsp;</span>…</span></a>]]></document>
		<document id="268677390463557632" url="https://twitter.com/nagodelos/status/268677390463557632"><![CDATA[Congreso internacional de ciberperiodismo y web 2.0 <a href="/hashtag/ciberpebi?src=hash" data-query-source="hashtag_click" class="twitter-hashtag pretty-link js-nav" dir="ltr" ><s>#</s><b>ciberpebi</b></a> (@ Bizkaia Aretoa EHU-UPV w/ 2 others)<a href="http://t.co/TbNppZU5" rel="nofollow noopener" dir="ltr" data-expanded-url="http://4sq.com/RTrfZV" class="twitter-timeline-link u-hidden" target="_blank" title="http://4sq.com/RTrfZV" ><span class="tco-ellipsis"></span><span class="invisible">http://</span><span class="js-display-url">4sq.com/RTrfZV</span><span class="invisible"></span><span class="tco-ellipsis"><span class="invisible">&nbsp;</span></span></a>]]></document>
		<document id="269012792332402689" url="https://twitter.com/nagodelos/status/269012792332402689"><![CDATA[Os invita <a href="/mgarrigap" class="twitter-atreply pretty-link js-nav" dir="ltr" data-mentioned-user-id="16999848" ><s>@</s><b>mgarrigap</b></a> a conocer <a href="/icityproject" class="twitter-atreply pretty-link js-nav" dir="ltr" data-mentioned-user-id="609801938" ><s>@</s><b>icityproject</b></a> en <a href="/hashtag/SmartCityExpo?src=hash" data-query-source="hashtag_click" class="twitter-hashtag pretty-link js-nav" dir="ltr" ><s>#</s><b>SmartCityExpo</b></a> Wanted smart ideas Let&#39;s talk <a href="/javicreus" class="twitter-atreply pretty-link js-nav" dir="ltr" data-mentioned-user-id="300958529" ><s>@</s><b>javicreus</b></a><a href="http://t.co/YVtP3a4X" rel="nofollow noopener" dir="ltr" data-expanded-url="http://4sq.com/XHWwTd" class="twitter-timeline-link u-hidden" target="_blank" title="http://4sq.com/XHWwTd" ><span class="tco-ellipsis"></span><span class="invisible">http://</span><span class="js-display-url">4sq.com/XHWwTd</span><span class="invisible"></span><span class="tco-ellipsis"><span class="invisible">&nbsp;</span></span></a>]]></document>
		<document id="269082456911671297" url="https://twitter.com/nagodelos/status/269082456911671297"><![CDATA[great!“<a href="/marabales" class="twitter-atreply pretty-link js-nav" dir="ltr" data-mentioned-user-id="6721492" ><s>@</s><b>marabales</b></a>: The <a href="/hashtag/appcircus?src=hash" data-query-source="hashtag_click" class="twitter-hashtag pretty-link js-nav" dir="ltr" ><s>#</s><b>appcircus</b></a> jury <a href="/hashtag/smartcityexpo?src=hash" data-query-source="hashtag_click" class="twitter-hashtag pretty-link js-nav" dir="ltr" ><s>#</s><b>smartcityexpo</b></a> <a href="http://t.co/ecXUEhlR" class="twitter-timeline-link u-hidden" data-pre-embedded="true" dir="ltr" >pic.twitter.com/ecXUEhlR</a>”]]></document>
		<document id="269088294653022208" url="https://twitter.com/nagodelos/status/269088294653022208"><![CDATA[We love it! Good luck Nacho Sanchez! “<a href="/marabales" class="twitter-atreply pretty-link js-nav" dir="ltr" data-mentioned-user-id="6721492" ><s>@</s><b>marabales</b></a>:  <a href="/hashtag/appcircus?src=hash" data-query-source="hashtag_click" class="twitter-hashtag pretty-link js-nav" dir="ltr" ><s>#</s><b>appcircus</b></a> <a href="/hashtag/smartcityexpo?src=hash" data-query-source="hashtag_click" class="twitter-hashtag pretty-link js-nav" dir="ltr" ><s>#</s><b>smartcityexpo</b></a> <a href="http://t.co/qysQf1zj" class="twitter-timeline-link u-hidden" data-pre-embedded="true" dir="ltr" >pic.twitter.com/qysQf1zj</a>”]]></document>
		<document id="269143776654659584" url="https://twitter.com/nagodelos/status/269143776654659584"><![CDATA[+1 “<a href="/JohnFMoore" class="twitter-atreply pretty-link js-nav" dir="ltr" data-mentioned-user-id="376523316" ><s>@</s><b>JohnFMoore</b></a>: <a href="/mgarrigap" class="twitter-atreply pretty-link js-nav" dir="ltr" data-mentioned-user-id="16999848" ><s>@</s><b>mgarrigap</b></a> <a href="/Nagodelos" class="twitter-atreply pretty-link js-nav" dir="ltr" data-mentioned-user-id="148264145" ><s>@</s><b>Nagodelos</b></a> Excellent results my friends! :-)”]]></document>
		<document id="269144050739847168" url="https://twitter.com/nagodelos/status/269144050739847168"><![CDATA[<a href="/JohnFMoore" class="twitter-atreply pretty-link js-nav" dir="ltr" data-mentioned-user-id="376523316" ><s>@</s><b>JohnFMoore</b></a> sure! We&#39;ll be in touch! ;)]]></document>
		<document id="272037432101306368" url="https://twitter.com/nagodelos/status/272037432101306368"><![CDATA[Comienza en gran <a href="/alorza" class="twitter-atreply pretty-link js-nav" dir="ltr" data-mentioned-user-id="6129672" ><s>@</s><b>alorza</b></a> con su modelo Ludo de Gobierno Abierto. Echamos de menos a <a href="/Nagodelos" class="twitter-atreply pretty-link js-nav" dir="ltr" data-mentioned-user-id="148264145" ><s>@</s><b>nagodelos</b></a> <a href="/hashtag/OpenDataSev?src=hash" data-query-source="hashtag_click" class="twitter-hashtag pretty-link js-nav" dir="ltr" ><s>#</s><b>OpenDataSev</b></a><a href="http://t.co/vPRrG1JR" class="twitter-timeline-link u-hidden" data-pre-embedded="true" dir="ltr" >pic.twitter.com/vPRrG1JR</a>]]></document>
		<document id="274644732888616960" url="https://twitter.com/nagodelos/status/274644732888616960"><![CDATA[I&#39;m at World Bank (Washington, DC)<a href="http://t.co/5lUYUYJe" rel="nofollow noopener" dir="ltr" data-expanded-url="http://4sq.com/Txp27N" class="twitter-timeline-link u-hidden" target="_blank" title="http://4sq.com/Txp27N" ><span class="tco-ellipsis"></span><span class="invisible">http://</span><span class="js-display-url">4sq.com/Txp27N</span><span class="invisible"></span><span class="tco-ellipsis"><span class="invisible">&nbsp;</span></span></a>]]></document>
		<document id="276459777008234496" url="https://twitter.com/nagodelos/status/276459777008234496"><![CDATA[I&#39;m at United Nations Development Programme (UNDP) (New York, NY)<a href="http://t.co/RHQUEih7" rel="nofollow noopener" dir="ltr" data-expanded-url="http://4sq.com/TD9EmJ" class="twitter-timeline-link u-hidden" target="_blank" title="http://4sq.com/TD9EmJ" ><span class="tco-ellipsis"></span><span class="invisible">http://</span><span class="js-display-url">4sq.com/TD9EmJ</span><span class="invisible"></span><span class="tco-ellipsis"><span class="invisible">&nbsp;</span></span></a>]]></document>
		<document id="276713848143220737" url="https://twitter.com/nagodelos/status/276713848143220737"><![CDATA[Pensando en 3D (@ 3DEA: 3D Holiday Pop Up Store) [pic]:<a href="http://t.co/YkQaoxMC" rel="nofollow noopener" dir="ltr" data-expanded-url="http://4sq.com/SAyGEq" class="twitter-timeline-link u-hidden" target="_blank" title="http://4sq.com/SAyGEq" ><span class="tco-ellipsis"></span><span class="invisible">http://</span><span class="js-display-url">4sq.com/SAyGEq</span><span class="invisible"></span><span class="tco-ellipsis"><span class="invisible">&nbsp;</span></span></a>]]></document>
		<document id="282030317576003585" url="https://twitter.com/nagodelos/status/282030317576003585"><![CDATA[&quot;Unfortunately I must inform you that we will not continue the selection procedure with you.&quot; Despertar así el 2º día de parada no anima na!]]></document>
		<document id="292050775708934144" url="https://twitter.com/nagodelos/status/292050775708934144"><![CDATA[Hackathon{YAN} 2012: winners are announced :)<a href="http://t.co/02sfifdr" rel="nofollow noopener" dir="ltr" data-expanded-url="http://flip.it/0UWhJ" class="twitter-timeline-link u-hidden" target="_blank" title="http://flip.it/0UWhJ" ><span class="tco-ellipsis"></span><span class="invisible">http://</span><span class="js-display-url">flip.it/0UWhJ</span><span class="invisible"></span><span class="tco-ellipsis"><span class="invisible">&nbsp;</span></span></a>]]></document>
		<document id="298713651085447168" url="https://twitter.com/nagodelos/status/298713651085447168"><![CDATA[Prezi: consigue resultados diferentes con presentaciones diferentes (@ Bizkaia Enpresa Digitala)<a href="http://t.co/vIWfrDFJ" rel="nofollow noopener" dir="ltr" data-expanded-url="http://4sq.com/WqfFq1" class="twitter-timeline-link u-hidden" target="_blank" title="http://4sq.com/WqfFq1" ><span class="tco-ellipsis"></span><span class="invisible">http://</span><span class="js-display-url">4sq.com/WqfFq1</span><span class="invisible"></span><span class="tco-ellipsis"><span class="invisible">&nbsp;</span></span></a>]]></document>
		<document id="333250096881876992" url="https://twitter.com/nagodelos/status/333250096881876992"><![CDATA[Tras encontrar ofertas en @Boletus_network con <a href="/kepaapraiz" class="twitter-atreply pretty-link js-nav" dir="ltr" data-mentioned-user-id="348980987" ><s>@</s><b>kepaapraiz</b></a> nos vamos a buscar look en <a href="/buscolook" class="twitter-atreply pretty-link js-nav" dir="ltr" data-mentioned-user-id="282076402" ><s>@</s><b>buscolook</b></a> con <a href="/Mfdezuazo" class="twitter-atreply pretty-link js-nav" dir="ltr" data-mentioned-user-id="245716744" ><s>@</s><b>Mfdezuazo</b></a> <a href="/hashtag/EBEuskadi13?src=hash" data-query-source="hashtag_click" class="twitter-hashtag pretty-link js-nav" dir="ltr" ><s>#</s><b>EBEuskadi13</b></a>]]></document>
		<document id="349613666896850945" url="https://twitter.com/nagodelos/status/349613666896850945"><![CDATA[I congratulated <a href="/DirDigEng" class="twitter-atreply pretty-link js-nav" dir="ltr" data-mentioned-user-id="39713727" ><s>@</s><b>DirDigEng</b></a> for his wonderful OpenData methodology for <a href="/WorldBank" class="twitter-atreply pretty-link js-nav" dir="ltr" data-mentioned-user-id="27860681" ><s>@</s><b>worldbank</b></a>. <a href="/alorza" class="twitter-atreply pretty-link js-nav" dir="ltr" data-mentioned-user-id="6129672" ><s>@</s><b>alorza</b></a>  <a href="http://t.co/LuguivCEJ1" rel="nofollow noopener" dir="ltr" data-expanded-url="http://data.worldbank.org/about/open-government-data-toolkit/readiness-assessment-tool" class="twitter-timeline-link" target="_blank" title="http://data.worldbank.org/about/open-government-data-toolkit/readiness-assessment-tool" ><span class="tco-ellipsis"></span><span class="invisible">http://</span><span class="js-display-url">data.worldbank.org/about/open-gov</span><span class="invisible">ernment-data-toolkit/readiness-assessment-tool</span><span class="tco-ellipsis"><span class="invisible">&nbsp;</span>…</span></a>]]></document>
		<document id="352063695708356609" url="https://twitter.com/nagodelos/status/352063695708356609"><![CDATA[The Vatican had zero changes to street geometry in the past year. Zip. None. Nessuno. -<a href="http://t.co/izUWsJlIuw" rel="nofollow noopener" dir="ltr" data-expanded-url="http://cdb.io/1aynxis" class="twitter-timeline-link u-hidden" target="_blank" title="http://cdb.io/1aynxis" ><span class="tco-ellipsis"></span><span class="invisible">http://</span><span class="js-display-url">cdb.io/1aynxis</span><span class="invisible"></span><span class="tco-ellipsis"><span class="invisible">&nbsp;</span></span></a>]]></document>
		<document id="353070354480119809" url="https://twitter.com/nagodelos/status/353070354480119809"><![CDATA[Ezio Manzini &quot;Social innovation: Ideas that work in solving social problems, and do it in socially relevant ways&quot; <a href="/hashtag/Fadfest?src=hash" data-query-source="hashtag_click" class="twitter-hashtag pretty-link js-nav" dir="ltr" ><s>#</s><b>Fadfest</b></a>]]></document>
		<document id="358187096810340353" url="https://twitter.com/nagodelos/status/358187096810340353"><![CDATA[Check out Teatro Romano on <a href="/Foursquare" class="twitter-atreply pretty-link js-nav" dir="ltr" data-mentioned-user-id="804341497441255424" ><s>@</s><b>foursquare</b></a>:<a href="http://t.co/kQVcPmJqqd" rel="nofollow noopener" dir="ltr" data-expanded-url="http://4sq.com/se6JCE" class="twitter-timeline-link u-hidden" target="_blank" title="http://4sq.com/se6JCE" ><span class="tco-ellipsis"></span><span class="invisible">http://</span><span class="js-display-url">4sq.com/se6JCE</span><span class="invisible"></span><span class="tco-ellipsis"><span class="invisible">&nbsp;</span></span></a>]]></document>
		<document id="359796619518017536" url="https://twitter.com/nagodelos/status/359796619518017536"><![CDATA[I&#39;m at Generator Hostel Dublin (Dublin)<a href="http://t.co/RgmLkSPgIR" rel="nofollow noopener" dir="ltr" data-expanded-url="http://4sq.com/16XO5D9" class="twitter-timeline-link u-hidden" target="_blank" title="http://4sq.com/16XO5D9" ><span class="tco-ellipsis"></span><span class="invisible">http://</span><span class="js-display-url">4sq.com/16XO5D9</span><span class="invisible"></span><span class="tco-ellipsis"><span class="invisible">&nbsp;</span></span></a>]]></document>
		<document id="362279012506152960" url="https://twitter.com/nagodelos/status/362279012506152960"><![CDATA[Start up  Meet up. <a href="/mhop" class="twitter-atreply pretty-link js-nav" dir="ltr" data-mentioned-user-id="14111315" ><s>@</s><b>mhop</b></a> (@ MacTurcaill&#39;s) [pic]:<a href="https://t.co/w9vrqlPEU8" rel="nofollow noopener" dir="ltr" data-expanded-url="https://foursquare.com/nagodelos/checkin/51f80620498e852dc87c7e8f?s=afCmyx-mZt9FI93LwfaQTA7DYcc&amp;ref=tw" class="twitter-timeline-link u-hidden" target="_blank" title="https://foursquare.com/nagodelos/checkin/51f80620498e852dc87c7e8f?s=afCmyx-mZt9FI93LwfaQTA7DYcc&amp;ref=tw" ><span class="tco-ellipsis"></span><span class="invisible">https://</span><span class="js-display-url">foursquare.com/nagodelos/chec</span><span class="invisible">kin/51f80620498e852dc87c7e8f?s=afCmyx-mZt9FI93LwfaQTA7DYcc&amp;ref=tw</span><span class="tco-ellipsis"><span class="invisible">&nbsp;</span>…</span></a>]]></document>
		<document id="375342522135900160" url="https://twitter.com/nagodelos/status/375342522135900160"><![CDATA[Help shape the future of EU internet-driven business, sign the manifesto. <a href="http://t.co/8BAZf8N7Ik" rel="nofollow noopener" dir="ltr" data-expanded-url="http://press.startupmanifesto.eu/57817-startup-leaders-launch-call-to-action-to-boost-internet-driven-economic-growth-across-europe" class="twitter-timeline-link" target="_blank" title="http://press.startupmanifesto.eu/57817-startup-leaders-launch-call-to-action-to-boost-internet-driven-economic-growth-across-europe" ><span class="tco-ellipsis"></span><span class="invisible">http://</span><span class="js-display-url">press.startupmanifesto.eu/57817-startup-</span><span class="invisible">leaders-launch-call-to-action-to-boost-internet-driven-economic-growth-across-europe</span><span class="tco-ellipsis"><span class="invisible">&nbsp;</span>…</span></a>]]></document>
		<document id="375343168369065984" url="https://twitter.com/nagodelos/status/375343168369065984"><![CDATA[Help internet-driven economic growth transform the lives of millions. <a href="http://t.co/nQceWyvLVq" rel="nofollow noopener" dir="ltr" data-expanded-url="http://startupmanifesto.eu/" class="twitter-timeline-link" target="_blank" title="http://startupmanifesto.eu/" ><span class="tco-ellipsis"></span><span class="invisible">http://</span><span class="js-display-url">startupmanifesto.eu</span><span class="invisible">/</span><span class="tco-ellipsis"><span class="invisible">&nbsp;</span></span></a> <a href="/hashtag/startupmanifesto?src=hash" data-query-source="hashtag_click" class="twitter-hashtag pretty-link js-nav" dir="ltr" ><s>#</s><b>startupmanifesto</b></a>]]></document>
		<document id="382266858407079936" url="https://twitter.com/nagodelos/status/382266858407079936"><![CDATA[The new NYC open data website. <a href="/hashtag/opendata?src=hash" data-query-source="hashtag_click" class="twitter-hashtag pretty-link js-nav" dir="ltr" ><s>#</s><b>opendata</b></a> <a href="/hashtag/opengov?src=hash" data-query-source="hashtag_click" class="twitter-hashtag pretty-link js-nav" dir="ltr" ><s>#</s><b>opengov</b></a> <a href="https://t.co/5OgAP7pah0" rel="nofollow noopener" dir="ltr" data-expanded-url="https://nycopendata.socrata.com/" class="twitter-timeline-link" target="_blank" title="https://nycopendata.socrata.com/" ><span class="tco-ellipsis"></span><span class="invisible">https://</span><span class="js-display-url">nycopendata.socrata.com</span><span class="invisible">/</span><span class="tco-ellipsis"><span class="invisible">&nbsp;</span></span></a>]]></document>
		<document id="399970293625929729" url="https://twitter.com/nagodelos/status/399970293625929729"><![CDATA[I&#39;m at Coworking Europe 2013 (Barcelona)<a href="http://t.co/rxPcZ5eiLj" rel="nofollow noopener" dir="ltr" data-expanded-url="http://4sq.com/1eEtYTp" class="twitter-timeline-link u-hidden" target="_blank" title="http://4sq.com/1eEtYTp" ><span class="tco-ellipsis"></span><span class="invisible">http://</span><span class="js-display-url">4sq.com/1eEtYTp</span><span class="invisible"></span><span class="tco-ellipsis"><span class="invisible">&nbsp;</span></span></a>]]></document>
		<document id="402385941014532096" url="https://twitter.com/nagodelos/status/402385941014532096"><![CDATA[<a href="/Nagodelos" class="twitter-atreply pretty-link js-nav" dir="ltr" data-mentioned-user-id="148264145" ><s>@</s><b>Nagodelos</b></a> hi, could we connect up at lunch at City Sense event?]]></document>
		<document id="255708839297576960" url="https://twitter.com/nagodelos/status/255708839297576960"><![CDATA[.<a href="/Nagodelos" class="twitter-atreply pretty-link js-nav" dir="ltr" data-mentioned-user-id="148264145" ><s>@</s><b>nagodelos</b></a> se explica, <a href="http://t.co/kszW0uHs" rel="nofollow noopener" dir="ltr" data-expanded-url="http://bit.ly/RL96g9" class="twitter-timeline-link" target="_blank" title="http://bit.ly/RL96g9" ><span class="tco-ellipsis"></span><span class="invisible">http://</span><span class="js-display-url">bit.ly/RL96g9</span><span class="invisible"></span><span class="tco-ellipsis"><span class="invisible">&nbsp;</span></span></a>]]></document>
		<document id="258459828039593985" url="https://twitter.com/nagodelos/status/258459828039593985"><![CDATA[Your daily TEDxTalk: The 3 principles for bottom-up DEMOCRACIES <a href="http://t.co/End26TCI" rel="nofollow noopener" dir="ltr" data-expanded-url="http://tedxtalks.ted.com/video/Como-he-abierto-un-gobierno-Nag;Featured-Talks" class="twitter-timeline-link" target="_blank" title="http://tedxtalks.ted.com/video/Como-he-abierto-un-gobierno-Nag;Featured-Talks" ><span class="tco-ellipsis"></span><span class="invisible">http://</span><span class="js-display-url">tedxtalks.ted.com/video/Como-he-</span><span class="invisible">abierto-un-gobierno-Nag;Featured-Talks</span><span class="tco-ellipsis"><span class="invisible">&nbsp;</span>…</span></a> Thanks <a href="/Ted" class="twitter-atreply pretty-link js-nav" dir="ltr" data-mentioned-user-id="2941831" ><s>@</s><b>TED</b></a>]]></document>
		<document id="260869853152440320" url="https://twitter.com/nagodelos/status/260869853152440320"><![CDATA[<a href="http://t.co/7q1Je7oS" rel="nofollow noopener" dir="ltr" data-expanded-url="http://www.youtube.com/watch?v=COn0elNYCgU&amp;feature=relmfu" class="twitter-timeline-link" target="_blank" title="http://www.youtube.com/watch?v=COn0elNYCgU&amp;feature=relmfu" ><span class="tco-ellipsis"></span><span class="invisible">http://www.</span><span class="js-display-url">youtube.com/watch?v=COn0el</span><span class="invisible">NYCgU&amp;feature=relmfu</span><span class="tco-ellipsis"><span class="invisible">&nbsp;</span>…</span></a> <a href="/goteofunding" class="twitter-atreply pretty-link js-nav" dir="ltr" data-mentioned-user-id="338255079" ><s>@</s><b>goteofunding</b></a>]]></document>
		<document id="266345148269608960" url="https://twitter.com/nagodelos/status/266345148269608960"><![CDATA[I just unlocked the &quot;Shutterbug&quot; badge on <a href="/Foursquare" class="twitter-atreply pretty-link js-nav" dir="ltr" data-mentioned-user-id="804341497441255424" ><s>@</s><b>foursquare</b></a> for adding photos to my check-ins. Say cheese! <a href="http://t.co/c8ClIgr2" rel="nofollow noopener" dir="ltr" data-expanded-url="http://4sq.com/RXMiag" class="twitter-timeline-link" target="_blank" title="http://4sq.com/RXMiag" ><span class="tco-ellipsis"></span><span class="invisible">http://</span><span class="js-display-url">4sq.com/RXMiag</span><span class="invisible"></span><span class="tco-ellipsis"><span class="invisible">&nbsp;</span></span></a>]]></document>
		<document id="267236985180139520" url="https://twitter.com/nagodelos/status/267236985180139520"><![CDATA[The # OGov required reading. A book that @ redmatriz makes us all easier to share the principles of T,P&amp;C. <a href="/hashtag/Odata?src=hash" data-query-source="hashtag_click" class="twitter-hashtag pretty-link js-nav" dir="ltr" ><s>#</s><b>Odata</b></a> <a href="http://t.co/hxsNc0su" rel="nofollow noopener" dir="ltr" data-expanded-url="http://idbdocs.iadb.org/wsdocs/getdocument.aspx?docnum=37245826" class="twitter-timeline-link" target="_blank" title="http://idbdocs.iadb.org/wsdocs/getdocument.aspx?docnum=37245826" ><span class="tco-ellipsis"></span><span class="invisible">http://</span><span class="js-display-url">idbdocs.iadb.org/wsdocs/getdocu</span><span class="invisible">ment.aspx?docnum=37245826</span><span class="tco-ellipsis"><span class="invisible">&nbsp;</span>…</span></a>]]></document>
		<document id="267367566224289792" url="https://twitter.com/nagodelos/status/267367566224289792"><![CDATA[Para ayudar a <a href="/AccessInfo" class="twitter-atreply pretty-link js-nav" dir="ltr" data-mentioned-user-id="30040179" ><s>@</s><b>accessinfo</b></a> <a href="/helen_access" class="twitter-atreply pretty-link js-nav" dir="ltr" data-mentioned-user-id="107083701" ><s>@</s><b>helen_access</b></a> <a href="/vickyande" class="twitter-atreply pretty-link js-nav" dir="ltr" data-mentioned-user-id="349082490" ><s>@</s><b>vickyande</b></a>  <a href="http://t.co/ZGjZaUaF" rel="nofollow noopener" dir="ltr" data-expanded-url="http://www.access-info.org/es/coalicion-pro-acceso/296-tribunal-supremo" class="twitter-timeline-link" target="_blank" title="http://www.access-info.org/es/coalicion-pro-acceso/296-tribunal-supremo" ><span class="tco-ellipsis"></span><span class="invisible">http://www.</span><span class="js-display-url">access-info.org/es/coalicion-p</span><span class="invisible">ro-acceso/296-tribunal-supremo</span><span class="tco-ellipsis"><span class="invisible">&nbsp;</span>…</span></a>]]></document>
		<document id="267432052641636352" url="https://twitter.com/nagodelos/status/267432052641636352"><![CDATA[Nuevo spot de Open Gov, Open Data, Croudfunding y Croudsourcing via <a href="/Spotbros" class="twitter-atreply pretty-link js-nav" dir="ltr" data-mentioned-user-id="292480409" ><s>@</s><b>spotbros</b></a> <a href="http://t.co/KMqriFd6" rel="nofollow noopener" dir="ltr" data-expanded-url="http://sbmail.me/?s=0f51141d3100941c6745edc25ed8f779&amp;t=3600000&amp;l=es" class="twitter-timeline-link" target="_blank" title="http://sbmail.me/?s=0f51141d3100941c6745edc25ed8f779&amp;t=3600000&amp;l=es" ><span class="tco-ellipsis"></span><span class="invisible">http://</span><span class="js-display-url">sbmail.me/?s=0f51141d310</span><span class="invisible">0941c6745edc25ed8f779&amp;t=3600000&amp;l=es</span><span class="tco-ellipsis"><span class="invisible">&nbsp;</span>…</span></a>]]></document>
		<document id="268677390463557632" url="https://twitter.com/nagodelos/status/268677390463557632"><![CDATA[Congreso internacional de ciberperiodismo y web 2.0 <a href="/hashtag/ciberpebi?src=hash" data-query-source="hashtag_click" class="twitter-hashtag pretty-link js-nav" dir="ltr" ><s>#</s><b>ciberpebi</b></a> (@ Bizkaia Aretoa EHU-UPV w/ 2 others)<a href="http://t.co/TbNppZU5" rel="nofollow noopener" dir="ltr" data-expanded-url="http://4sq.com/RTrfZV" class="twitter-timeline-link u-hidden" target="_blank" title="http://4sq.com/RTrfZV" ><span class="tco-ellipsis"></span><span class="invisible">http://</span><span class="js-display-url">4sq.com/RTrfZV</span><span class="invisible"></span><span class="tco-ellipsis"><span class="invisible">&nbsp;</span></span></a>]]></document>
		<document id="269012792332402689" url="https://twitter.com/nagodelos/status/269012792332402689"><![CDATA[Os invita <a href="/mgarrigap" class="twitter-atreply pretty-link js-nav" dir="ltr" data-mentioned-user-id="16999848" ><s>@</s><b>mgarrigap</b></a> a conocer <a href="/icityproject" class="twitter-atreply pretty-link js-nav" dir="ltr" data-mentioned-user-id="609801938" ><s>@</s><b>icityproject</b></a> en <a href="/hashtag/SmartCityExpo?src=hash" data-query-source="hashtag_click" class="twitter-hashtag pretty-link js-nav" dir="ltr" ><s>#</s><b>SmartCityExpo</b></a> Wanted smart ideas Let&#39;s talk <a href="/javicreus" class="twitter-atreply pretty-link js-nav" dir="ltr" data-mentioned-user-id="300958529" ><s>@</s><b>javicreus</b></a><a href="http://t.co/YVtP3a4X" rel="nofollow noopener" dir="ltr" data-expanded-url="http://4sq.com/XHWwTd" class="twitter-timeline-link u-hidden" target="_blank" title="http://4sq.com/XHWwTd" ><span class="tco-ellipsis"></span><span class="invisible">http://</span><span class="js-display-url">4sq.com/XHWwTd</span><span class="invisible"></span><span class="tco-ellipsis"><span class="invisible">&nbsp;</span></span></a>]]></document>
		<document id="269082456911671297" url="https://twitter.com/nagodelos/status/269082456911671297"><![CDATA[great!“<a href="/marabales" class="twitter-atreply pretty-link js-nav" dir="ltr" data-mentioned-user-id="6721492" ><s>@</s><b>marabales</b></a>: The <a href="/hashtag/appcircus?src=hash" data-query-source="hashtag_click" class="twitter-hashtag pretty-link js-nav" dir="ltr" ><s>#</s><b>appcircus</b></a> jury <a href="/hashtag/smartcityexpo?src=hash" data-query-source="hashtag_click" class="twitter-hashtag pretty-link js-nav" dir="ltr" ><s>#</s><b>smartcityexpo</b></a> <a href="http://t.co/ecXUEhlR" class="twitter-timeline-link u-hidden" data-pre-embedded="true" dir="ltr" >pic.twitter.com/ecXUEhlR</a>”]]></document>
		<document id="269088294653022208" url="https://twitter.com/nagodelos/status/269088294653022208"><![CDATA[We love it! Good luck Nacho Sanchez! “<a href="/marabales" class="twitter-atreply pretty-link js-nav" dir="ltr" data-mentioned-user-id="6721492" ><s>@</s><b>marabales</b></a>:  <a href="/hashtag/appcircus?src=hash" data-query-source="hashtag_click" class="twitter-hashtag pretty-link js-nav" dir="ltr" ><s>#</s><b>appcircus</b></a> <a href="/hashtag/smartcityexpo?src=hash" data-query-source="hashtag_click" class="twitter-hashtag pretty-link js-nav" dir="ltr" ><s>#</s><b>smartcityexpo</b></a> <a href="http://t.co/qysQf1zj" class="twitter-timeline-link u-hidden" data-pre-embedded="true" dir="ltr" >pic.twitter.com/qysQf1zj</a>”]]></document>
		<document id="269143776654659584" url="https://twitter.com/nagodelos/status/269143776654659584"><![CDATA[+1 “<a href="/JohnFMoore" class="twitter-atreply pretty-link js-nav" dir="ltr" data-mentioned-user-id="376523316" ><s>@</s><b>JohnFMoore</b></a>: <a href="/mgarrigap" class="twitter-atreply pretty-link js-nav" dir="ltr" data-mentioned-user-id="16999848" ><s>@</s><b>mgarrigap</b></a> <a href="/Nagodelos" class="twitter-atreply pretty-link js-nav" dir="ltr" data-mentioned-user-id="148264145" ><s>@</s><b>Nagodelos</b></a> Excellent results my friends! :-)”]]></document>
		<document id="269144050739847168" url="https://twitter.com/nagodelos/status/269144050739847168"><![CDATA[<a href="/JohnFMoore" class="twitter-atreply pretty-link js-nav" dir="ltr" data-mentioned-user-id="376523316" ><s>@</s><b>JohnFMoore</b></a> sure! We&#39;ll be in touch! ;)]]></document>
		<document id="272037432101306368" url="https://twitter.com/nagodelos/status/272037432101306368"><![CDATA[Comienza en gran <a href="/alorza" class="twitter-atreply pretty-link js-nav" dir="ltr" data-mentioned-user-id="6129672" ><s>@</s><b>alorza</b></a> con su modelo Ludo de Gobierno Abierto. Echamos de menos a <a href="/Nagodelos" class="twitter-atreply pretty-link js-nav" dir="ltr" data-mentioned-user-id="148264145" ><s>@</s><b>nagodelos</b></a> <a href="/hashtag/OpenDataSev?src=hash" data-query-source="hashtag_click" class="twitter-hashtag pretty-link js-nav" dir="ltr" ><s>#</s><b>OpenDataSev</b></a><a href="http://t.co/vPRrG1JR" class="twitter-timeline-link u-hidden" data-pre-embedded="true" dir="ltr" >pic.twitter.com/vPRrG1JR</a>]]></document>
		<document id="274644732888616960" url="https://twitter.com/nagodelos/status/274644732888616960"><![CDATA[I&#39;m at World Bank (Washington, DC)<a href="http://t.co/5lUYUYJe" rel="nofollow noopener" dir="ltr" data-expanded-url="http://4sq.com/Txp27N" class="twitter-timeline-link u-hidden" target="_blank" title="http://4sq.com/Txp27N" ><span class="tco-ellipsis"></span><span class="invisible">http://</span><span class="js-display-url">4sq.com/Txp27N</span><span class="invisible"></span><span class="tco-ellipsis"><span class="invisible">&nbsp;</span></span></a>]]></document>
		<document id="276459777008234496" url="https://twitter.com/nagodelos/status/276459777008234496"><![CDATA[I&#39;m at United Nations Development Programme (UNDP) (New York, NY)<a href="http://t.co/RHQUEih7" rel="nofollow noopener" dir="ltr" data-expanded-url="http://4sq.com/TD9EmJ" class="twitter-timeline-link u-hidden" target="_blank" title="http://4sq.com/TD9EmJ" ><span class="tco-ellipsis"></span><span class="invisible">http://</span><span class="js-display-url">4sq.com/TD9EmJ</span><span class="invisible"></span><span class="tco-ellipsis"><span class="invisible">&nbsp;</span></span></a>]]></document>
		<document id="276713848143220737" url="https://twitter.com/nagodelos/status/276713848143220737"><![CDATA[Pensando en 3D (@ 3DEA: 3D Holiday Pop Up Store) [pic]:<a href="http://t.co/YkQaoxMC" rel="nofollow noopener" dir="ltr" data-expanded-url="http://4sq.com/SAyGEq" class="twitter-timeline-link u-hidden" target="_blank" title="http://4sq.com/SAyGEq" ><span class="tco-ellipsis"></span><span class="invisible">http://</span><span class="js-display-url">4sq.com/SAyGEq</span><span class="invisible"></span><span class="tco-ellipsis"><span class="invisible">&nbsp;</span></span></a>]]></document>
		<document id="282030317576003585" url="https://twitter.com/nagodelos/status/282030317576003585"><![CDATA[&quot;Unfortunately I must inform you that we will not continue the selection procedure with you.&quot; Despertar así el 2º día de parada no anima na!]]></document>
		<document id="292050775708934144" url="https://twitter.com/nagodelos/status/292050775708934144"><![CDATA[Hackathon{YAN} 2012: winners are announced :)<a href="http://t.co/02sfifdr" rel="nofollow noopener" dir="ltr" data-expanded-url="http://flip.it/0UWhJ" class="twitter-timeline-link u-hidden" target="_blank" title="http://flip.it/0UWhJ" ><span class="tco-ellipsis"></span><span class="invisible">http://</span><span class="js-display-url">flip.it/0UWhJ</span><span class="invisible"></span><span class="tco-ellipsis"><span class="invisible">&nbsp;</span></span></a>]]></document>
		<document id="298713651085447168" url="https://twitter.com/nagodelos/status/298713651085447168"><![CDATA[Prezi: consigue resultados diferentes con presentaciones diferentes (@ Bizkaia Enpresa Digitala)<a href="http://t.co/vIWfrDFJ" rel="nofollow noopener" dir="ltr" data-expanded-url="http://4sq.com/WqfFq1" class="twitter-timeline-link u-hidden" target="_blank" title="http://4sq.com/WqfFq1" ><span class="tco-ellipsis"></span><span class="invisible">http://</span><span class="js-display-url">4sq.com/WqfFq1</span><span class="invisible"></span><span class="tco-ellipsis"><span class="invisible">&nbsp;</span></span></a>]]></document>
		<document id="333250096881876992" url="https://twitter.com/nagodelos/status/333250096881876992"><![CDATA[Tras encontrar ofertas en @Boletus_network con <a href="/kepaapraiz" class="twitter-atreply pretty-link js-nav" dir="ltr" data-mentioned-user-id="348980987" ><s>@</s><b>kepaapraiz</b></a> nos vamos a buscar look en <a href="/buscolook" class="twitter-atreply pretty-link js-nav" dir="ltr" data-mentioned-user-id="282076402" ><s>@</s><b>buscolook</b></a> con <a href="/Mfdezuazo" class="twitter-atreply pretty-link js-nav" dir="ltr" data-mentioned-user-id="245716744" ><s>@</s><b>Mfdezuazo</b></a> <a href="/hashtag/EBEuskadi13?src=hash" data-query-source="hashtag_click" class="twitter-hashtag pretty-link js-nav" dir="ltr" ><s>#</s><b>EBEuskadi13</b></a>]]></document>
		<document id="349613666896850945" url="https://twitter.com/nagodelos/status/349613666896850945"><![CDATA[I congratulated <a href="/DirDigEng" class="twitter-atreply pretty-link js-nav" dir="ltr" data-mentioned-user-id="39713727" ><s>@</s><b>DirDigEng</b></a> for his wonderful OpenData methodology for <a href="/WorldBank" class="twitter-atreply pretty-link js-nav" dir="ltr" data-mentioned-user-id="27860681" ><s>@</s><b>worldbank</b></a>. <a href="/alorza" class="twitter-atreply pretty-link js-nav" dir="ltr" data-mentioned-user-id="6129672" ><s>@</s><b>alorza</b></a>  <a href="http://t.co/LuguivCEJ1" rel="nofollow noopener" dir="ltr" data-expanded-url="http://data.worldbank.org/about/open-government-data-toolkit/readiness-assessment-tool" class="twitter-timeline-link" target="_blank" title="http://data.worldbank.org/about/open-government-data-toolkit/readiness-assessment-tool" ><span class="tco-ellipsis"></span><span class="invisible">http://</span><span class="js-display-url">data.worldbank.org/about/open-gov</span><span class="invisible">ernment-data-toolkit/readiness-assessment-tool</span><span class="tco-ellipsis"><span class="invisible">&nbsp;</span>…</span></a>]]></document>
		<document id="352063695708356609" url="https://twitter.com/nagodelos/status/352063695708356609"><![CDATA[The Vatican had zero changes to street geometry in the past year. Zip. None. Nessuno. -<a href="http://t.co/izUWsJlIuw" rel="nofollow noopener" dir="ltr" data-expanded-url="http://cdb.io/1aynxis" class="twitter-timeline-link u-hidden" target="_blank" title="http://cdb.io/1aynxis" ><span class="tco-ellipsis"></span><span class="invisible">http://</span><span class="js-display-url">cdb.io/1aynxis</span><span class="invisible"></span><span class="tco-ellipsis"><span class="invisible">&nbsp;</span></span></a>]]></document>
		<document id="353070354480119809" url="https://twitter.com/nagodelos/status/353070354480119809"><![CDATA[Ezio Manzini &quot;Social innovation: Ideas that work in solving social problems, and do it in socially relevant ways&quot; <a href="/hashtag/Fadfest?src=hash" data-query-source="hashtag_click" class="twitter-hashtag pretty-link js-nav" dir="ltr" ><s>#</s><b>Fadfest</b></a>]]></document>
		<document id="358187096810340353" url="https://twitter.com/nagodelos/status/358187096810340353"><![CDATA[Check out Teatro Romano on <a href="/Foursquare" class="twitter-atreply pretty-link js-nav" dir="ltr" data-mentioned-user-id="804341497441255424" ><s>@</s><b>foursquare</b></a>:<a href="http://t.co/kQVcPmJqqd" rel="nofollow noopener" dir="ltr" data-expanded-url="http://4sq.com/se6JCE" class="twitter-timeline-link u-hidden" target="_blank" title="http://4sq.com/se6JCE" ><span class="tco-ellipsis"></span><span class="invisible">http://</span><span class="js-display-url">4sq.com/se6JCE</span><span class="invisible"></span><span class="tco-ellipsis"><span class="invisible">&nbsp;</span></span></a>]]></document>
		<document id="359796619518017536" url="https://twitter.com/nagodelos/status/359796619518017536"><![CDATA[I&#39;m at Generator Hostel Dublin (Dublin)<a href="http://t.co/RgmLkSPgIR" rel="nofollow noopener" dir="ltr" data-expanded-url="http://4sq.com/16XO5D9" class="twitter-timeline-link u-hidden" target="_blank" title="http://4sq.com/16XO5D9" ><span class="tco-ellipsis"></span><span class="invisible">http://</span><span class="js-display-url">4sq.com/16XO5D9</span><span class="invisible"></span><span class="tco-ellipsis"><span class="invisible">&nbsp;</span></span></a>]]></document>
		<document id="362279012506152960" url="https://twitter.com/nagodelos/status/362279012506152960"><![CDATA[Start up  Meet up. <a href="/mhop" class="twitter-atreply pretty-link js-nav" dir="ltr" data-mentioned-user-id="14111315" ><s>@</s><b>mhop</b></a> (@ MacTurcaill&#39;s) [pic]:<a href="https://t.co/w9vrqlPEU8" rel="nofollow noopener" dir="ltr" data-expanded-url="https://foursquare.com/nagodelos/checkin/51f80620498e852dc87c7e8f?s=afCmyx-mZt9FI93LwfaQTA7DYcc&amp;ref=tw" class="twitter-timeline-link u-hidden" target="_blank" title="https://foursquare.com/nagodelos/checkin/51f80620498e852dc87c7e8f?s=afCmyx-mZt9FI93LwfaQTA7DYcc&amp;ref=tw" ><span class="tco-ellipsis"></span><span class="invisible">https://</span><span class="js-display-url">foursquare.com/nagodelos/chec</span><span class="invisible">kin/51f80620498e852dc87c7e8f?s=afCmyx-mZt9FI93LwfaQTA7DYcc&amp;ref=tw</span><span class="tco-ellipsis"><span class="invisible">&nbsp;</span>…</span></a>]]></document>
		<document id="375342522135900160" url="https://twitter.com/nagodelos/status/375342522135900160"><![CDATA[Help shape the future of EU internet-driven business, sign the manifesto. <a href="http://t.co/8BAZf8N7Ik" rel="nofollow noopener" dir="ltr" data-expanded-url="http://press.startupmanifesto.eu/57817-startup-leaders-launch-call-to-action-to-boost-internet-driven-economic-growth-across-europe" class="twitter-timeline-link" target="_blank" title="http://press.startupmanifesto.eu/57817-startup-leaders-launch-call-to-action-to-boost-internet-driven-economic-growth-across-europe" ><span class="tco-ellipsis"></span><span class="invisible">http://</span><span class="js-display-url">press.startupmanifesto.eu/57817-startup-</span><span class="invisible">leaders-launch-call-to-action-to-boost-internet-driven-economic-growth-across-europe</span><span class="tco-ellipsis"><span class="invisible">&nbsp;</span>…</span></a>]]></document>
		<document id="375343168369065984" url="https://twitter.com/nagodelos/status/375343168369065984"><![CDATA[Help internet-driven economic growth transform the lives of millions. <a href="http://t.co/nQceWyvLVq" rel="nofollow noopener" dir="ltr" data-expanded-url="http://startupmanifesto.eu/" class="twitter-timeline-link" target="_blank" title="http://startupmanifesto.eu/" ><span class="tco-ellipsis"></span><span class="invisible">http://</span><span class="js-display-url">startupmanifesto.eu</span><span class="invisible">/</span><span class="tco-ellipsis"><span class="invisible">&nbsp;</span></span></a> <a href="/hashtag/startupmanifesto?src=hash" data-query-source="hashtag_click" class="twitter-hashtag pretty-link js-nav" dir="ltr" ><s>#</s><b>startupmanifesto</b></a>]]></document>
		<document id="382266858407079936" url="https://twitter.com/nagodelos/status/382266858407079936"><![CDATA[The new NYC open data website. <a href="/hashtag/opendata?src=hash" data-query-source="hashtag_click" class="twitter-hashtag pretty-link js-nav" dir="ltr" ><s>#</s><b>opendata</b></a> <a href="/hashtag/opengov?src=hash" data-query-source="hashtag_click" class="twitter-hashtag pretty-link js-nav" dir="ltr" ><s>#</s><b>opengov</b></a> <a href="https://t.co/5OgAP7pah0" rel="nofollow noopener" dir="ltr" data-expanded-url="https://nycopendata.socrata.com/" class="twitter-timeline-link" target="_blank" title="https://nycopendata.socrata.com/" ><span class="tco-ellipsis"></span><span class="invisible">https://</span><span class="js-display-url">nycopendata.socrata.com</span><span class="invisible">/</span><span class="tco-ellipsis"><span class="invisible">&nbsp;</span></span></a>]]></document>
		<document id="399970293625929729" url="https://twitter.com/nagodelos/status/399970293625929729"><![CDATA[I&#39;m at Coworking Europe 2013 (Barcelona)<a href="http://t.co/rxPcZ5eiLj" rel="nofollow noopener" dir="ltr" data-expanded-url="http://4sq.com/1eEtYTp" class="twitter-timeline-link u-hidden" target="_blank" title="http://4sq.com/1eEtYTp" ><span class="tco-ellipsis"></span><span class="invisible">http://</span><span class="js-display-url">4sq.com/1eEtYTp</span><span class="invisible"></span><span class="tco-ellipsis"><span class="invisible">&nbsp;</span></span></a>]]></document>
		<document id="402385941014532096" url="https://twitter.com/nagodelos/status/402385941014532096"><![CDATA[<a href="/Nagodelos" class="twitter-atreply pretty-link js-nav" dir="ltr" data-mentioned-user-id="148264145" ><s>@</s><b>Nagodelos</b></a> hi, could we connect up at lunch at City Sense event?]]></document>
	</documents>
</author>