<?xml version="1.0" encoding="UTF-8" standalone="no"?><author age_group="xx" gender="xx" lang="EN" type="twitter" url="https://twitter.com/Victoriabioque">
	<documents count="54">
		<document id="334938888541986818" url="https://twitter.com/Victoriabioque/status/334938888541986818"><![CDATA[Preparados/as @aymaricruz @thehealthyghost <a href="/ElenaCarazo" class="twitter-atreply pretty-link js-nav" dir="ltr" data-mentioned-user-id="249667843" ><s>@</s><b>ElenaCarazo</b></a> <a href="/luque_shop" class="twitter-atreply pretty-link js-nav" dir="ltr" data-mentioned-user-id="544222167" ><s>@</s><b>luque_shop</b></a> <a href="/AMOesther" class="twitter-atreply pretty-link js-nav" dir="ltr" data-mentioned-user-id="447931168" ><s>@</s><b>AMOesther</b></a> @Plumartina <a href="/claudi_alfaro" class="twitter-atreply pretty-link js-nav" dir="ltr" data-mentioned-user-id="166309205" ><s>@</s><b>claudi_alfaro</b></a>? <a href="/hashtag/cataaromas?src=hash" data-query-source="hashtag_click" class="twitter-hashtag pretty-link js-nav" dir="ltr" ><s>#</s><b>cataaromas</b></a>]]></document>
		<document id="334939779252764672" url="https://twitter.com/Victoriabioque/status/334939779252764672"><![CDATA[Buenos dias! Ultimando los detalles de la <a href="/hashtag/cataaromas?src=hash" data-query-source="hashtag_click" class="twitter-hashtag pretty-link js-nav" dir="ltr" ><s>#</s><b>cataaromas</b></a> de @aromasperfum mañana en <a href="/hashtag/cordoba?src=hash" data-query-source="hashtag_click" class="twitter-hashtag pretty-link js-nav" dir="ltr" ><s>#</s><b>cordoba</b></a>]]></document>
		<document id="340474593619869697" url="https://twitter.com/Victoriabioque/status/340474593619869697"><![CDATA[<a href="/pedro_pires_" class="twitter-atreply pretty-link js-nav" dir="ltr" data-mentioned-user-id="49348510" ><s>@</s><b>pedro_pires_</b></a> weee gracias Piter!!]]></document>
		<document id="340945315970547713" url="https://twitter.com/Victoriabioque/status/340945315970547713"><![CDATA[<a href="/hashtag/MomentoSemanaSanta?src=hash" data-query-source="hashtag_click" class="twitter-hashtag pretty-link js-nav" dir="ltr" ><s>#</s><b>MomentoSemanaSanta</b></a> is now Trending Topic in Seville <a href="/claudi_alfaro" class="twitter-atreply pretty-link js-nav" dir="ltr" data-mentioned-user-id="166309205" ><s>@</s><b>claudi_alfaro</b></a> <a href="/DesdeelArenal" class="twitter-atreply pretty-link js-nav" dir="ltr" data-mentioned-user-id="83895414" ><s>@</s><b>DesdeelArenal</b></a>]]></document>
		<document id="342022296355098625" url="https://twitter.com/Victoriabioque/status/342022296355098625"><![CDATA[Buenas ;) @Tweett_Mk <a href="/bmsaservices" class="twitter-atreply pretty-link js-nav" dir="ltr" data-mentioned-user-id="1074404778" ><s>@</s><b>bmsaservices</b></a> <a href="/QueSocialMedia" class="twitter-atreply pretty-link js-nav" dir="ltr" data-mentioned-user-id="993228361" ><s>@</s><b>QueSocialMedia</b></a> <a href="/VictoriaBioque" class="twitter-atreply pretty-link js-nav" dir="ltr" data-mentioned-user-id="269415315" ><s>@</s><b>VictoriaBioque</b></a> <a href="/txavinhoquai" class="twitter-atreply pretty-link js-nav" dir="ltr" data-mentioned-user-id="353750354" ><s>@</s><b>txavinhoquai</b></a> <a href="/Pablo_Martin_R" class="twitter-atreply pretty-link js-nav" dir="ltr" data-mentioned-user-id="290056292" ><s>@</s><b>Pablo_Martin_R</b></a>]]></document>
		<document id="342022398008238080" url="https://twitter.com/Victoriabioque/status/342022398008238080"><![CDATA[Un día de lluvia en los patios de Córdoba. <a href="http://t.co/BYmgyXlNEs" rel="nofollow noopener" dir="ltr" data-expanded-url="http://bit.ly/10WP30y" class="twitter-timeline-link" target="_blank" title="http://bit.ly/10WP30y" ><span class="tco-ellipsis"></span><span class="invisible">http://</span><span class="js-display-url">bit.ly/10WP30y</span><span class="invisible"></span><span class="tco-ellipsis"><span class="invisible">&nbsp;</span></span></a> <a href="/AMOesther" class="twitter-atreply pretty-link js-nav" dir="ltr" data-mentioned-user-id="447931168" ><s>@</s><b>AMOesther</b></a> <a href="/VictoriaBioque" class="twitter-atreply pretty-link js-nav" dir="ltr" data-mentioned-user-id="269415315" ><s>@</s><b>VictoriaBioque</b></a>]]></document>
		<document id="361080953701011457" url="https://twitter.com/Victoriabioque/status/361080953701011457"><![CDATA[MT <a href="/EPcine" class="twitter-atreply pretty-link js-nav" dir="ltr" data-mentioned-user-id="253021343" ><s>@</s><b>EPcine</b></a>: John Williams volverá a poner música a <a href="/starwars" class="twitter-atreply pretty-link js-nav" dir="ltr" data-mentioned-user-id="20106852" ><s>@</s><b>starwars</b></a>. <a href="http://t.co/IU8c1CqUxu" rel="nofollow noopener" dir="ltr" data-expanded-url="http://goo.gl/reukWQ" class="twitter-timeline-link" target="_blank" title="http://goo.gl/reukWQ" ><span class="tco-ellipsis"></span><span class="invisible">http://</span><span class="js-display-url">goo.gl/reukWQ</span><span class="invisible"></span><span class="tco-ellipsis"><span class="invisible">&nbsp;</span></span></a>&quot; cc <a href="/DesdeelArenal" class="twitter-atreply pretty-link js-nav" dir="ltr" data-mentioned-user-id="83895414" ><s>@</s><b>DesdeelArenal</b></a>]]></document>
		<document id="372654339086901248" url="https://twitter.com/Victoriabioque/status/372654339086901248"><![CDATA[Aunque parezca mentira estoy viva y enterándome de noticias de <a href="/hashtag/modaflamenca?src=hash" data-query-source="hashtag_click" class="twitter-hashtag pretty-link js-nav" dir="ltr" ><s>#</s><b>modaflamenca</b></a> que pronto tendréis en el blog.]]></document>
		<document id="372707102839816192" url="https://twitter.com/Victoriabioque/status/372707102839816192"><![CDATA[I miss it! :( RT <a href="/imhannahbixby" class="twitter-atreply pretty-link js-nav" dir="ltr" data-mentioned-user-id="175816166" ><s>@</s><b>imhannahbixby</b></a>: Arthur&#39;s seat <a href="https://t.co/CVQPRxGp6l" rel="nofollow noopener" dir="ltr" data-expanded-url="https://vine.co/v/hiw3WVaYe0a" class="twitter-timeline-link" target="_blank" title="https://vine.co/v/hiw3WVaYe0a" ><span class="tco-ellipsis"></span><span class="invisible">https://</span><span class="js-display-url">vine.co/v/hiw3WVaYe0a</span><span class="invisible"></span><span class="tco-ellipsis"><span class="invisible">&nbsp;</span></span></a>]]></document>
		<document id="373004747143655424" url="https://twitter.com/Victoriabioque/status/373004747143655424"><![CDATA[Implementando Google Authorship y Author Rank en tu empresa <a href="http://t.co/zc1kJfXao8" rel="nofollow noopener" dir="ltr" data-expanded-url="http://ow.ly/omZB0" class="twitter-timeline-link" target="_blank" title="http://ow.ly/omZB0" ><span class="tco-ellipsis"></span><span class="invisible">http://</span><span class="js-display-url">ow.ly/omZB0</span><span class="invisible"></span><span class="tco-ellipsis"><span class="invisible">&nbsp;</span></span></a>]]></document>
		<document id="376726331905810432" url="https://twitter.com/Victoriabioque/status/376726331905810432"><![CDATA[Genial <a href="/AMOesther" class="twitter-atreply pretty-link js-nav" dir="ltr" data-mentioned-user-id="447931168" ><s>@</s><b>amoesther</b></a> retransmitiéndonos todo lo que sucede en el desfile de Jesus del Pozo <a href="/hashtag/NYFW?src=hash" data-query-source="hashtag_click" class="twitter-hashtag pretty-link js-nav" dir="ltr" ><s>#</s><b>NYFW</b></a>]]></document>
		<document id="378596897042464768" url="https://twitter.com/Victoriabioque/status/378596897042464768"><![CDATA[<a href="/Low_Chic" class="twitter-atreply pretty-link js-nav" dir="ltr" data-mentioned-user-id="322256680" ><s>@</s><b>Low_Chic</b></a> tienes un DM!]]></document>
		<document id="387838715659550720" url="https://twitter.com/Victoriabioque/status/387838715659550720"><![CDATA[A ver, q levante la mano todo el q hoy defiende al <a href="/hashtag/cineespa%C3%B1ol?src=hash" data-query-source="hashtag_click" class="twitter-hashtag pretty-link js-nav" dir="ltr" ><s>#</s><b>cineespañol</b></a> y q haya visto una película en cine española q no sea lo imposible <a href="/hashtag/falsos?src=hash" data-query-source="hashtag_click" class="twitter-hashtag pretty-link js-nav" dir="ltr" ><s>#</s><b>falsos</b></a>]]></document>
		<document id="393102430998904832" url="https://twitter.com/Victoriabioque/status/393102430998904832"><![CDATA[Buenas noches a mis darlings! <a href="/soyvirginialeon" class="twitter-atreply pretty-link js-nav" dir="ltr" data-mentioned-user-id="280398284" ><s>@</s><b>soyvirginialeon</b></a> <a href="/SsasDiary" class="twitter-atreply pretty-link js-nav" dir="ltr" data-mentioned-user-id="2217166174" ><s>@</s><b>SsasDiary</b></a> <a href="/shopperviajero" class="twitter-atreply pretty-link js-nav" dir="ltr" data-mentioned-user-id="101603407" ><s>@</s><b>shopperviajero</b></a> <a href="/matxiglass" class="twitter-atreply pretty-link js-nav" dir="ltr" data-mentioned-user-id="273108654" ><s>@</s><b>matxiglass</b></a> <a href="/laclavedeFa" class="twitter-atreply pretty-link js-nav" dir="ltr" data-mentioned-user-id="83445947" ><s>@</s><b>laclavedeFa</b></a> <a href="/Only1womanblog" class="twitter-atreply pretty-link js-nav" dir="ltr" data-mentioned-user-id="221492719" ><s>@</s><b>Only1womanblog</b></a> <a href="/elestilario" class="twitter-atreply pretty-link js-nav" dir="ltr" data-mentioned-user-id="93088841" ><s>@</s><b>elestilario</b></a> Mua!]]></document>
		<document id="406710441420029953" url="https://twitter.com/Victoriabioque/status/406710441420029953"><![CDATA[Soy muy fan! RT <a href="/reyeshellin" class="twitter-atreply pretty-link js-nav" dir="ltr" data-mentioned-user-id="196933683" ><s>@</s><b>reyeshellin</b></a>: Bony &amp; Diz...  always to you. ILY <a href="/roberto_diz" class="twitter-atreply pretty-link js-nav" dir="ltr" data-mentioned-user-id="574013297" ><s>@</s><b>roberto_diz</b></a> <a href="http://t.co/jbxWBYMkei" rel="nofollow noopener" dir="ltr" data-expanded-url="http://instagram.com/p/hRnEVFQyh8/" class="twitter-timeline-link" target="_blank" title="http://instagram.com/p/hRnEVFQyh8/" ><span class="tco-ellipsis"></span><span class="invisible">http://</span><span class="js-display-url">instagram.com/p/hRnEVFQyh8/</span><span class="invisible"></span><span class="tco-ellipsis"><span class="invisible">&nbsp;</span></span></a>&quot;]]></document>
		<document id="411860037796380672" url="https://twitter.com/Victoriabioque/status/411860037796380672"><![CDATA[Be irreverent, <a href="/hashtag/bevac?src=hash" data-query-source="hashtag_click" class="twitter-hashtag pretty-link js-nav" dir="ltr" ><s>#</s><b>bevac</b></a> cc <a href="/soyvirginialeon" class="twitter-atreply pretty-link js-nav" dir="ltr" data-mentioned-user-id="280398284" ><s>@</s><b>soyvirginialeon</b></a><a href="http://t.co/2oxLKWx6f7" class="twitter-timeline-link u-hidden" data-pre-embedded="true" dir="ltr" >pic.twitter.com/2oxLKWx6f7</a>]]></document>
		<document id="334938888541986818" url="https://twitter.com/Victoriabioque/status/334938888541986818"><![CDATA[Preparados/as @aymaricruz @thehealthyghost <a href="/ElenaCarazo" class="twitter-atreply pretty-link js-nav" dir="ltr" data-mentioned-user-id="249667843" ><s>@</s><b>ElenaCarazo</b></a> <a href="/luque_shop" class="twitter-atreply pretty-link js-nav" dir="ltr" data-mentioned-user-id="544222167" ><s>@</s><b>luque_shop</b></a> <a href="/AMOesther" class="twitter-atreply pretty-link js-nav" dir="ltr" data-mentioned-user-id="447931168" ><s>@</s><b>AMOesther</b></a> @Plumartina <a href="/claudi_alfaro" class="twitter-atreply pretty-link js-nav" dir="ltr" data-mentioned-user-id="166309205" ><s>@</s><b>claudi_alfaro</b></a>? <a href="/hashtag/cataaromas?src=hash" data-query-source="hashtag_click" class="twitter-hashtag pretty-link js-nav" dir="ltr" ><s>#</s><b>cataaromas</b></a>]]></document>
		<document id="334939779252764672" url="https://twitter.com/Victoriabioque/status/334939779252764672"><![CDATA[Buenos dias! Ultimando los detalles de la <a href="/hashtag/cataaromas?src=hash" data-query-source="hashtag_click" class="twitter-hashtag pretty-link js-nav" dir="ltr" ><s>#</s><b>cataaromas</b></a> de @aromasperfum mañana en <a href="/hashtag/cordoba?src=hash" data-query-source="hashtag_click" class="twitter-hashtag pretty-link js-nav" dir="ltr" ><s>#</s><b>cordoba</b></a>]]></document>
		<document id="340474593619869697" url="https://twitter.com/Victoriabioque/status/340474593619869697"><![CDATA[<a href="/pedro_pires_" class="twitter-atreply pretty-link js-nav" dir="ltr" data-mentioned-user-id="49348510" ><s>@</s><b>pedro_pires_</b></a> weee gracias Piter!!]]></document>
		<document id="340945315970547713" url="https://twitter.com/Victoriabioque/status/340945315970547713"><![CDATA[<a href="/hashtag/MomentoSemanaSanta?src=hash" data-query-source="hashtag_click" class="twitter-hashtag pretty-link js-nav" dir="ltr" ><s>#</s><b>MomentoSemanaSanta</b></a> is now Trending Topic in Seville <a href="/claudi_alfaro" class="twitter-atreply pretty-link js-nav" dir="ltr" data-mentioned-user-id="166309205" ><s>@</s><b>claudi_alfaro</b></a> <a href="/DesdeelArenal" class="twitter-atreply pretty-link js-nav" dir="ltr" data-mentioned-user-id="83895414" ><s>@</s><b>DesdeelArenal</b></a>]]></document>
		<document id="342022296355098625" url="https://twitter.com/Victoriabioque/status/342022296355098625"><![CDATA[Buenas ;) @Tweett_Mk <a href="/bmsaservices" class="twitter-atreply pretty-link js-nav" dir="ltr" data-mentioned-user-id="1074404778" ><s>@</s><b>bmsaservices</b></a> <a href="/QueSocialMedia" class="twitter-atreply pretty-link js-nav" dir="ltr" data-mentioned-user-id="993228361" ><s>@</s><b>QueSocialMedia</b></a> <a href="/VictoriaBioque" class="twitter-atreply pretty-link js-nav" dir="ltr" data-mentioned-user-id="269415315" ><s>@</s><b>VictoriaBioque</b></a> <a href="/txavinhoquai" class="twitter-atreply pretty-link js-nav" dir="ltr" data-mentioned-user-id="353750354" ><s>@</s><b>txavinhoquai</b></a> <a href="/Pablo_Martin_R" class="twitter-atreply pretty-link js-nav" dir="ltr" data-mentioned-user-id="290056292" ><s>@</s><b>Pablo_Martin_R</b></a>]]></document>
		<document id="342022398008238080" url="https://twitter.com/Victoriabioque/status/342022398008238080"><![CDATA[Un día de lluvia en los patios de Córdoba. <a href="http://t.co/BYmgyXlNEs" rel="nofollow noopener" dir="ltr" data-expanded-url="http://bit.ly/10WP30y" class="twitter-timeline-link" target="_blank" title="http://bit.ly/10WP30y" ><span class="tco-ellipsis"></span><span class="invisible">http://</span><span class="js-display-url">bit.ly/10WP30y</span><span class="invisible"></span><span class="tco-ellipsis"><span class="invisible">&nbsp;</span></span></a> <a href="/AMOesther" class="twitter-atreply pretty-link js-nav" dir="ltr" data-mentioned-user-id="447931168" ><s>@</s><b>AMOesther</b></a> <a href="/VictoriaBioque" class="twitter-atreply pretty-link js-nav" dir="ltr" data-mentioned-user-id="269415315" ><s>@</s><b>VictoriaBioque</b></a>]]></document>
		<document id="361080953701011457" url="https://twitter.com/Victoriabioque/status/361080953701011457"><![CDATA[MT <a href="/EPcine" class="twitter-atreply pretty-link js-nav" dir="ltr" data-mentioned-user-id="253021343" ><s>@</s><b>EPcine</b></a>: John Williams volverá a poner música a <a href="/starwars" class="twitter-atreply pretty-link js-nav" dir="ltr" data-mentioned-user-id="20106852" ><s>@</s><b>starwars</b></a>. <a href="http://t.co/IU8c1CqUxu" rel="nofollow noopener" dir="ltr" data-expanded-url="http://goo.gl/reukWQ" class="twitter-timeline-link" target="_blank" title="http://goo.gl/reukWQ" ><span class="tco-ellipsis"></span><span class="invisible">http://</span><span class="js-display-url">goo.gl/reukWQ</span><span class="invisible"></span><span class="tco-ellipsis"><span class="invisible">&nbsp;</span></span></a>&quot; cc <a href="/DesdeelArenal" class="twitter-atreply pretty-link js-nav" dir="ltr" data-mentioned-user-id="83895414" ><s>@</s><b>DesdeelArenal</b></a>]]></document>
		<document id="372654339086901248" url="https://twitter.com/Victoriabioque/status/372654339086901248"><![CDATA[Aunque parezca mentira estoy viva y enterándome de noticias de <a href="/hashtag/modaflamenca?src=hash" data-query-source="hashtag_click" class="twitter-hashtag pretty-link js-nav" dir="ltr" ><s>#</s><b>modaflamenca</b></a> que pronto tendréis en el blog.]]></document>
		<document id="372707102839816192" url="https://twitter.com/Victoriabioque/status/372707102839816192"><![CDATA[I miss it! :( RT <a href="/imhannahbixby" class="twitter-atreply pretty-link js-nav" dir="ltr" data-mentioned-user-id="175816166" ><s>@</s><b>imhannahbixby</b></a>: Arthur&#39;s seat <a href="https://t.co/CVQPRxGp6l" rel="nofollow noopener" dir="ltr" data-expanded-url="https://vine.co/v/hiw3WVaYe0a" class="twitter-timeline-link" target="_blank" title="https://vine.co/v/hiw3WVaYe0a" ><span class="tco-ellipsis"></span><span class="invisible">https://</span><span class="js-display-url">vine.co/v/hiw3WVaYe0a</span><span class="invisible"></span><span class="tco-ellipsis"><span class="invisible">&nbsp;</span></span></a>]]></document>
		<document id="373004747143655424" url="https://twitter.com/Victoriabioque/status/373004747143655424"><![CDATA[Implementando Google Authorship y Author Rank en tu empresa <a href="http://t.co/zc1kJfXao8" rel="nofollow noopener" dir="ltr" data-expanded-url="http://ow.ly/omZB0" class="twitter-timeline-link" target="_blank" title="http://ow.ly/omZB0" ><span class="tco-ellipsis"></span><span class="invisible">http://</span><span class="js-display-url">ow.ly/omZB0</span><span class="invisible"></span><span class="tco-ellipsis"><span class="invisible">&nbsp;</span></span></a>]]></document>
		<document id="376726331905810432" url="https://twitter.com/Victoriabioque/status/376726331905810432"><![CDATA[Genial <a href="/AMOesther" class="twitter-atreply pretty-link js-nav" dir="ltr" data-mentioned-user-id="447931168" ><s>@</s><b>amoesther</b></a> retransmitiéndonos todo lo que sucede en el desfile de Jesus del Pozo <a href="/hashtag/NYFW?src=hash" data-query-source="hashtag_click" class="twitter-hashtag pretty-link js-nav" dir="ltr" ><s>#</s><b>NYFW</b></a>]]></document>
		<document id="378596897042464768" url="https://twitter.com/Victoriabioque/status/378596897042464768"><![CDATA[<a href="/Low_Chic" class="twitter-atreply pretty-link js-nav" dir="ltr" data-mentioned-user-id="322256680" ><s>@</s><b>Low_Chic</b></a> tienes un DM!]]></document>
		<document id="387838715659550720" url="https://twitter.com/Victoriabioque/status/387838715659550720"><![CDATA[A ver, q levante la mano todo el q hoy defiende al <a href="/hashtag/cineespa%C3%B1ol?src=hash" data-query-source="hashtag_click" class="twitter-hashtag pretty-link js-nav" dir="ltr" ><s>#</s><b>cineespañol</b></a> y q haya visto una película en cine española q no sea lo imposible <a href="/hashtag/falsos?src=hash" data-query-source="hashtag_click" class="twitter-hashtag pretty-link js-nav" dir="ltr" ><s>#</s><b>falsos</b></a>]]></document>
		<document id="393102430998904832" url="https://twitter.com/Victoriabioque/status/393102430998904832"><![CDATA[Buenas noches a mis darlings! <a href="/soyvirginialeon" class="twitter-atreply pretty-link js-nav" dir="ltr" data-mentioned-user-id="280398284" ><s>@</s><b>soyvirginialeon</b></a> <a href="/SsasDiary" class="twitter-atreply pretty-link js-nav" dir="ltr" data-mentioned-user-id="2217166174" ><s>@</s><b>SsasDiary</b></a> <a href="/shopperviajero" class="twitter-atreply pretty-link js-nav" dir="ltr" data-mentioned-user-id="101603407" ><s>@</s><b>shopperviajero</b></a> <a href="/matxiglass" class="twitter-atreply pretty-link js-nav" dir="ltr" data-mentioned-user-id="273108654" ><s>@</s><b>matxiglass</b></a> <a href="/laclavedeFa" class="twitter-atreply pretty-link js-nav" dir="ltr" data-mentioned-user-id="83445947" ><s>@</s><b>laclavedeFa</b></a> <a href="/Only1womanblog" class="twitter-atreply pretty-link js-nav" dir="ltr" data-mentioned-user-id="221492719" ><s>@</s><b>Only1womanblog</b></a> <a href="/elestilario" class="twitter-atreply pretty-link js-nav" dir="ltr" data-mentioned-user-id="93088841" ><s>@</s><b>elestilario</b></a> Mua!]]></document>
		<document id="406710441420029953" url="https://twitter.com/Victoriabioque/status/406710441420029953"><![CDATA[Soy muy fan! RT <a href="/reyeshellin" class="twitter-atreply pretty-link js-nav" dir="ltr" data-mentioned-user-id="196933683" ><s>@</s><b>reyeshellin</b></a>: Bony &amp; Diz...  always to you. ILY <a href="/roberto_diz" class="twitter-atreply pretty-link js-nav" dir="ltr" data-mentioned-user-id="574013297" ><s>@</s><b>roberto_diz</b></a> <a href="http://t.co/jbxWBYMkei" rel="nofollow noopener" dir="ltr" data-expanded-url="http://instagram.com/p/hRnEVFQyh8/" class="twitter-timeline-link" target="_blank" title="http://instagram.com/p/hRnEVFQyh8/" ><span class="tco-ellipsis"></span><span class="invisible">http://</span><span class="js-display-url">instagram.com/p/hRnEVFQyh8/</span><span class="invisible"></span><span class="tco-ellipsis"><span class="invisible">&nbsp;</span></span></a>&quot;]]></document>
		<document id="411860037796380672" url="https://twitter.com/Victoriabioque/status/411860037796380672"><![CDATA[Be irreverent, <a href="/hashtag/bevac?src=hash" data-query-source="hashtag_click" class="twitter-hashtag pretty-link js-nav" dir="ltr" ><s>#</s><b>bevac</b></a> cc <a href="/soyvirginialeon" class="twitter-atreply pretty-link js-nav" dir="ltr" data-mentioned-user-id="280398284" ><s>@</s><b>soyvirginialeon</b></a><a href="http://t.co/2oxLKWx6f7" class="twitter-timeline-link u-hidden" data-pre-embedded="true" dir="ltr" >pic.twitter.com/2oxLKWx6f7</a>]]></document>
	</documents>
</author>