<?xml version="1.0" encoding="UTF-8" standalone="no"?><author age_group="xx" gender="xx" lang="EN" type="twitter" url="https://twitter.com/lourdesmunoz">
	<documents count="72">
		<document id="385383341442101249" url="https://twitter.com/lourdesmunoz/status/385383341442101249"><![CDATA[New Post. 8.000 followers. Què m’aporta twitter? <a href="http://t.co/ZFWLQNyPSw" rel="nofollow noopener" dir="ltr" data-expanded-url="http://bit.ly/18OgBM1" class="twitter-timeline-link" target="_blank" title="http://bit.ly/18OgBM1" ><span class="tco-ellipsis"></span><span class="invisible">http://</span><span class="js-display-url">bit.ly/18OgBM1</span><span class="invisible"></span><span class="tco-ellipsis"><span class="invisible">&nbsp;</span></span></a>]]></document>
		<document id="385416598284402688" url="https://twitter.com/lourdesmunoz/status/385416598284402688"><![CDATA[A twitter  M’enxarxo <a href="http://t.co/jMCiuzbE9v" rel="nofollow noopener" dir="ltr" data-expanded-url="http://bit.ly/GzPPw5" class="twitter-timeline-link" target="_blank" title="http://bit.ly/GzPPw5" ><span class="tco-ellipsis"></span><span class="invisible">http://</span><span class="js-display-url">bit.ly/GzPPw5</span><span class="invisible"></span><span class="tco-ellipsis"><span class="invisible">&nbsp;</span></span></a> 8.000 followers. Què m’aporta twitter?(bloc)]]></document>
		<document id="385427754491342848" url="https://twitter.com/lourdesmunoz/status/385427754491342848"><![CDATA[Twitter M’activa <a href="http://t.co/jMCiuzbE9v" rel="nofollow noopener" dir="ltr" data-expanded-url="http://bit.ly/GzPPw5" class="twitter-timeline-link" target="_blank" title="http://bit.ly/GzPPw5" ><span class="tco-ellipsis"></span><span class="invisible">http://</span><span class="js-display-url">bit.ly/GzPPw5</span><span class="invisible"></span><span class="tco-ellipsis"><span class="invisible">&nbsp;</span></span></a> 8.000 followers. Què m’aporta twitter?(bloc)]]></document>
		<document id="385690796025847809" url="https://twitter.com/lourdesmunoz/status/385690796025847809"><![CDATA[New Post. 8.000 followers. ¿Qué me aporta twitter? <a href="http://t.co/V7sdC7NvbM" rel="nofollow noopener" dir="ltr" data-expanded-url="http://bit.ly/1byGnUM" class="twitter-timeline-link" target="_blank" title="http://bit.ly/1byGnUM" ><span class="tco-ellipsis"></span><span class="invisible">http://</span><span class="js-display-url">bit.ly/1byGnUM</span><span class="invisible"></span><span class="tco-ellipsis"><span class="invisible">&nbsp;</span></span></a>]]></document>
		<document id="386113288377237504" url="https://twitter.com/lourdesmunoz/status/386113288377237504"><![CDATA[<a href="/hashtag/ff?src=hash" data-query-source="hashtag_click" class="twitter-hashtag pretty-link js-nav" dir="ltr" ><s>#</s><b>ff</b></a> promoure <a href="/hashtag/28s?src=hash" data-query-source="hashtag_click" class="twitter-hashtag pretty-link js-nav" dir="ltr" ><s>#</s><b>28s</b></a> <a href="/hashtag/donesdecidim?src=hash" data-query-source="hashtag_click" class="twitter-hashtag pretty-link js-nav" dir="ltr" ><s>#</s><b>donesdecidim</b></a> <a href="/Jesskeyring" class="twitter-atreply pretty-link js-nav" dir="ltr" data-mentioned-user-id="487097154" ><s>@</s><b>Jesskeyring</b></a> <a href="/stercanete" class="twitter-atreply pretty-link js-nav" dir="ltr" data-mentioned-user-id="325835449" ><s>@</s><b>stercanete</b></a> <a href="/montse56" class="twitter-atreply pretty-link js-nav" dir="ltr" data-mentioned-user-id="113677722" ><s>@</s><b>montse56</b></a> <a href="/anza72" class="twitter-atreply pretty-link js-nav" dir="ltr" data-mentioned-user-id="278182327" ><s>@</s><b>anza72</b></a> <a href="/OlgaReyesH" class="twitter-atreply pretty-link js-nav" dir="ltr" data-mentioned-user-id="106680505" ><s>@</s><b>OlgaReyesH</b></a> <a href="/bertalopezr" class="twitter-atreply pretty-link js-nav" dir="ltr" data-mentioned-user-id="265324101" ><s>@</s><b>bertalopezr</b></a> <a href="/dretavortament" class="twitter-atreply pretty-link js-nav" dir="ltr" data-mentioned-user-id="1474329612" ><s>@</s><b>dretavortament</b></a>]]></document>
		<document id="386543203044057088" url="https://twitter.com/lourdesmunoz/status/386543203044057088"><![CDATA[Joan Güell fa goig! comerç al carrer <a href="/hashtag/lescorts?src=hash" data-query-source="hashtag_click" class="twitter-hashtag pretty-link js-nav" dir="ltr" ><s>#</s><b>lescorts</b></a> <a href="/hashtag/fmlescorts?src=hash" data-query-source="hashtag_click" class="twitter-hashtag pretty-link js-nav" dir="ltr" ><s>#</s><b>fmlescorts</b></a> <a href="/hashtag/bcn?src=hash" data-query-source="hashtag_click" class="twitter-hashtag pretty-link js-nav" dir="ltr" ><s>#</s><b>bcn</b></a> <a href="/hashtag/barcelona?src=hash" data-query-source="hashtag_click" class="twitter-hashtag pretty-link js-nav" dir="ltr" ><s>#</s><b>barcelona</b></a> <a href="/hashtag/igers?src=hash" data-query-source="hashtag_click" class="twitter-hashtag pretty-link js-nav" dir="ltr" ><s>#</s><b>igers</b></a> <a href="/hashtag/igersbcn?src=hash" data-query-source="hashtag_click" class="twitter-hashtag pretty-link js-nav" dir="ltr" ><s>#</s><b>igersbcn</b></a>… <a href="http://t.co/JRkVQiUkxW" rel="nofollow noopener" dir="ltr" data-expanded-url="http://instagram.com/p/fGAvmdmCpM/" class="twitter-timeline-link" target="_blank" title="http://instagram.com/p/fGAvmdmCpM/" ><span class="tco-ellipsis"></span><span class="invisible">http://</span><span class="js-display-url">instagram.com/p/fGAvmdmCpM/</span><span class="invisible"></span><span class="tco-ellipsis"><span class="invisible">&nbsp;</span></span></a>]]></document>
		<document id="389050849257086976" url="https://twitter.com/lourdesmunoz/status/389050849257086976"><![CDATA[Dinar <a href="/hashtag/fmlescorts?src=hash" data-query-source="hashtag_click" class="twitter-hashtag pretty-link js-nav" dir="ltr" ><s>#</s><b>fmlescorts</b></a> del <a href="/psclescorts" class="twitter-atreply pretty-link js-nav" dir="ltr" data-mentioned-user-id="19922845" ><s>@</s><b>psclescorts</b></a> Parc Infantes <a href="/hashtag/lescorts?src=hash" data-query-source="hashtag_click" class="twitter-hashtag pretty-link js-nav" dir="ltr" ><s>#</s><b>lescorts</b></a> fem barri! <a href="/hashtag/barcelona?src=hash" data-query-source="hashtag_click" class="twitter-hashtag pretty-link js-nav" dir="ltr" ><s>#</s><b>barcelona</b></a> <a href="/hashtag/igers?src=hash" data-query-source="hashtag_click" class="twitter-hashtag pretty-link js-nav" dir="ltr" ><s>#</s><b>igers</b></a> <a href="/hashtag/igersbcn?src=hash" data-query-source="hashtag_click" class="twitter-hashtag pretty-link js-nav" dir="ltr" ><s>#</s><b>igersbcn</b></a>… <a href="http://t.co/ULJomIycoO" rel="nofollow noopener" dir="ltr" data-expanded-url="http://instagram.com/p/fX1M4QGCgh/" class="twitter-timeline-link" target="_blank" title="http://instagram.com/p/fX1M4QGCgh/" ><span class="tco-ellipsis"></span><span class="invisible">http://</span><span class="js-display-url">instagram.com/p/fX1M4QGCgh/</span><span class="invisible"></span><span class="tco-ellipsis"><span class="invisible">&nbsp;</span></span></a>]]></document>
		<document id="389645590671667200" url="https://twitter.com/lourdesmunoz/status/389645590671667200"><![CDATA[Tweets Awards: un reconocimiento a los mejores tuiteros <a href="http://t.co/5xSEFiXFu6" rel="nofollow noopener" dir="ltr" data-expanded-url="http://ow.ly/pMiBh" class="twitter-timeline-link" target="_blank" title="http://ow.ly/pMiBh" ><span class="tco-ellipsis"></span><span class="invisible">http://</span><span class="js-display-url">ow.ly/pMiBh</span><span class="invisible"></span><span class="tco-ellipsis"><span class="invisible">&nbsp;</span></span></a> vía <a href="/ticbeat" class="twitter-atreply pretty-link js-nav" dir="ltr" data-mentioned-user-id="82061776" ><s>@</s><b>TICbeat</b></a> <a href="/hashtag/twitter?src=hash" data-query-source="hashtag_click" class="twitter-hashtag pretty-link js-nav" dir="ltr" ><s>#</s><b>twitter</b></a>]]></document>
		<document id="390115362521378817" url="https://twitter.com/lourdesmunoz/status/390115362521378817"><![CDATA[New Post. Activitats setembre 2013 <a href="http://t.co/09qkWemGuG" rel="nofollow noopener" dir="ltr" data-expanded-url="http://bit.ly/1cRwCV4" class="twitter-timeline-link" target="_blank" title="http://bit.ly/1cRwCV4" ><span class="tco-ellipsis"></span><span class="invisible">http://</span><span class="js-display-url">bit.ly/1cRwCV4</span><span class="invisible"></span><span class="tco-ellipsis"><span class="invisible">&nbsp;</span></span></a>]]></document>
		<document id="391687781405437952" url="https://twitter.com/lourdesmunoz/status/391687781405437952"><![CDATA[19 d’octubre: 3r aniversari. Felicitats XIP! <a href="http://t.co/8xLNntAPhS" rel="nofollow noopener" dir="ltr" data-expanded-url="http://ow.ly/pYWZE" class="twitter-timeline-link" target="_blank" title="http://ow.ly/pYWZE" ><span class="tco-ellipsis"></span><span class="invisible">http://</span><span class="js-display-url">ow.ly/pYWZE</span><span class="invisible"></span><span class="tco-ellipsis"><span class="invisible">&nbsp;</span></span></a> enhorabona! <a href="/XarxaIP" class="twitter-atreply pretty-link js-nav" dir="ltr" data-mentioned-user-id="236905910" ><s>@</s><b>XarxaIP</b></a> <a href="/hashtag/ogov?src=hash" data-query-source="hashtag_click" class="twitter-hashtag pretty-link js-nav" dir="ltr" ><s>#</s><b>ogov</b></a> <a href="/hashtag/bongovern?src=hash" data-query-source="hashtag_click" class="twitter-hashtag pretty-link js-nav" dir="ltr" ><s>#</s><b>bongovern</b></a>]]></document>
		<document id="393106966375313408" url="https://twitter.com/lourdesmunoz/status/393106966375313408"><![CDATA[<a href="/hashtag/mujeres?src=hash" data-query-source="hashtag_click" class="twitter-hashtag pretty-link js-nav" dir="ltr" ><s>#</s><b>mujeres</b></a> &amp; <a href="/hashtag/tic?src=hash" data-query-source="hashtag_click" class="twitter-hashtag pretty-link js-nav" dir="ltr" ><s>#</s><b>tic</b></a> IGF 2013: How does gender intersect with internet governance? <a href="http://t.co/qa4kwQ8vbn" rel="nofollow noopener" dir="ltr" data-expanded-url="http://j.mp/1aGpcOb" class="twitter-timeline-link" target="_blank" title="http://j.mp/1aGpcOb" ><span class="tco-ellipsis"></span><span class="invisible">http://</span><span class="js-display-url">j.mp/1aGpcOb</span><span class="invisible"></span><span class="tco-ellipsis"><span class="invisible">&nbsp;</span></span></a>]]></document>
		<document id="393441606629462017" url="https://twitter.com/lourdesmunoz/status/393441606629462017"><![CDATA[New Post. <a href="/hashtag/SOSsalut?src=hash" data-query-source="hashtag_click" class="twitter-hashtag pretty-link js-nav" dir="ltr" ><s>#</s><b>SOSsalut</b></a> cordons sanitaris a Barcelona <a href="http://t.co/9CQtJjgu35" rel="nofollow noopener" dir="ltr" data-expanded-url="http://bit.ly/1c0HwEe" class="twitter-timeline-link" target="_blank" title="http://bit.ly/1c0HwEe" ><span class="tco-ellipsis"></span><span class="invisible">http://</span><span class="js-display-url">bit.ly/1c0HwEe</span><span class="invisible"></span><span class="tco-ellipsis"><span class="invisible">&nbsp;</span></span></a>]]></document>
		<document id="395641539151790080" url="https://twitter.com/lourdesmunoz/status/395641539151790080"><![CDATA[Assamblea <a href="/hashtag/sosbarris?src=hash" data-query-source="hashtag_click" class="twitter-hashtag pretty-link js-nav" dir="ltr" ><s>#</s><b>sosbarris</b></a> 30 barris amb mes necessitats de <a href="/hashtag/barcelona?src=hash" data-query-source="hashtag_click" class="twitter-hashtag pretty-link js-nav" dir="ltr" ><s>#</s><b>barcelona</b></a> <a href="/hashtag/igers?src=hash" data-query-source="hashtag_click" class="twitter-hashtag pretty-link js-nav" dir="ltr" ><s>#</s><b>igers</b></a> <a href="/hashtag/igersbcn?src=hash" data-query-source="hashtag_click" class="twitter-hashtag pretty-link js-nav" dir="ltr" ><s>#</s><b>igersbcn</b></a> <a href="/hashtag/igersbarcelona?src=hash" data-query-source="hashtag_click" class="twitter-hashtag pretty-link js-nav" dir="ltr" ><s>#</s><b>igersbarcelona</b></a>… <a href="http://t.co/lWKYnKOB4m" rel="nofollow noopener" dir="ltr" data-expanded-url="http://instagram.com/p/gGqXMNGCmV/" class="twitter-timeline-link" target="_blank" title="http://instagram.com/p/gGqXMNGCmV/" ><span class="tco-ellipsis"></span><span class="invisible">http://</span><span class="js-display-url">instagram.com/p/gGqXMNGCmV/</span><span class="invisible"></span><span class="tco-ellipsis"><span class="invisible">&nbsp;</span></span></a>]]></document>
		<document id="396247154626691072" url="https://twitter.com/lourdesmunoz/status/396247154626691072"><![CDATA[<a href="/hashtag/ff?src=hash" data-query-source="hashtag_click" class="twitter-hashtag pretty-link js-nav" dir="ltr" ><s>#</s><b>ff</b></a> corvermell <a href="/rangeltarres" class="twitter-atreply pretty-link js-nav" dir="ltr" data-mentioned-user-id="218253233" ><s>@</s><b>rangeltarres</b></a>: <a href="/tatarlak" class="twitter-atreply pretty-link js-nav" dir="ltr" data-mentioned-user-id="38906741" ><s>@</s><b>tatarlak</b></a> <a href="/MainatJM" class="twitter-atreply pretty-link js-nav" dir="ltr" data-mentioned-user-id="255092527" ><s>@</s><b>MainatJM</b></a> <a href="/PSCupdates" class="twitter-atreply pretty-link js-nav" dir="ltr" data-mentioned-user-id="87401080" ><s>@</s><b>PSCupdates</b></a> <a href="/nuriaparlon" class="twitter-atreply pretty-link js-nav" dir="ltr" data-mentioned-user-id="233858696" ><s>@</s><b>nuriaparlon</b></a> <a href="/NuriaVentura" class="twitter-atreply pretty-link js-nav" dir="ltr" data-mentioned-user-id="16450823" ><s>@</s><b>NuriaVentura</b></a> <a href="/magdacas" class="twitter-atreply pretty-link js-nav" dir="ltr" data-mentioned-user-id="120471611" ><s>@</s><b>magdacas</b></a>]]></document>
		<document id="397478364685934592" url="https://twitter.com/lourdesmunoz/status/397478364685934592"><![CDATA[<a href="/hashtag/wert?src=hash" data-query-source="hashtag_click" class="twitter-hashtag pretty-link js-nav" dir="ltr" ><s>#</s><b>wert</b></a> <a href="/hashtag/educacio?src=hash" data-query-source="hashtag_click" class="twitter-hashtag pretty-link js-nav" dir="ltr" ><s>#</s><b>educacio</b></a> RT <a href="/neusbonet" class="twitter-atreply pretty-link js-nav" dir="ltr" data-mentioned-user-id="14197633" ><s>@</s><b>neusbonet</b></a>: <a href="/hashtag/ErasmusRIP?src=hash" data-query-source="hashtag_click" class="twitter-hashtag pretty-link js-nav" dir="ltr" ><s>#</s><b>ErasmusRIP</b></a> Jo ja he signat. I tu?<a href="http://t.co/qo7UOvMyha" rel="nofollow noopener" dir="ltr" data-expanded-url="http://www.change.org/es/peticiones/ministerio-de-educaci%C3%B3n-que-se-mantengan-las-becas-erasmus-para-universitarios-que-no-reciben-la-beca-general-erasmusrip?share_id=VVzXwDZmJk" class="twitter-timeline-link u-hidden" target="_blank" title="http://www.change.org/es/peticiones/ministerio-de-educaci%C3%B3n-que-se-mantengan-las-becas-erasmus-para-universitarios-que-no-reciben-la-beca-general-erasmusrip?share_id=VVzXwDZmJk" ><span class="tco-ellipsis"></span><span class="invisible">http://www.</span><span class="js-display-url">change.org/es/peticiones/</span><span class="invisible">ministerio-de-educaci%C3%B3n-que-se-mantengan-las-becas-erasmus-para-universitarios-que-no-reciben-la-beca-general-erasmusrip?share_id=VVzXwDZmJk</span><span class="tco-ellipsis"><span class="invisible">&nbsp;</span>…</span></a>]]></document>
		<document id="399906633444524032" url="https://twitter.com/lourdesmunoz/status/399906633444524032"><![CDATA[<a href="/montserratboix" class="twitter-atreply pretty-link js-nav" dir="ltr" data-mentioned-user-id="40266370" ><s>@</s><b>montserratboix</b></a> si! Lo vot a hacer , te gustara: software libre + ciberderechos por ley]]></document>
		<document id="401421277380231168" url="https://twitter.com/lourdesmunoz/status/401421277380231168"><![CDATA[<a href="/hashtag/wifiabierto?src=hash" data-query-source="hashtag_click" class="twitter-hashtag pretty-link js-nav" dir="ltr" ><s>#</s><b>wifiabierto</b></a> <a href="/hashtag/Open?src=hash" data-query-source="hashtag_click" class="twitter-hashtag pretty-link js-nav" dir="ltr" ><s>#</s><b>Open</b></a> Wireless Movement: por un wifi global abierto<a href="http://t.co/xOBo4R91Uh" rel="nofollow noopener" dir="ltr" data-expanded-url="http://www.eldiario.es/_bae6d03" class="twitter-timeline-link u-hidden" target="_blank" title="http://www.eldiario.es/_bae6d03" ><span class="tco-ellipsis"></span><span class="invisible">http://www.</span><span class="js-display-url">eldiario.es/_bae6d03</span><span class="invisible"></span><span class="tco-ellipsis"><span class="invisible">&nbsp;</span></span></a>]]></document>
		<document id="403802538996408320" url="https://twitter.com/lourdesmunoz/status/403802538996408320"><![CDATA[<a href="/hashtag/ff?src=hash" data-query-source="hashtag_click" class="twitter-hashtag pretty-link js-nav" dir="ltr" ><s>#</s><b>ff</b></a> <a href="/hashtag/corvermell?src=hash" data-query-source="hashtag_click" class="twitter-hashtag pretty-link js-nav" dir="ltr" ><s>#</s><b>corvermell</b></a> <a href="/rangeltarres" class="twitter-atreply pretty-link js-nav" dir="ltr" data-mentioned-user-id="218253233" ><s>@</s><b>rangeltarres</b></a> <a href="/tatarlak" class="twitter-atreply pretty-link js-nav" dir="ltr" data-mentioned-user-id="38906741" ><s>@</s><b>tatarlak</b></a> <a href="/MainatJM" class="twitter-atreply pretty-link js-nav" dir="ltr" data-mentioned-user-id="255092527" ><s>@</s><b>MainatJM</b></a> <a href="/PSCPremsa" class="twitter-atreply pretty-link js-nav" dir="ltr" data-mentioned-user-id="214550497" ><s>@</s><b>PSCPremsa</b></a> <a href="/PSCupdates" class="twitter-atreply pretty-link js-nav" dir="ltr" data-mentioned-user-id="87401080" ><s>@</s><b>PSCupdates</b></a> <a href="/nuriaparlon" class="twitter-atreply pretty-link js-nav" dir="ltr" data-mentioned-user-id="233858696" ><s>@</s><b>nuriaparlon</b></a> <a href="/NuriaVentura" class="twitter-atreply pretty-link js-nav" dir="ltr" data-mentioned-user-id="16450823" ><s>@</s><b>NuriaVentura</b></a> <a href="/magdacas" class="twitter-atreply pretty-link js-nav" dir="ltr" data-mentioned-user-id="120471611" ><s>@</s><b>magdacas</b></a>]]></document>
		<document id="405114188197941248" url="https://twitter.com/lourdesmunoz/status/405114188197941248"><![CDATA[moltes gràcies per publicar article <a href="/hashtag/25n?src=hash" data-query-source="hashtag_click" class="twitter-hashtag pretty-link js-nav" dir="ltr" ><s>#</s><b>25n</b></a> <a href="/FraykinJavier" class="twitter-atreply pretty-link js-nav" dir="ltr" data-mentioned-user-id="343894228" ><s>@</s><b>FraykinJavier</b></a> <a href="/ComIgualtatPSC" class="twitter-atreply pretty-link js-nav" dir="ltr" data-mentioned-user-id="435239250" ><s>@</s><b>ComIgualtatPSC</b></a> <a href="/mujeresenred" class="twitter-atreply pretty-link js-nav" dir="ltr" data-mentioned-user-id="17647946" ><s>@</s><b>mujeresenred</b></a> <a href="/FeministesCAT" class="twitter-atreply pretty-link js-nav" dir="ltr" data-mentioned-user-id="600198371" ><s>@</s><b>FeministesCAT</b></a> <a href="/Pere_Joan_3000" class="twitter-atreply pretty-link js-nav" dir="ltr" data-mentioned-user-id="246434191" ><s>@</s><b>Pere_Joan_3000</b></a> @DonesCompromeses]]></document>
		<document id="405334410456993792" url="https://twitter.com/lourdesmunoz/status/405334410456993792"><![CDATA[<a href="/hashtag/agenda?src=hash" data-query-source="hashtag_click" class="twitter-hashtag pretty-link js-nav" dir="ltr" ><s>#</s><b>agenda</b></a> <a href="/hashtag/dones?src=hash" data-query-source="hashtag_click" class="twitter-hashtag pretty-link js-nav" dir="ltr" ><s>#</s><b>dones</b></a> RT <a href="/MostraDones" class="twitter-atreply pretty-link js-nav" dir="ltr" data-mentioned-user-id="373860528" ><s>@</s><b>MostraDones</b></a>: Facebook <a href="http://t.co/9x58BlyEvc" rel="nofollow noopener" dir="ltr" data-expanded-url="http://on.fb.me/17TI7dk" class="twitter-timeline-link" target="_blank" title="http://on.fb.me/17TI7dk" ><span class="tco-ellipsis"></span><span class="invisible">http://</span><span class="js-display-url">on.fb.me/17TI7dk</span><span class="invisible"></span><span class="tco-ellipsis"><span class="invisible">&nbsp;</span></span></a> programa Mostra als <a href="/BolicheCinemes" class="twitter-atreply pretty-link js-nav" dir="ltr" data-mentioned-user-id="1241159774" ><s>@</s><b>BolicheCinemes</b></a> Aquest dj28/20h Zur Person Hannah Arendt]]></document>
		<document id="408262830375178240" url="https://twitter.com/lourdesmunoz/status/408262830375178240"><![CDATA[New Post. Activitats octubre 2013 <a href="http://t.co/HLAfZElCxl" rel="nofollow noopener" dir="ltr" data-expanded-url="http://bit.ly/1kaNV2j" class="twitter-timeline-link" target="_blank" title="http://bit.ly/1kaNV2j" ><span class="tco-ellipsis"></span><span class="invisible">http://</span><span class="js-display-url">bit.ly/1kaNV2j</span><span class="invisible"></span><span class="tco-ellipsis"><span class="invisible">&nbsp;</span></span></a>]]></document>
		<document id="409343346176708608" url="https://twitter.com/lourdesmunoz/status/409343346176708608"><![CDATA[Mercat <a href="/hashtag/lescorts?src=hash" data-query-source="hashtag_click" class="twitter-hashtag pretty-link js-nav" dir="ltr" ><s>#</s><b>lescorts</b></a> <a href="/hashtag/inspirabcn?src=hash" data-query-source="hashtag_click" class="twitter-hashtag pretty-link js-nav" dir="ltr" ><s>#</s><b>inspirabcn</b></a>  <a href="/hashtag/igersbarcelona?src=hash" data-query-source="hashtag_click" class="twitter-hashtag pretty-link js-nav" dir="ltr" ><s>#</s><b>igersbarcelona</b></a> <a href="/hashtag/inspiralescorts?src=hash" data-query-source="hashtag_click" class="twitter-hashtag pretty-link js-nav" dir="ltr" ><s>#</s><b>inspiralescorts</b></a> <a href="/hashtag/barcelona?src=hash" data-query-source="hashtag_click" class="twitter-hashtag pretty-link js-nav" dir="ltr" ><s>#</s><b>barcelona</b></a> <a href="/hashtag/city?src=hash" data-query-source="hashtag_click" class="twitter-hashtag pretty-link js-nav" dir="ltr" ><s>#</s><b>city</b></a> <a href="/hashtag/raconsbcn?src=hash" data-query-source="hashtag_click" class="twitter-hashtag pretty-link js-nav" dir="ltr" ><s>#</s><b>raconsbcn</b></a> <a href="/hashtag/bcnfotodeldia?src=hash" data-query-source="hashtag_click" class="twitter-hashtag pretty-link js-nav" dir="ltr" ><s>#</s><b>bcnfotodeldia</b></a> <a href="http://t.co/PL0TeqUsbW" rel="nofollow noopener" dir="ltr" data-expanded-url="http://instagram.com/p/hoBWvnmCns/" class="twitter-timeline-link" target="_blank" title="http://instagram.com/p/hoBWvnmCns/" ><span class="tco-ellipsis"></span><span class="invisible">http://</span><span class="js-display-url">instagram.com/p/hoBWvnmCns/</span><span class="invisible"></span><span class="tco-ellipsis"><span class="invisible">&nbsp;</span></span></a>]]></document>
		<document id="409774510511230977" url="https://twitter.com/lourdesmunoz/status/409774510511230977"><![CDATA[The New York Times + Open Knowledge Foundation el 16/12/13 <a href="/okfn_spain" class="twitter-atreply pretty-link js-nav" dir="ltr" data-mentioned-user-id="601848129" ><s>@</s><b>okfn_spain</b></a> <a href="/CCCBLab" class="twitter-atreply pretty-link js-nav" dir="ltr" data-mentioned-user-id="43664690" ><s>@</s><b>cccblab</b></a> <a href="/FCBlanquerna" class="twitter-atreply pretty-link js-nav" dir="ltr" data-mentioned-user-id="2588992284" ><s>@</s><b>fcblanquerna</b></a> <a href="http://t.co/s8Awvu1fyy" rel="nofollow noopener" dir="ltr" data-expanded-url="http://ow.ly/rz7LO" class="twitter-timeline-link" target="_blank" title="http://ow.ly/rz7LO" ><span class="tco-ellipsis"></span><span class="invisible">http://</span><span class="js-display-url">ow.ly/rz7LO</span><span class="invisible"></span><span class="tco-ellipsis"><span class="invisible">&nbsp;</span></span></a> de <a href="/kpeiro" class="twitter-atreply pretty-link js-nav" dir="ltr" data-mentioned-user-id="20760565" ><s>@</s><b>kpeiro</b></a> <a href="/hashtag/open?src=hash" data-query-source="hashtag_click" class="twitter-hashtag pretty-link js-nav" dir="ltr" ><s>#</s><b>open</b></a>]]></document>
		<document id="410714181231706112" url="https://twitter.com/lourdesmunoz/status/410714181231706112"><![CDATA[Conociendo a fondo Metropolis <a href="/hashtag/women?src=hash" data-query-source="hashtag_click" class="twitter-hashtag pretty-link js-nav" dir="ltr" ><s>#</s><b>women</b></a> internacional network <a href="/hashtag/mujeres?src=hash" data-query-source="hashtag_click" class="twitter-hashtag pretty-link js-nav" dir="ltr" ><s>#</s><b>mujeres</b></a> <a href="/hashtag/redes?src=hash" data-query-source="hashtag_click" class="twitter-hashtag pretty-link js-nav" dir="ltr" ><s>#</s><b>redes</b></a> <a href="http://t.co/JHm8EigMAo" rel="nofollow noopener" dir="ltr" data-expanded-url="http://ow.ly/i/3Zor3" class="twitter-timeline-link" target="_blank" title="http://ow.ly/i/3Zor3" ><span class="tco-ellipsis"></span><span class="invisible">http://</span><span class="js-display-url">ow.ly/i/3Zor3</span><span class="invisible"></span><span class="tco-ellipsis"><span class="invisible">&nbsp;</span></span></a>]]></document>
		<document id="411503694056673280" url="https://twitter.com/lourdesmunoz/status/411503694056673280"><![CDATA[<a href="/JoanatTorres" class="twitter-atreply pretty-link js-nav" dir="ltr" data-mentioned-user-id="1348562534" ><s>@</s><b>JoanatTorres</b></a> <a href="/isaparici" class="twitter-atreply pretty-link js-nav" dir="ltr" data-mentioned-user-id="944330605" ><s>@</s><b>isaparici</b></a> <a href="/JoanQueralt" class="twitter-atreply pretty-link js-nav" dir="ltr" data-mentioned-user-id="46065971" ><s>@</s><b>JoanQueralt</b></a> <a href="/pacobrunet" class="twitter-atreply pretty-link js-nav" dir="ltr" data-mentioned-user-id="389039038" ><s>@</s><b>pacobrunet</b></a> <a href="/SandraGimeno" class="twitter-atreply pretty-link js-nav" dir="ltr" data-mentioned-user-id="287730514" ><s>@</s><b>SandraGimeno</b></a> @coma_monts <a href="/malangahervida" class="twitter-atreply pretty-link js-nav" dir="ltr" data-mentioned-user-id="353309952" ><s>@</s><b>malangahervida</b></a> <a href="/GuineuPirineu" class="twitter-atreply pretty-link js-nav" dir="ltr" data-mentioned-user-id="793943480" ><s>@</s><b>GuineuPirineu</b></a> <a href="/hashtag/ff?src=hash" data-query-source="hashtag_click" class="twitter-hashtag pretty-link js-nav" dir="ltr" ><s>#</s><b>ff</b></a> per promoure <a href="/hashtag/MANGO40?src=hash" data-query-source="hashtag_click" class="twitter-hashtag pretty-link js-nav" dir="ltr" ><s>#</s><b>MANGO40</b></a>]]></document>
		<document id="413006615223099392" url="https://twitter.com/lourdesmunoz/status/413006615223099392"><![CDATA[New Post. Actes novembre 2013 <a href="http://t.co/sRO4pMr5rU" rel="nofollow noopener" dir="ltr" data-expanded-url="http://bit.ly/JDNH96" class="twitter-timeline-link" target="_blank" title="http://bit.ly/JDNH96" ><span class="tco-ellipsis"></span><span class="invisible">http://</span><span class="js-display-url">bit.ly/JDNH96</span><span class="invisible"></span><span class="tco-ellipsis"><span class="invisible">&nbsp;</span></span></a>]]></document>
		<document id="415514432803201024" url="https://twitter.com/lourdesmunoz/status/415514432803201024"><![CDATA[<a href="/rangeltarres" class="twitter-atreply pretty-link js-nav" dir="ltr" data-mentioned-user-id="218253233" ><s>@</s><b>rangeltarres</b></a> <a href="/NuriaVentura" class="twitter-atreply pretty-link js-nav" dir="ltr" data-mentioned-user-id="16450823" ><s>@</s><b>NuriaVentura</b></a> <a href="/nuriaparlon" class="twitter-atreply pretty-link js-nav" dir="ltr" data-mentioned-user-id="233858696" ><s>@</s><b>nuriaparlon</b></a> <a href="/tatarlak" class="twitter-atreply pretty-link js-nav" dir="ltr" data-mentioned-user-id="38906741" ><s>@</s><b>tatarlak</b></a> <a href="/MainatJM" class="twitter-atreply pretty-link js-nav" dir="ltr" data-mentioned-user-id="255092527" ><s>@</s><b>MainatJM</b></a>  Bones festes! <a href="/hashtag/corvermell?src=hash" data-query-source="hashtag_click" class="twitter-hashtag pretty-link js-nav" dir="ltr" ><s>#</s><b>corvermell</b></a> <a href="/hashtag/fentxarxa?src=hash" data-query-source="hashtag_click" class="twitter-hashtag pretty-link js-nav" dir="ltr" ><s>#</s><b>fentxarxa</b></a>]]></document>
		<document id="417007182069391360" url="https://twitter.com/lourdesmunoz/status/417007182069391360"><![CDATA[Curious, para aprender y crear lecciones interactivas <a href="http://t.co/QVKc9UblnG" rel="nofollow noopener" dir="ltr" data-expanded-url="http://ow.ly/s7hz5" class="twitter-timeline-link" target="_blank" title="http://ow.ly/s7hz5" ><span class="tco-ellipsis"></span><span class="invisible">http://</span><span class="js-display-url">ow.ly/s7hz5</span><span class="invisible"></span><span class="tco-ellipsis"><span class="invisible">&nbsp;</span></span></a> vía <a href="/wwwhatsnew" class="twitter-atreply pretty-link js-nav" dir="ltr" data-mentioned-user-id="1636821" ><s>@</s><b>wwwhatsnew</b></a>]]></document>
		<document id="417671000063758336" url="https://twitter.com/lourdesmunoz/status/417671000063758336"><![CDATA[Resumen #2013 vuestras preferidas <a href="/hashtag/instagood?src=hash" data-query-source="hashtag_click" class="twitter-hashtag pretty-link js-nav" dir="ltr" ><s>#</s><b>instagood</b></a> <a href="/hashtag/igers?src=hash" data-query-source="hashtag_click" class="twitter-hashtag pretty-link js-nav" dir="ltr" ><s>#</s><b>igers</b></a> <a href="/hashtag/igersbcn?src=hash" data-query-source="hashtag_click" class="twitter-hashtag pretty-link js-nav" dir="ltr" ><s>#</s><b>igersbcn</b></a> <a href="/hashtag/igerscatalunya?src=hash" data-query-source="hashtag_click" class="twitter-hashtag pretty-link js-nav" dir="ltr" ><s>#</s><b>igerscatalunya</b></a> <a href="/hashtag/memostatigram?src=hash" data-query-source="hashtag_click" class="twitter-hashtag pretty-link js-nav" dir="ltr" ><s>#</s><b>memostatigram</b></a> <a href="/hashtag/imagenes?src=hash" data-query-source="hashtag_click" class="twitter-hashtag pretty-link js-nav" dir="ltr" ><s>#</s><b>imagenes</b></a>… <a href="http://t.co/fduVwiEYS2" rel="nofollow noopener" dir="ltr" data-expanded-url="http://instagram.com/p/ijL9kbGCqn/" class="twitter-timeline-link" target="_blank" title="http://instagram.com/p/ijL9kbGCqn/" ><span class="tco-ellipsis"></span><span class="invisible">http://</span><span class="js-display-url">instagram.com/p/ijL9kbGCqn/</span><span class="invisible"></span><span class="tco-ellipsis"><span class="invisible">&nbsp;</span></span></a>]]></document>
		<document id="420188335676862465" url="https://twitter.com/lourdesmunoz/status/420188335676862465"><![CDATA[Retrospectiva del meu any #2013 ( segons facebook) Moments, imatges, idees per un any molt intens <a href="http://t.co/xUN2Oetmc9" rel="nofollow noopener" dir="ltr" data-expanded-url="http://on.fb.me/1klSo7J" class="twitter-timeline-link" target="_blank" title="http://on.fb.me/1klSo7J" ><span class="tco-ellipsis"></span><span class="invisible">http://</span><span class="js-display-url">on.fb.me/1klSo7J</span><span class="invisible"></span><span class="tco-ellipsis"><span class="invisible">&nbsp;</span></span></a>]]></document>
		<document id="422498314659975168" url="https://twitter.com/lourdesmunoz/status/422498314659975168"><![CDATA[<a href="/Perriwy" class="twitter-atreply pretty-link js-nav" dir="ltr" data-mentioned-user-id="39519730" ><s>@</s><b>Perriwy</b></a> buen matiz!]]></document>
		<document id="423576129669464065" url="https://twitter.com/lourdesmunoz/status/423576129669464065"><![CDATA[Cristalleries planells <a href="/hashtag/raconsbcn?src=hash" data-query-source="hashtag_click" class="twitter-hashtag pretty-link js-nav" dir="ltr" ><s>#</s><b>raconsbcn</b></a> bcn_lescorts <a href="/hashtag/bcn?src=hash" data-query-source="hashtag_click" class="twitter-hashtag pretty-link js-nav" dir="ltr" ><s>#</s><b>bcn</b></a> <a href="http://t.co/uhJRiE3HJS" rel="nofollow noopener" dir="ltr" data-expanded-url="http://instagram.com/p/jNJU1MROVG" class="twitter-timeline-link" target="_blank" title="http://instagram.com/p/jNJU1MROVG" ><span class="tco-ellipsis"></span><span class="invisible">http://</span><span class="js-display-url">instagram.com/p/jNJU1MROVG</span><span class="invisible"></span><span class="tco-ellipsis"><span class="invisible">&nbsp;</span></span></a>]]></document>
		<document id="425691180324511744" url="https://twitter.com/lourdesmunoz/status/425691180324511744"><![CDATA[New Post. Xat sobre <a href="/hashtag/primariesobertesbcn?src=hash" data-query-source="hashtag_click" class="twitter-hashtag pretty-link js-nav" dir="ltr" ><s>#</s><b>primariesobertesbcn</b></a> <a href="http://t.co/podLaFKwWj" rel="nofollow noopener" dir="ltr" data-expanded-url="http://bit.ly/KzwRbA" class="twitter-timeline-link" target="_blank" title="http://bit.ly/KzwRbA" ><span class="tco-ellipsis"></span><span class="invisible">http://</span><span class="js-display-url">bit.ly/KzwRbA</span><span class="invisible"></span><span class="tco-ellipsis"><span class="invisible">&nbsp;</span></span></a>]]></document>
		<document id="385383341442101249" url="https://twitter.com/lourdesmunoz/status/385383341442101249"><![CDATA[New Post. 8.000 followers. Què m’aporta twitter? <a href="http://t.co/ZFWLQNyPSw" rel="nofollow noopener" dir="ltr" data-expanded-url="http://bit.ly/18OgBM1" class="twitter-timeline-link" target="_blank" title="http://bit.ly/18OgBM1" ><span class="tco-ellipsis"></span><span class="invisible">http://</span><span class="js-display-url">bit.ly/18OgBM1</span><span class="invisible"></span><span class="tco-ellipsis"><span class="invisible">&nbsp;</span></span></a>]]></document>
		<document id="385416598284402688" url="https://twitter.com/lourdesmunoz/status/385416598284402688"><![CDATA[A twitter  M’enxarxo <a href="http://t.co/jMCiuzbE9v" rel="nofollow noopener" dir="ltr" data-expanded-url="http://bit.ly/GzPPw5" class="twitter-timeline-link" target="_blank" title="http://bit.ly/GzPPw5" ><span class="tco-ellipsis"></span><span class="invisible">http://</span><span class="js-display-url">bit.ly/GzPPw5</span><span class="invisible"></span><span class="tco-ellipsis"><span class="invisible">&nbsp;</span></span></a> 8.000 followers. Què m’aporta twitter?(bloc)]]></document>
		<document id="385427754491342848" url="https://twitter.com/lourdesmunoz/status/385427754491342848"><![CDATA[Twitter M’activa <a href="http://t.co/jMCiuzbE9v" rel="nofollow noopener" dir="ltr" data-expanded-url="http://bit.ly/GzPPw5" class="twitter-timeline-link" target="_blank" title="http://bit.ly/GzPPw5" ><span class="tco-ellipsis"></span><span class="invisible">http://</span><span class="js-display-url">bit.ly/GzPPw5</span><span class="invisible"></span><span class="tco-ellipsis"><span class="invisible">&nbsp;</span></span></a> 8.000 followers. Què m’aporta twitter?(bloc)]]></document>
		<document id="385690796025847809" url="https://twitter.com/lourdesmunoz/status/385690796025847809"><![CDATA[New Post. 8.000 followers. ¿Qué me aporta twitter? <a href="http://t.co/V7sdC7NvbM" rel="nofollow noopener" dir="ltr" data-expanded-url="http://bit.ly/1byGnUM" class="twitter-timeline-link" target="_blank" title="http://bit.ly/1byGnUM" ><span class="tco-ellipsis"></span><span class="invisible">http://</span><span class="js-display-url">bit.ly/1byGnUM</span><span class="invisible"></span><span class="tco-ellipsis"><span class="invisible">&nbsp;</span></span></a>]]></document>
		<document id="386113288377237504" url="https://twitter.com/lourdesmunoz/status/386113288377237504"><![CDATA[<a href="/hashtag/ff?src=hash" data-query-source="hashtag_click" class="twitter-hashtag pretty-link js-nav" dir="ltr" ><s>#</s><b>ff</b></a> promoure <a href="/hashtag/28s?src=hash" data-query-source="hashtag_click" class="twitter-hashtag pretty-link js-nav" dir="ltr" ><s>#</s><b>28s</b></a> <a href="/hashtag/donesdecidim?src=hash" data-query-source="hashtag_click" class="twitter-hashtag pretty-link js-nav" dir="ltr" ><s>#</s><b>donesdecidim</b></a> <a href="/Jesskeyring" class="twitter-atreply pretty-link js-nav" dir="ltr" data-mentioned-user-id="487097154" ><s>@</s><b>Jesskeyring</b></a> <a href="/stercanete" class="twitter-atreply pretty-link js-nav" dir="ltr" data-mentioned-user-id="325835449" ><s>@</s><b>stercanete</b></a> <a href="/montse56" class="twitter-atreply pretty-link js-nav" dir="ltr" data-mentioned-user-id="113677722" ><s>@</s><b>montse56</b></a> <a href="/anza72" class="twitter-atreply pretty-link js-nav" dir="ltr" data-mentioned-user-id="278182327" ><s>@</s><b>anza72</b></a> <a href="/OlgaReyesH" class="twitter-atreply pretty-link js-nav" dir="ltr" data-mentioned-user-id="106680505" ><s>@</s><b>OlgaReyesH</b></a> <a href="/bertalopezr" class="twitter-atreply pretty-link js-nav" dir="ltr" data-mentioned-user-id="265324101" ><s>@</s><b>bertalopezr</b></a> <a href="/dretavortament" class="twitter-atreply pretty-link js-nav" dir="ltr" data-mentioned-user-id="1474329612" ><s>@</s><b>dretavortament</b></a>]]></document>
		<document id="386543203044057088" url="https://twitter.com/lourdesmunoz/status/386543203044057088"><![CDATA[Joan Güell fa goig! comerç al carrer <a href="/hashtag/lescorts?src=hash" data-query-source="hashtag_click" class="twitter-hashtag pretty-link js-nav" dir="ltr" ><s>#</s><b>lescorts</b></a> <a href="/hashtag/fmlescorts?src=hash" data-query-source="hashtag_click" class="twitter-hashtag pretty-link js-nav" dir="ltr" ><s>#</s><b>fmlescorts</b></a> <a href="/hashtag/bcn?src=hash" data-query-source="hashtag_click" class="twitter-hashtag pretty-link js-nav" dir="ltr" ><s>#</s><b>bcn</b></a> <a href="/hashtag/barcelona?src=hash" data-query-source="hashtag_click" class="twitter-hashtag pretty-link js-nav" dir="ltr" ><s>#</s><b>barcelona</b></a> <a href="/hashtag/igers?src=hash" data-query-source="hashtag_click" class="twitter-hashtag pretty-link js-nav" dir="ltr" ><s>#</s><b>igers</b></a> <a href="/hashtag/igersbcn?src=hash" data-query-source="hashtag_click" class="twitter-hashtag pretty-link js-nav" dir="ltr" ><s>#</s><b>igersbcn</b></a>… <a href="http://t.co/JRkVQiUkxW" rel="nofollow noopener" dir="ltr" data-expanded-url="http://instagram.com/p/fGAvmdmCpM/" class="twitter-timeline-link" target="_blank" title="http://instagram.com/p/fGAvmdmCpM/" ><span class="tco-ellipsis"></span><span class="invisible">http://</span><span class="js-display-url">instagram.com/p/fGAvmdmCpM/</span><span class="invisible"></span><span class="tco-ellipsis"><span class="invisible">&nbsp;</span></span></a>]]></document>
		<document id="389050849257086976" url="https://twitter.com/lourdesmunoz/status/389050849257086976"><![CDATA[Dinar <a href="/hashtag/fmlescorts?src=hash" data-query-source="hashtag_click" class="twitter-hashtag pretty-link js-nav" dir="ltr" ><s>#</s><b>fmlescorts</b></a> del <a href="/psclescorts" class="twitter-atreply pretty-link js-nav" dir="ltr" data-mentioned-user-id="19922845" ><s>@</s><b>psclescorts</b></a> Parc Infantes <a href="/hashtag/lescorts?src=hash" data-query-source="hashtag_click" class="twitter-hashtag pretty-link js-nav" dir="ltr" ><s>#</s><b>lescorts</b></a> fem barri! <a href="/hashtag/barcelona?src=hash" data-query-source="hashtag_click" class="twitter-hashtag pretty-link js-nav" dir="ltr" ><s>#</s><b>barcelona</b></a> <a href="/hashtag/igers?src=hash" data-query-source="hashtag_click" class="twitter-hashtag pretty-link js-nav" dir="ltr" ><s>#</s><b>igers</b></a> <a href="/hashtag/igersbcn?src=hash" data-query-source="hashtag_click" class="twitter-hashtag pretty-link js-nav" dir="ltr" ><s>#</s><b>igersbcn</b></a>… <a href="http://t.co/ULJomIycoO" rel="nofollow noopener" dir="ltr" data-expanded-url="http://instagram.com/p/fX1M4QGCgh/" class="twitter-timeline-link" target="_blank" title="http://instagram.com/p/fX1M4QGCgh/" ><span class="tco-ellipsis"></span><span class="invisible">http://</span><span class="js-display-url">instagram.com/p/fX1M4QGCgh/</span><span class="invisible"></span><span class="tco-ellipsis"><span class="invisible">&nbsp;</span></span></a>]]></document>
		<document id="389645590671667200" url="https://twitter.com/lourdesmunoz/status/389645590671667200"><![CDATA[Tweets Awards: un reconocimiento a los mejores tuiteros <a href="http://t.co/5xSEFiXFu6" rel="nofollow noopener" dir="ltr" data-expanded-url="http://ow.ly/pMiBh" class="twitter-timeline-link" target="_blank" title="http://ow.ly/pMiBh" ><span class="tco-ellipsis"></span><span class="invisible">http://</span><span class="js-display-url">ow.ly/pMiBh</span><span class="invisible"></span><span class="tco-ellipsis"><span class="invisible">&nbsp;</span></span></a> vía <a href="/ticbeat" class="twitter-atreply pretty-link js-nav" dir="ltr" data-mentioned-user-id="82061776" ><s>@</s><b>TICbeat</b></a> <a href="/hashtag/twitter?src=hash" data-query-source="hashtag_click" class="twitter-hashtag pretty-link js-nav" dir="ltr" ><s>#</s><b>twitter</b></a>]]></document>
		<document id="390115362521378817" url="https://twitter.com/lourdesmunoz/status/390115362521378817"><![CDATA[New Post. Activitats setembre 2013 <a href="http://t.co/09qkWemGuG" rel="nofollow noopener" dir="ltr" data-expanded-url="http://bit.ly/1cRwCV4" class="twitter-timeline-link" target="_blank" title="http://bit.ly/1cRwCV4" ><span class="tco-ellipsis"></span><span class="invisible">http://</span><span class="js-display-url">bit.ly/1cRwCV4</span><span class="invisible"></span><span class="tco-ellipsis"><span class="invisible">&nbsp;</span></span></a>]]></document>
		<document id="391687781405437952" url="https://twitter.com/lourdesmunoz/status/391687781405437952"><![CDATA[19 d’octubre: 3r aniversari. Felicitats XIP! <a href="http://t.co/8xLNntAPhS" rel="nofollow noopener" dir="ltr" data-expanded-url="http://ow.ly/pYWZE" class="twitter-timeline-link" target="_blank" title="http://ow.ly/pYWZE" ><span class="tco-ellipsis"></span><span class="invisible">http://</span><span class="js-display-url">ow.ly/pYWZE</span><span class="invisible"></span><span class="tco-ellipsis"><span class="invisible">&nbsp;</span></span></a> enhorabona! <a href="/XarxaIP" class="twitter-atreply pretty-link js-nav" dir="ltr" data-mentioned-user-id="236905910" ><s>@</s><b>XarxaIP</b></a> <a href="/hashtag/ogov?src=hash" data-query-source="hashtag_click" class="twitter-hashtag pretty-link js-nav" dir="ltr" ><s>#</s><b>ogov</b></a> <a href="/hashtag/bongovern?src=hash" data-query-source="hashtag_click" class="twitter-hashtag pretty-link js-nav" dir="ltr" ><s>#</s><b>bongovern</b></a>]]></document>
		<document id="393106966375313408" url="https://twitter.com/lourdesmunoz/status/393106966375313408"><![CDATA[<a href="/hashtag/mujeres?src=hash" data-query-source="hashtag_click" class="twitter-hashtag pretty-link js-nav" dir="ltr" ><s>#</s><b>mujeres</b></a> &amp; <a href="/hashtag/tic?src=hash" data-query-source="hashtag_click" class="twitter-hashtag pretty-link js-nav" dir="ltr" ><s>#</s><b>tic</b></a> IGF 2013: How does gender intersect with internet governance? <a href="http://t.co/qa4kwQ8vbn" rel="nofollow noopener" dir="ltr" data-expanded-url="http://j.mp/1aGpcOb" class="twitter-timeline-link" target="_blank" title="http://j.mp/1aGpcOb" ><span class="tco-ellipsis"></span><span class="invisible">http://</span><span class="js-display-url">j.mp/1aGpcOb</span><span class="invisible"></span><span class="tco-ellipsis"><span class="invisible">&nbsp;</span></span></a>]]></document>
		<document id="393441606629462017" url="https://twitter.com/lourdesmunoz/status/393441606629462017"><![CDATA[New Post. <a href="/hashtag/SOSsalut?src=hash" data-query-source="hashtag_click" class="twitter-hashtag pretty-link js-nav" dir="ltr" ><s>#</s><b>SOSsalut</b></a> cordons sanitaris a Barcelona <a href="http://t.co/9CQtJjgu35" rel="nofollow noopener" dir="ltr" data-expanded-url="http://bit.ly/1c0HwEe" class="twitter-timeline-link" target="_blank" title="http://bit.ly/1c0HwEe" ><span class="tco-ellipsis"></span><span class="invisible">http://</span><span class="js-display-url">bit.ly/1c0HwEe</span><span class="invisible"></span><span class="tco-ellipsis"><span class="invisible">&nbsp;</span></span></a>]]></document>
		<document id="395641539151790080" url="https://twitter.com/lourdesmunoz/status/395641539151790080"><![CDATA[Assamblea <a href="/hashtag/sosbarris?src=hash" data-query-source="hashtag_click" class="twitter-hashtag pretty-link js-nav" dir="ltr" ><s>#</s><b>sosbarris</b></a> 30 barris amb mes necessitats de <a href="/hashtag/barcelona?src=hash" data-query-source="hashtag_click" class="twitter-hashtag pretty-link js-nav" dir="ltr" ><s>#</s><b>barcelona</b></a> <a href="/hashtag/igers?src=hash" data-query-source="hashtag_click" class="twitter-hashtag pretty-link js-nav" dir="ltr" ><s>#</s><b>igers</b></a> <a href="/hashtag/igersbcn?src=hash" data-query-source="hashtag_click" class="twitter-hashtag pretty-link js-nav" dir="ltr" ><s>#</s><b>igersbcn</b></a> <a href="/hashtag/igersbarcelona?src=hash" data-query-source="hashtag_click" class="twitter-hashtag pretty-link js-nav" dir="ltr" ><s>#</s><b>igersbarcelona</b></a>… <a href="http://t.co/lWKYnKOB4m" rel="nofollow noopener" dir="ltr" data-expanded-url="http://instagram.com/p/gGqXMNGCmV/" class="twitter-timeline-link" target="_blank" title="http://instagram.com/p/gGqXMNGCmV/" ><span class="tco-ellipsis"></span><span class="invisible">http://</span><span class="js-display-url">instagram.com/p/gGqXMNGCmV/</span><span class="invisible"></span><span class="tco-ellipsis"><span class="invisible">&nbsp;</span></span></a>]]></document>
		<document id="396247154626691072" url="https://twitter.com/lourdesmunoz/status/396247154626691072"><![CDATA[<a href="/hashtag/ff?src=hash" data-query-source="hashtag_click" class="twitter-hashtag pretty-link js-nav" dir="ltr" ><s>#</s><b>ff</b></a> corvermell <a href="/rangeltarres" class="twitter-atreply pretty-link js-nav" dir="ltr" data-mentioned-user-id="218253233" ><s>@</s><b>rangeltarres</b></a>: <a href="/tatarlak" class="twitter-atreply pretty-link js-nav" dir="ltr" data-mentioned-user-id="38906741" ><s>@</s><b>tatarlak</b></a> <a href="/MainatJM" class="twitter-atreply pretty-link js-nav" dir="ltr" data-mentioned-user-id="255092527" ><s>@</s><b>MainatJM</b></a> <a href="/PSCupdates" class="twitter-atreply pretty-link js-nav" dir="ltr" data-mentioned-user-id="87401080" ><s>@</s><b>PSCupdates</b></a> <a href="/nuriaparlon" class="twitter-atreply pretty-link js-nav" dir="ltr" data-mentioned-user-id="233858696" ><s>@</s><b>nuriaparlon</b></a> <a href="/NuriaVentura" class="twitter-atreply pretty-link js-nav" dir="ltr" data-mentioned-user-id="16450823" ><s>@</s><b>NuriaVentura</b></a> <a href="/magdacas" class="twitter-atreply pretty-link js-nav" dir="ltr" data-mentioned-user-id="120471611" ><s>@</s><b>magdacas</b></a>]]></document>
		<document id="397478364685934592" url="https://twitter.com/lourdesmunoz/status/397478364685934592"><![CDATA[<a href="/hashtag/wert?src=hash" data-query-source="hashtag_click" class="twitter-hashtag pretty-link js-nav" dir="ltr" ><s>#</s><b>wert</b></a> <a href="/hashtag/educacio?src=hash" data-query-source="hashtag_click" class="twitter-hashtag pretty-link js-nav" dir="ltr" ><s>#</s><b>educacio</b></a> RT <a href="/neusbonet" class="twitter-atreply pretty-link js-nav" dir="ltr" data-mentioned-user-id="14197633" ><s>@</s><b>neusbonet</b></a>: <a href="/hashtag/ErasmusRIP?src=hash" data-query-source="hashtag_click" class="twitter-hashtag pretty-link js-nav" dir="ltr" ><s>#</s><b>ErasmusRIP</b></a> Jo ja he signat. I tu?<a href="http://t.co/qo7UOvMyha" rel="nofollow noopener" dir="ltr" data-expanded-url="http://www.change.org/es/peticiones/ministerio-de-educaci%C3%B3n-que-se-mantengan-las-becas-erasmus-para-universitarios-que-no-reciben-la-beca-general-erasmusrip?share_id=VVzXwDZmJk" class="twitter-timeline-link u-hidden" target="_blank" title="http://www.change.org/es/peticiones/ministerio-de-educaci%C3%B3n-que-se-mantengan-las-becas-erasmus-para-universitarios-que-no-reciben-la-beca-general-erasmusrip?share_id=VVzXwDZmJk" ><span class="tco-ellipsis"></span><span class="invisible">http://www.</span><span class="js-display-url">change.org/es/peticiones/</span><span class="invisible">ministerio-de-educaci%C3%B3n-que-se-mantengan-las-becas-erasmus-para-universitarios-que-no-reciben-la-beca-general-erasmusrip?share_id=VVzXwDZmJk</span><span class="tco-ellipsis"><span class="invisible">&nbsp;</span>…</span></a>]]></document>
		<document id="399906633444524032" url="https://twitter.com/lourdesmunoz/status/399906633444524032"><![CDATA[<a href="/montserratboix" class="twitter-atreply pretty-link js-nav" dir="ltr" data-mentioned-user-id="40266370" ><s>@</s><b>montserratboix</b></a> si! Lo vot a hacer , te gustara: software libre + ciberderechos por ley]]></document>
		<document id="401421277380231168" url="https://twitter.com/lourdesmunoz/status/401421277380231168"><![CDATA[<a href="/hashtag/wifiabierto?src=hash" data-query-source="hashtag_click" class="twitter-hashtag pretty-link js-nav" dir="ltr" ><s>#</s><b>wifiabierto</b></a> <a href="/hashtag/Open?src=hash" data-query-source="hashtag_click" class="twitter-hashtag pretty-link js-nav" dir="ltr" ><s>#</s><b>Open</b></a> Wireless Movement: por un wifi global abierto<a href="http://t.co/xOBo4R91Uh" rel="nofollow noopener" dir="ltr" data-expanded-url="http://www.eldiario.es/_bae6d03" class="twitter-timeline-link u-hidden" target="_blank" title="http://www.eldiario.es/_bae6d03" ><span class="tco-ellipsis"></span><span class="invisible">http://www.</span><span class="js-display-url">eldiario.es/_bae6d03</span><span class="invisible"></span><span class="tco-ellipsis"><span class="invisible">&nbsp;</span></span></a>]]></document>
		<document id="403802538996408320" url="https://twitter.com/lourdesmunoz/status/403802538996408320"><![CDATA[<a href="/hashtag/ff?src=hash" data-query-source="hashtag_click" class="twitter-hashtag pretty-link js-nav" dir="ltr" ><s>#</s><b>ff</b></a> <a href="/hashtag/corvermell?src=hash" data-query-source="hashtag_click" class="twitter-hashtag pretty-link js-nav" dir="ltr" ><s>#</s><b>corvermell</b></a> <a href="/rangeltarres" class="twitter-atreply pretty-link js-nav" dir="ltr" data-mentioned-user-id="218253233" ><s>@</s><b>rangeltarres</b></a> <a href="/tatarlak" class="twitter-atreply pretty-link js-nav" dir="ltr" data-mentioned-user-id="38906741" ><s>@</s><b>tatarlak</b></a> <a href="/MainatJM" class="twitter-atreply pretty-link js-nav" dir="ltr" data-mentioned-user-id="255092527" ><s>@</s><b>MainatJM</b></a> <a href="/PSCPremsa" class="twitter-atreply pretty-link js-nav" dir="ltr" data-mentioned-user-id="214550497" ><s>@</s><b>PSCPremsa</b></a> <a href="/PSCupdates" class="twitter-atreply pretty-link js-nav" dir="ltr" data-mentioned-user-id="87401080" ><s>@</s><b>PSCupdates</b></a> <a href="/nuriaparlon" class="twitter-atreply pretty-link js-nav" dir="ltr" data-mentioned-user-id="233858696" ><s>@</s><b>nuriaparlon</b></a> <a href="/NuriaVentura" class="twitter-atreply pretty-link js-nav" dir="ltr" data-mentioned-user-id="16450823" ><s>@</s><b>NuriaVentura</b></a> <a href="/magdacas" class="twitter-atreply pretty-link js-nav" dir="ltr" data-mentioned-user-id="120471611" ><s>@</s><b>magdacas</b></a>]]></document>
		<document id="405114188197941248" url="https://twitter.com/lourdesmunoz/status/405114188197941248"><![CDATA[moltes gràcies per publicar article <a href="/hashtag/25n?src=hash" data-query-source="hashtag_click" class="twitter-hashtag pretty-link js-nav" dir="ltr" ><s>#</s><b>25n</b></a> <a href="/FraykinJavier" class="twitter-atreply pretty-link js-nav" dir="ltr" data-mentioned-user-id="343894228" ><s>@</s><b>FraykinJavier</b></a> <a href="/ComIgualtatPSC" class="twitter-atreply pretty-link js-nav" dir="ltr" data-mentioned-user-id="435239250" ><s>@</s><b>ComIgualtatPSC</b></a> <a href="/mujeresenred" class="twitter-atreply pretty-link js-nav" dir="ltr" data-mentioned-user-id="17647946" ><s>@</s><b>mujeresenred</b></a> <a href="/FeministesCAT" class="twitter-atreply pretty-link js-nav" dir="ltr" data-mentioned-user-id="600198371" ><s>@</s><b>FeministesCAT</b></a> <a href="/Pere_Joan_3000" class="twitter-atreply pretty-link js-nav" dir="ltr" data-mentioned-user-id="246434191" ><s>@</s><b>Pere_Joan_3000</b></a> @DonesCompromeses]]></document>
		<document id="405334410456993792" url="https://twitter.com/lourdesmunoz/status/405334410456993792"><![CDATA[<a href="/hashtag/agenda?src=hash" data-query-source="hashtag_click" class="twitter-hashtag pretty-link js-nav" dir="ltr" ><s>#</s><b>agenda</b></a> <a href="/hashtag/dones?src=hash" data-query-source="hashtag_click" class="twitter-hashtag pretty-link js-nav" dir="ltr" ><s>#</s><b>dones</b></a> RT <a href="/MostraDones" class="twitter-atreply pretty-link js-nav" dir="ltr" data-mentioned-user-id="373860528" ><s>@</s><b>MostraDones</b></a>: Facebook <a href="http://t.co/9x58BlyEvc" rel="nofollow noopener" dir="ltr" data-expanded-url="http://on.fb.me/17TI7dk" class="twitter-timeline-link" target="_blank" title="http://on.fb.me/17TI7dk" ><span class="tco-ellipsis"></span><span class="invisible">http://</span><span class="js-display-url">on.fb.me/17TI7dk</span><span class="invisible"></span><span class="tco-ellipsis"><span class="invisible">&nbsp;</span></span></a> programa Mostra als <a href="/BolicheCinemes" class="twitter-atreply pretty-link js-nav" dir="ltr" data-mentioned-user-id="1241159774" ><s>@</s><b>BolicheCinemes</b></a> Aquest dj28/20h Zur Person Hannah Arendt]]></document>
		<document id="408262830375178240" url="https://twitter.com/lourdesmunoz/status/408262830375178240"><![CDATA[New Post. Activitats octubre 2013 <a href="http://t.co/HLAfZElCxl" rel="nofollow noopener" dir="ltr" data-expanded-url="http://bit.ly/1kaNV2j" class="twitter-timeline-link" target="_blank" title="http://bit.ly/1kaNV2j" ><span class="tco-ellipsis"></span><span class="invisible">http://</span><span class="js-display-url">bit.ly/1kaNV2j</span><span class="invisible"></span><span class="tco-ellipsis"><span class="invisible">&nbsp;</span></span></a>]]></document>
		<document id="409343346176708608" url="https://twitter.com/lourdesmunoz/status/409343346176708608"><![CDATA[Mercat <a href="/hashtag/lescorts?src=hash" data-query-source="hashtag_click" class="twitter-hashtag pretty-link js-nav" dir="ltr" ><s>#</s><b>lescorts</b></a> <a href="/hashtag/inspirabcn?src=hash" data-query-source="hashtag_click" class="twitter-hashtag pretty-link js-nav" dir="ltr" ><s>#</s><b>inspirabcn</b></a>  <a href="/hashtag/igersbarcelona?src=hash" data-query-source="hashtag_click" class="twitter-hashtag pretty-link js-nav" dir="ltr" ><s>#</s><b>igersbarcelona</b></a> <a href="/hashtag/inspiralescorts?src=hash" data-query-source="hashtag_click" class="twitter-hashtag pretty-link js-nav" dir="ltr" ><s>#</s><b>inspiralescorts</b></a> <a href="/hashtag/barcelona?src=hash" data-query-source="hashtag_click" class="twitter-hashtag pretty-link js-nav" dir="ltr" ><s>#</s><b>barcelona</b></a> <a href="/hashtag/city?src=hash" data-query-source="hashtag_click" class="twitter-hashtag pretty-link js-nav" dir="ltr" ><s>#</s><b>city</b></a> <a href="/hashtag/raconsbcn?src=hash" data-query-source="hashtag_click" class="twitter-hashtag pretty-link js-nav" dir="ltr" ><s>#</s><b>raconsbcn</b></a> <a href="/hashtag/bcnfotodeldia?src=hash" data-query-source="hashtag_click" class="twitter-hashtag pretty-link js-nav" dir="ltr" ><s>#</s><b>bcnfotodeldia</b></a> <a href="http://t.co/PL0TeqUsbW" rel="nofollow noopener" dir="ltr" data-expanded-url="http://instagram.com/p/hoBWvnmCns/" class="twitter-timeline-link" target="_blank" title="http://instagram.com/p/hoBWvnmCns/" ><span class="tco-ellipsis"></span><span class="invisible">http://</span><span class="js-display-url">instagram.com/p/hoBWvnmCns/</span><span class="invisible"></span><span class="tco-ellipsis"><span class="invisible">&nbsp;</span></span></a>]]></document>
		<document id="409774510511230977" url="https://twitter.com/lourdesmunoz/status/409774510511230977"><![CDATA[The New York Times + Open Knowledge Foundation el 16/12/13 <a href="/okfn_spain" class="twitter-atreply pretty-link js-nav" dir="ltr" data-mentioned-user-id="601848129" ><s>@</s><b>okfn_spain</b></a> <a href="/CCCBLab" class="twitter-atreply pretty-link js-nav" dir="ltr" data-mentioned-user-id="43664690" ><s>@</s><b>cccblab</b></a> <a href="/FCBlanquerna" class="twitter-atreply pretty-link js-nav" dir="ltr" data-mentioned-user-id="2588992284" ><s>@</s><b>fcblanquerna</b></a> <a href="http://t.co/s8Awvu1fyy" rel="nofollow noopener" dir="ltr" data-expanded-url="http://ow.ly/rz7LO" class="twitter-timeline-link" target="_blank" title="http://ow.ly/rz7LO" ><span class="tco-ellipsis"></span><span class="invisible">http://</span><span class="js-display-url">ow.ly/rz7LO</span><span class="invisible"></span><span class="tco-ellipsis"><span class="invisible">&nbsp;</span></span></a> de <a href="/kpeiro" class="twitter-atreply pretty-link js-nav" dir="ltr" data-mentioned-user-id="20760565" ><s>@</s><b>kpeiro</b></a> <a href="/hashtag/open?src=hash" data-query-source="hashtag_click" class="twitter-hashtag pretty-link js-nav" dir="ltr" ><s>#</s><b>open</b></a>]]></document>
		<document id="410714181231706112" url="https://twitter.com/lourdesmunoz/status/410714181231706112"><![CDATA[Conociendo a fondo Metropolis <a href="/hashtag/women?src=hash" data-query-source="hashtag_click" class="twitter-hashtag pretty-link js-nav" dir="ltr" ><s>#</s><b>women</b></a> internacional network <a href="/hashtag/mujeres?src=hash" data-query-source="hashtag_click" class="twitter-hashtag pretty-link js-nav" dir="ltr" ><s>#</s><b>mujeres</b></a> <a href="/hashtag/redes?src=hash" data-query-source="hashtag_click" class="twitter-hashtag pretty-link js-nav" dir="ltr" ><s>#</s><b>redes</b></a> <a href="http://t.co/JHm8EigMAo" rel="nofollow noopener" dir="ltr" data-expanded-url="http://ow.ly/i/3Zor3" class="twitter-timeline-link" target="_blank" title="http://ow.ly/i/3Zor3" ><span class="tco-ellipsis"></span><span class="invisible">http://</span><span class="js-display-url">ow.ly/i/3Zor3</span><span class="invisible"></span><span class="tco-ellipsis"><span class="invisible">&nbsp;</span></span></a>]]></document>
		<document id="411503694056673280" url="https://twitter.com/lourdesmunoz/status/411503694056673280"><![CDATA[<a href="/JoanatTorres" class="twitter-atreply pretty-link js-nav" dir="ltr" data-mentioned-user-id="1348562534" ><s>@</s><b>JoanatTorres</b></a> <a href="/isaparici" class="twitter-atreply pretty-link js-nav" dir="ltr" data-mentioned-user-id="944330605" ><s>@</s><b>isaparici</b></a> <a href="/JoanQueralt" class="twitter-atreply pretty-link js-nav" dir="ltr" data-mentioned-user-id="46065971" ><s>@</s><b>JoanQueralt</b></a> <a href="/pacobrunet" class="twitter-atreply pretty-link js-nav" dir="ltr" data-mentioned-user-id="389039038" ><s>@</s><b>pacobrunet</b></a> <a href="/SandraGimeno" class="twitter-atreply pretty-link js-nav" dir="ltr" data-mentioned-user-id="287730514" ><s>@</s><b>SandraGimeno</b></a> @coma_monts <a href="/malangahervida" class="twitter-atreply pretty-link js-nav" dir="ltr" data-mentioned-user-id="353309952" ><s>@</s><b>malangahervida</b></a> <a href="/GuineuPirineu" class="twitter-atreply pretty-link js-nav" dir="ltr" data-mentioned-user-id="793943480" ><s>@</s><b>GuineuPirineu</b></a> <a href="/hashtag/ff?src=hash" data-query-source="hashtag_click" class="twitter-hashtag pretty-link js-nav" dir="ltr" ><s>#</s><b>ff</b></a> per promoure <a href="/hashtag/MANGO40?src=hash" data-query-source="hashtag_click" class="twitter-hashtag pretty-link js-nav" dir="ltr" ><s>#</s><b>MANGO40</b></a>]]></document>
		<document id="413006615223099392" url="https://twitter.com/lourdesmunoz/status/413006615223099392"><![CDATA[New Post. Actes novembre 2013 <a href="http://t.co/sRO4pMr5rU" rel="nofollow noopener" dir="ltr" data-expanded-url="http://bit.ly/JDNH96" class="twitter-timeline-link" target="_blank" title="http://bit.ly/JDNH96" ><span class="tco-ellipsis"></span><span class="invisible">http://</span><span class="js-display-url">bit.ly/JDNH96</span><span class="invisible"></span><span class="tco-ellipsis"><span class="invisible">&nbsp;</span></span></a>]]></document>
		<document id="415514432803201024" url="https://twitter.com/lourdesmunoz/status/415514432803201024"><![CDATA[<a href="/rangeltarres" class="twitter-atreply pretty-link js-nav" dir="ltr" data-mentioned-user-id="218253233" ><s>@</s><b>rangeltarres</b></a> <a href="/NuriaVentura" class="twitter-atreply pretty-link js-nav" dir="ltr" data-mentioned-user-id="16450823" ><s>@</s><b>NuriaVentura</b></a> <a href="/nuriaparlon" class="twitter-atreply pretty-link js-nav" dir="ltr" data-mentioned-user-id="233858696" ><s>@</s><b>nuriaparlon</b></a> <a href="/tatarlak" class="twitter-atreply pretty-link js-nav" dir="ltr" data-mentioned-user-id="38906741" ><s>@</s><b>tatarlak</b></a> <a href="/MainatJM" class="twitter-atreply pretty-link js-nav" dir="ltr" data-mentioned-user-id="255092527" ><s>@</s><b>MainatJM</b></a>  Bones festes! <a href="/hashtag/corvermell?src=hash" data-query-source="hashtag_click" class="twitter-hashtag pretty-link js-nav" dir="ltr" ><s>#</s><b>corvermell</b></a> <a href="/hashtag/fentxarxa?src=hash" data-query-source="hashtag_click" class="twitter-hashtag pretty-link js-nav" dir="ltr" ><s>#</s><b>fentxarxa</b></a>]]></document>
		<document id="417007182069391360" url="https://twitter.com/lourdesmunoz/status/417007182069391360"><![CDATA[Curious, para aprender y crear lecciones interactivas <a href="http://t.co/QVKc9UblnG" rel="nofollow noopener" dir="ltr" data-expanded-url="http://ow.ly/s7hz5" class="twitter-timeline-link" target="_blank" title="http://ow.ly/s7hz5" ><span class="tco-ellipsis"></span><span class="invisible">http://</span><span class="js-display-url">ow.ly/s7hz5</span><span class="invisible"></span><span class="tco-ellipsis"><span class="invisible">&nbsp;</span></span></a> vía <a href="/wwwhatsnew" class="twitter-atreply pretty-link js-nav" dir="ltr" data-mentioned-user-id="1636821" ><s>@</s><b>wwwhatsnew</b></a>]]></document>
		<document id="417671000063758336" url="https://twitter.com/lourdesmunoz/status/417671000063758336"><![CDATA[Resumen #2013 vuestras preferidas <a href="/hashtag/instagood?src=hash" data-query-source="hashtag_click" class="twitter-hashtag pretty-link js-nav" dir="ltr" ><s>#</s><b>instagood</b></a> <a href="/hashtag/igers?src=hash" data-query-source="hashtag_click" class="twitter-hashtag pretty-link js-nav" dir="ltr" ><s>#</s><b>igers</b></a> <a href="/hashtag/igersbcn?src=hash" data-query-source="hashtag_click" class="twitter-hashtag pretty-link js-nav" dir="ltr" ><s>#</s><b>igersbcn</b></a> <a href="/hashtag/igerscatalunya?src=hash" data-query-source="hashtag_click" class="twitter-hashtag pretty-link js-nav" dir="ltr" ><s>#</s><b>igerscatalunya</b></a> <a href="/hashtag/memostatigram?src=hash" data-query-source="hashtag_click" class="twitter-hashtag pretty-link js-nav" dir="ltr" ><s>#</s><b>memostatigram</b></a> <a href="/hashtag/imagenes?src=hash" data-query-source="hashtag_click" class="twitter-hashtag pretty-link js-nav" dir="ltr" ><s>#</s><b>imagenes</b></a>… <a href="http://t.co/fduVwiEYS2" rel="nofollow noopener" dir="ltr" data-expanded-url="http://instagram.com/p/ijL9kbGCqn/" class="twitter-timeline-link" target="_blank" title="http://instagram.com/p/ijL9kbGCqn/" ><span class="tco-ellipsis"></span><span class="invisible">http://</span><span class="js-display-url">instagram.com/p/ijL9kbGCqn/</span><span class="invisible"></span><span class="tco-ellipsis"><span class="invisible">&nbsp;</span></span></a>]]></document>
		<document id="420188335676862465" url="https://twitter.com/lourdesmunoz/status/420188335676862465"><![CDATA[Retrospectiva del meu any #2013 ( segons facebook) Moments, imatges, idees per un any molt intens <a href="http://t.co/xUN2Oetmc9" rel="nofollow noopener" dir="ltr" data-expanded-url="http://on.fb.me/1klSo7J" class="twitter-timeline-link" target="_blank" title="http://on.fb.me/1klSo7J" ><span class="tco-ellipsis"></span><span class="invisible">http://</span><span class="js-display-url">on.fb.me/1klSo7J</span><span class="invisible"></span><span class="tco-ellipsis"><span class="invisible">&nbsp;</span></span></a>]]></document>
		<document id="422498314659975168" url="https://twitter.com/lourdesmunoz/status/422498314659975168"><![CDATA[<a href="/Perriwy" class="twitter-atreply pretty-link js-nav" dir="ltr" data-mentioned-user-id="39519730" ><s>@</s><b>Perriwy</b></a> buen matiz!]]></document>
		<document id="423576129669464065" url="https://twitter.com/lourdesmunoz/status/423576129669464065"><![CDATA[Cristalleries planells <a href="/hashtag/raconsbcn?src=hash" data-query-source="hashtag_click" class="twitter-hashtag pretty-link js-nav" dir="ltr" ><s>#</s><b>raconsbcn</b></a> bcn_lescorts <a href="/hashtag/bcn?src=hash" data-query-source="hashtag_click" class="twitter-hashtag pretty-link js-nav" dir="ltr" ><s>#</s><b>bcn</b></a> <a href="http://t.co/uhJRiE3HJS" rel="nofollow noopener" dir="ltr" data-expanded-url="http://instagram.com/p/jNJU1MROVG" class="twitter-timeline-link" target="_blank" title="http://instagram.com/p/jNJU1MROVG" ><span class="tco-ellipsis"></span><span class="invisible">http://</span><span class="js-display-url">instagram.com/p/jNJU1MROVG</span><span class="invisible"></span><span class="tco-ellipsis"><span class="invisible">&nbsp;</span></span></a>]]></document>
		<document id="425691180324511744" url="https://twitter.com/lourdesmunoz/status/425691180324511744"><![CDATA[New Post. Xat sobre <a href="/hashtag/primariesobertesbcn?src=hash" data-query-source="hashtag_click" class="twitter-hashtag pretty-link js-nav" dir="ltr" ><s>#</s><b>primariesobertesbcn</b></a> <a href="http://t.co/podLaFKwWj" rel="nofollow noopener" dir="ltr" data-expanded-url="http://bit.ly/KzwRbA" class="twitter-timeline-link" target="_blank" title="http://bit.ly/KzwRbA" ><span class="tco-ellipsis"></span><span class="invisible">http://</span><span class="js-display-url">bit.ly/KzwRbA</span><span class="invisible"></span><span class="tco-ellipsis"><span class="invisible">&nbsp;</span></span></a>]]></document>
	</documents>
</author>