<?xml version="1.0" encoding="UTF-8" standalone="no"?><author age_group="xx" gender="xx" lang="EN" type="twitter" url="https://twitter.com/Day_NightEvents">
	<documents count="120">
		<document id="10269055431" url="https://twitter.com/Day_NightEvents/status/10269055431"><![CDATA[Trip planning all through Europe, Brussels this weekend. Then France, Dublin, London, Amsterdam, Germany, Italy, Spain, France.]]></document>
		<document id="18534828471" url="https://twitter.com/Day_NightEvents/status/18534828471"><![CDATA[Bastille Day in San Francisco, gotta love a city that loves everyone&#39;s holidays.. find me at Irish Bank for a street party!]]></document>
		<document id="18635133130" url="https://twitter.com/Day_NightEvents/status/18635133130"><![CDATA[NCC PCMA Summer Mixer tonight at Infusion Lounge, should be some good networking.]]></document>
		<document id="193115461125275648" url="https://twitter.com/Day_NightEvents/status/193115461125275648"><![CDATA[Chianti tasting last night at the Palace Hotel... a blast was had by all!]]></document>
		<document id="19601602488" url="https://twitter.com/Day_NightEvents/status/19601602488"><![CDATA[delighted to live in such a wonderful city like San Francisco but wishing the weather was a bit warmer.]]></document>
		<document id="19679408574" url="https://twitter.com/Day_NightEvents/status/19679408574"><![CDATA[Giants Industry Night this evening, so excited!!! Who could pass up 2 hours of free cocktails, a Giants T-shirt and a ticket to the game!]]></document>
		<document id="20155672679" url="https://twitter.com/Day_NightEvents/status/20155672679"><![CDATA[Mexico is not only safe but an amazing time and super cheap!]]></document>
		<document id="20728914703" url="https://twitter.com/Day_NightEvents/status/20728914703"><![CDATA[you will never know how many documents are behind a large conference... and yes folks, I make them happen.]]></document>
		<document id="208597246315479040" url="https://twitter.com/Day_NightEvents/status/208597246315479040"><![CDATA[You know you work at a start up when you can load your nerf gun while talking to your COO :)]]></document>
		<document id="208898841523650561" url="https://twitter.com/Day_NightEvents/status/208898841523650561"><![CDATA[Thank you beef jerkey nuggets <a href="/Bartozone" class="twitter-atreply pretty-link js-nav" dir="ltr" data-mentioned-user-id="73483352" ><s>@</s><b>Bartozone</b></a> <a href="/LSH" class="twitter-atreply pretty-link js-nav" dir="ltr" data-mentioned-user-id="68513513" ><s>@</s><b>LSH</b></a>]]></document>
		<document id="210216092797386754" url="https://twitter.com/Day_NightEvents/status/210216092797386754"><![CDATA[Even the beer can is confused, it&#39;s upside down!<a href="http://t.co/kFwuEEOH" class="twitter-timeline-link u-hidden" data-pre-embedded="true" dir="ltr" >pic.twitter.com/kFwuEEOH</a>]]></document>
		<document id="210404075324444672" url="https://twitter.com/Day_NightEvents/status/210404075324444672"><![CDATA[Check out my photo from the @ChurchkeyCanCo SF Launch Party <a href="http://t.co/skWmHOpd" rel="nofollow noopener" dir="ltr" data-expanded-url="http://my.friend.vu/7220_0252" class="twitter-timeline-link" target="_blank" title="http://my.friend.vu/7220_0252" ><span class="tco-ellipsis"></span><span class="invisible">http://</span><span class="js-display-url">my.friend.vu/7220_0252</span><span class="invisible"></span><span class="tco-ellipsis"><span class="invisible">&nbsp;</span></span></a>  via <a href="/politeinpublic" class="twitter-atreply pretty-link js-nav" dir="ltr" data-mentioned-user-id="16728871" ><s>@</s><b>politeinpublic</b></a> <a href="/LSH" class="twitter-atreply pretty-link js-nav" dir="ltr" data-mentioned-user-id="68513513" ><s>@</s><b>lsh</b></a> <a href="/JamieQuiocho" class="twitter-atreply pretty-link js-nav" dir="ltr" data-mentioned-user-id="18707342" ><s>@</s><b>jamiequiocho</b></a> <a href="/No_Inbetween" class="twitter-atreply pretty-link js-nav" dir="ltr" data-mentioned-user-id="336745695" ><s>@</s><b>no_inbetween</b></a>]]></document>
		<document id="21081528246" url="https://twitter.com/Day_NightEvents/status/21081528246"><![CDATA[Mustache Harbor at 111 Minna and the Loveboat party was a major hit!!!! Everyone was looking hot in their Aloha wear and sailor hats!]]></document>
		<document id="212029237631258626" url="https://twitter.com/Day_NightEvents/status/212029237631258626"><![CDATA[Please make the midriff shirts go away!!!! That was so jr high]]></document>
		<document id="212592066599993344" url="https://twitter.com/Day_NightEvents/status/212592066599993344"><![CDATA[<a href="/JessicaGomez13" class="twitter-atreply pretty-link js-nav" dir="ltr" data-mentioned-user-id="21334020" ><s>@</s><b>JessicaGomez13</b></a> You go to Crunch?  I just started at ClubOne but maybe I should try crunch if people I know go there!]]></document>
		<document id="212596112438214656" url="https://twitter.com/Day_NightEvents/status/212596112438214656"><![CDATA[<a href="/JessicaGomez13" class="twitter-atreply pretty-link js-nav" dir="ltr" data-mentioned-user-id="21334020" ><s>@</s><b>JessicaGomez13</b></a> <a href="/CrunchGym" class="twitter-atreply pretty-link js-nav" dir="ltr" data-mentioned-user-id="26436019" ><s>@</s><b>CrunchGym</b></a> Which one do you go to??]]></document>
		<document id="212598907614670848" url="https://twitter.com/Day_NightEvents/status/212598907614670848"><![CDATA[<a href="/JessicaGomez13" class="twitter-atreply pretty-link js-nav" dir="ltr" data-mentioned-user-id="21334020" ><s>@</s><b>JessicaGomez13</b></a> <a href="/CrunchGym" class="twitter-atreply pretty-link js-nav" dir="ltr" data-mentioned-user-id="26436019" ><s>@</s><b>CrunchGym</b></a> Fabulous, lets go next week so I can try it out!!!!]]></document>
		<document id="212601261042831360" url="https://twitter.com/Day_NightEvents/status/212601261042831360"><![CDATA[<a href="/No_Inbetween" class="twitter-atreply pretty-link js-nav" dir="ltr" data-mentioned-user-id="336745695" ><s>@</s><b>no_inbetween</b></a> Where are you going... its at ATT Park next weekend ;)]]></document>
		<document id="212645469820690433" url="https://twitter.com/Day_NightEvents/status/212645469820690433"><![CDATA[<a href="/No_Inbetween" class="twitter-atreply pretty-link js-nav" dir="ltr" data-mentioned-user-id="336745695" ><s>@</s><b>no_inbetween</b></a> @day_nightevents Just checked its June 23rd at ATT Park.... Maybe depends on price? Ps wanna come to happy hour today taco tue]]></document>
		<document id="213090676898938880" url="https://twitter.com/Day_NightEvents/status/213090676898938880"><![CDATA[It&#39;s tough being an event planner <a href="/hashtag/pressclubsf?src=hash" data-query-source="hashtag_click" class="twitter-hashtag pretty-link js-nav" dir="ltr" ><s>#</s><b>pressclubsf</b></a><a href="http://t.co/A1pgeAZH" class="twitter-timeline-link u-hidden" data-pre-embedded="true" dir="ltr" >pic.twitter.com/A1pgeAZH</a>]]></document>
		<document id="213483916928094208" url="https://twitter.com/Day_NightEvents/status/213483916928094208"><![CDATA[Yo<a href="http://t.co/u4kyg7Ny" class="twitter-timeline-link u-hidden" data-pre-embedded="true" dir="ltr" >pic.twitter.com/u4kyg7Ny</a>]]></document>
		<document id="214046827668975618" url="https://twitter.com/Day_NightEvents/status/214046827668975618"><![CDATA[Best way to start a morning :)<a href="http://t.co/JGwbTxhH" class="twitter-timeline-link u-hidden" data-pre-embedded="true" dir="ltr" >pic.twitter.com/JGwbTxhH</a>]]></document>
		<document id="214070683838324737" url="https://twitter.com/Day_NightEvents/status/214070683838324737"><![CDATA[San Francisco has very few days that one can go to the beach... So go to the beach!!!]]></document>
		<document id="214428258597482497" url="https://twitter.com/Day_NightEvents/status/214428258597482497"><![CDATA[Happy fathers day from 750 brunch!<a href="http://t.co/TuBFAmHD" class="twitter-timeline-link u-hidden" data-pre-embedded="true" dir="ltr" >pic.twitter.com/TuBFAmHD</a>]]></document>
		<document id="220410180679122944" url="https://twitter.com/Day_NightEvents/status/220410180679122944"><![CDATA[US denies evidence of mermaids@LSH ...wow we knew it as kids..<a href="http://t.co/6DzmVGFw" rel="nofollow noopener" dir="ltr" data-expanded-url="http://www.bbc.co.uk/news/world-us-canada-18692830" class="twitter-timeline-link u-hidden" target="_blank" title="http://www.bbc.co.uk/news/world-us-canada-18692830" ><span class="tco-ellipsis"></span><span class="invisible">http://www.</span><span class="js-display-url">bbc.co.uk/news/world-us-</span><span class="invisible">canada-18692830</span><span class="tco-ellipsis"><span class="invisible">&nbsp;</span>…</span></a>]]></document>
		<document id="221049814245318656" url="https://twitter.com/Day_NightEvents/status/221049814245318656"><![CDATA[Best part of my day: kombucha at Eventbrite <a href="/Bartozone" class="twitter-atreply pretty-link js-nav" dir="ltr" data-mentioned-user-id="73483352" ><s>@</s><b>Bartozone</b></a>]]></document>
		<document id="221282427623047168" url="https://twitter.com/Day_NightEvents/status/221282427623047168"><![CDATA[Tahoe today... Yes please <a href="/Bartozone" class="twitter-atreply pretty-link js-nav" dir="ltr" data-mentioned-user-id="73483352" ><s>@</s><b>Bartozone</b></a>]]></document>
		<document id="222151460220182528" url="https://twitter.com/Day_NightEvents/status/222151460220182528"><![CDATA[This is life <a href="/Bartozone" class="twitter-atreply pretty-link js-nav" dir="ltr" data-mentioned-user-id="73483352" ><s>@</s><b>Bartozone</b></a> <a href="/BerryTJ" class="twitter-atreply pretty-link js-nav" dir="ltr" data-mentioned-user-id="364999989" ><s>@</s><b>berrytj</b></a><a href="http://t.co/BE7L0kJy" class="twitter-timeline-link u-hidden" data-pre-embedded="true" dir="ltr" >pic.twitter.com/BE7L0kJy</a>]]></document>
		<document id="222361340537344001" url="https://twitter.com/Day_NightEvents/status/222361340537344001"><![CDATA[If I worked at the DMV I&#39;d probably be as much of a witch as this woman <a href="/hashtag/fyourlife?src=hash" data-query-source="hashtag_click" class="twitter-hashtag pretty-link js-nav" dir="ltr" ><s>#</s><b>fyourlife</b></a>]]></document>
		<document id="222547575373430784" url="https://twitter.com/Day_NightEvents/status/222547575373430784"><![CDATA[First beer since Tahoe and it feels oh so good <a href="/Bartozone" class="twitter-atreply pretty-link js-nav" dir="ltr" data-mentioned-user-id="73483352" ><s>@</s><b>Bartozone</b></a> <a href="/BerryTJ" class="twitter-atreply pretty-link js-nav" dir="ltr" data-mentioned-user-id="364999989" ><s>@</s><b>berrytj</b></a>]]></document>
		<document id="222858712753246209" url="https://twitter.com/Day_NightEvents/status/222858712753246209"><![CDATA[Top Of The Mark wine and a movie <a href="/KorinAngela" class="twitter-atreply pretty-link js-nav" dir="ltr" data-mentioned-user-id="26787634" ><s>@</s><b>korinangela</b></a>]]></document>
		<document id="223220302811906048" url="https://twitter.com/Day_NightEvents/status/223220302811906048"><![CDATA[Taking a much needed night off!]]></document>
		<document id="223542153287184385" url="https://twitter.com/Day_NightEvents/status/223542153287184385"><![CDATA[taking a staycation]]></document>
		<document id="223850979735519232" url="https://twitter.com/Day_NightEvents/status/223850979735519232"><![CDATA[Day off :) <a href="/Bartozone" class="twitter-atreply pretty-link js-nav" dir="ltr" data-mentioned-user-id="73483352" ><s>@</s><b>Bartozone</b></a> <a href="/BerryTJ" class="twitter-atreply pretty-link js-nav" dir="ltr" data-mentioned-user-id="364999989" ><s>@</s><b>berrytj</b></a><a href="http://t.co/SFB4HxkZ" class="twitter-timeline-link u-hidden" data-pre-embedded="true" dir="ltr" >pic.twitter.com/SFB4HxkZ</a>]]></document>
		<document id="226159734946934784" url="https://twitter.com/Day_NightEvents/status/226159734946934784"/>
		<document id="226347903441063937" url="https://twitter.com/Day_NightEvents/status/226347903441063937"><![CDATA[Yes I dance and sing down the street at 9 am]]></document>
		<document id="228888545048268800" url="https://twitter.com/Day_NightEvents/status/228888545048268800"><![CDATA[<a href="/marly2_2" class="twitter-atreply pretty-link js-nav" dir="ltr" data-mentioned-user-id="404930275" ><s>@</s><b>marly2_2</b></a> Hey it was just 4 drinks and a few bottles of wine... isn&#39;t that one drink?]]></document>
		<document id="229673311968321537" url="https://twitter.com/Day_NightEvents/status/229673311968321537"><![CDATA[I&#39;m at AT&amp;T Park for Los Angeles Dodgers vs. San Francisco Giants (San Francisco, CA) w/ 189 others [pic]: <a href="http://t.co/Y4TPlDQE" rel="nofollow noopener" dir="ltr" data-expanded-url="http://4sq.com/Q1Cqi4" class="twitter-timeline-link" target="_blank" title="http://4sq.com/Q1Cqi4" ><span class="tco-ellipsis"></span><span class="invisible">http://</span><span class="js-display-url">4sq.com/Q1Cqi4</span><span class="invisible"></span><span class="tco-ellipsis"><span class="invisible">&nbsp;</span></span></a>]]></document>
		<document id="229684234493763584" url="https://twitter.com/Day_NightEvents/status/229684234493763584"/>
		<document id="2300449709" url="https://twitter.com/Day_NightEvents/status/2300449709"><![CDATA[Putting together the photo shoot list for Oracle OpenWorld 2009]]></document>
		<document id="231052992839831552" url="https://twitter.com/Day_NightEvents/status/231052992839831552"><![CDATA[I love it when a vendor saves my life, if you need quick printing go with Leewood Press in SF!!!]]></document>
		<document id="231415287864520704" url="https://twitter.com/Day_NightEvents/status/231415287864520704"><![CDATA[CrunchUp (@ Fox Theatre) [pic]:<a href="http://t.co/GTSgZq8e" rel="nofollow noopener" dir="ltr" data-expanded-url="http://4sq.com/OwYGzU" class="twitter-timeline-link u-hidden" target="_blank" title="http://4sq.com/OwYGzU" ><span class="tco-ellipsis"></span><span class="invisible">http://</span><span class="js-display-url">4sq.com/OwYGzU</span><span class="invisible"></span><span class="tco-ellipsis"><span class="invisible">&nbsp;</span></span></a>]]></document>
		<document id="231855709493538818" url="https://twitter.com/Day_NightEvents/status/231855709493538818"/>
		<document id="2334978058" url="https://twitter.com/Day_NightEvents/status/2334978058"><![CDATA[TL history art gallery opening, Rogue Trivia Night, Cat Club 80&#39;s night. Events, Events!]]></document>
		<document id="233996113819074561" url="https://twitter.com/Day_NightEvents/status/233996113819074561"><![CDATA[All signs point me to Austin.... The Best Places For Business And Careers <a href="/Forbes" class="twitter-atreply pretty-link js-nav" dir="ltr" data-mentioned-user-id="91478624" ><s>@</s><b>forbes</b></a> <a href="http://t.co/eszQWEuX" rel="nofollow noopener" dir="ltr" data-expanded-url="http://onforb.es/NOOXUL" class="twitter-timeline-link" target="_blank" title="http://onforb.es/NOOXUL" ><span class="tco-ellipsis"></span><span class="invisible">http://</span><span class="js-display-url">onforb.es/NOOXUL</span><span class="invisible"></span><span class="tco-ellipsis"><span class="invisible">&nbsp;</span></span></a> via <a href="/ShareThis" class="twitter-atreply pretty-link js-nav" dir="ltr" data-mentioned-user-id="14116807" ><s>@</s><b>sharethis</b></a>]]></document>
		<document id="2351188102" url="https://twitter.com/Day_NightEvents/status/2351188102"><![CDATA[Tonight&#39;s events, A&#39;s game, BENNY BENASSI at Ruby Sky... Life is good. Happy Friday!]]></document>
		<document id="236139223126769664" url="https://twitter.com/Day_NightEvents/status/236139223126769664"><![CDATA[The one day I need a pep talk and no one answers..... <a href="/LSH" class="twitter-atreply pretty-link js-nav" dir="ltr" data-mentioned-user-id="68513513" ><s>@</s><b>LSH</b></a> <a href="/BerryTJ" class="twitter-atreply pretty-link js-nav" dir="ltr" data-mentioned-user-id="364999989" ><s>@</s><b>berrytj</b></a> and <a href="/Bartozone" class="twitter-atreply pretty-link js-nav" dir="ltr" data-mentioned-user-id="73483352" ><s>@</s><b>Bartozone</b></a>- not the one to call he sucks at them]]></document>
		<document id="236140437235195905" url="https://twitter.com/Day_NightEvents/status/236140437235195905"><![CDATA[<a href="/hashtag/twitter?src=hash" data-query-source="hashtag_click" class="twitter-hashtag pretty-link js-nav" dir="ltr" ><s>#</s><b>twitter</b></a> is faster than phones <a href="/LSH" class="twitter-atreply pretty-link js-nav" dir="ltr" data-mentioned-user-id="68513513" ><s>@</s><b>LSH</b></a>]]></document>
		<document id="239155579262758913" url="https://twitter.com/Day_NightEvents/status/239155579262758913"><![CDATA[I&#39;m pretty sure Stevie Ray Vaughan just saved my life <a href="/hashtag/chilltime?src=hash" data-query-source="hashtag_click" class="twitter-hashtag pretty-link js-nav" dir="ltr" ><s>#</s><b>chilltime</b></a> <a href="/hashtag/longweek?src=hash" data-query-source="hashtag_click" class="twitter-hashtag pretty-link js-nav" dir="ltr" ><s>#</s><b>longweek</b></a> <a href="/LSH" class="twitter-atreply pretty-link js-nav" dir="ltr" data-mentioned-user-id="68513513" ><s>@</s><b>LSH</b></a>]]></document>
		<document id="240520320971329537" url="https://twitter.com/Day_NightEvents/status/240520320971329537"><![CDATA[<a href="/marly2_2" class="twitter-atreply pretty-link js-nav" dir="ltr" data-mentioned-user-id="404930275" ><s>@</s><b>marly2_2</b></a> That&#39;s why apple makes your phone useless... so you will buy a new one. I say do it!]]></document>
		<document id="242319813911916544" url="https://twitter.com/Day_NightEvents/status/242319813911916544"/>
		<document id="242358774583656448" url="https://twitter.com/Day_NightEvents/status/242358774583656448"/>
		<document id="243045761640701952" url="https://twitter.com/Day_NightEvents/status/243045761640701952"><![CDATA[How we do, be there or miss out big time......<a href="http://t.co/YtqHL5DG" rel="nofollow noopener" dir="ltr" data-expanded-url="http://techcrunch.com/2012/09/04/facebooks-mark-zuckerberg-will-give-his-first-on-stage-interview-since-the-ipo-at-disrupt-sf/" class="twitter-timeline-link u-hidden" target="_blank" title="http://techcrunch.com/2012/09/04/facebooks-mark-zuckerberg-will-give-his-first-on-stage-interview-since-the-ipo-at-disrupt-sf/" ><span class="tco-ellipsis"></span><span class="invisible">http://</span><span class="js-display-url">techcrunch.com/2012/09/04/fac</span><span class="invisible">ebooks-mark-zuckerberg-will-give-his-first-on-stage-interview-since-the-ipo-at-disrupt-sf/</span><span class="tco-ellipsis"><span class="invisible">&nbsp;</span>…</span></a>]]></document>
		<document id="2439040437" url="https://twitter.com/Day_NightEvents/status/2439040437"><![CDATA[Lots of OpenWorld meetings today and training on a new Champion tool.]]></document>
		<document id="244598800533028864" url="https://twitter.com/Day_NightEvents/status/244598800533028864"><![CDATA[<a href="/BerryTJ" class="twitter-atreply pretty-link js-nav" dir="ltr" data-mentioned-user-id="364999989" ><s>@</s><b>berrytj</b></a> You know Davy Crocket is my cousin right?]]></document>
		<document id="244599093190602753" url="https://twitter.com/Day_NightEvents/status/244599093190602753"><![CDATA[<a href="/joeyhinson" class="twitter-atreply pretty-link js-nav" dir="ltr" data-mentioned-user-id="109358399" ><s>@</s><b>joeyhinson</b></a>  I see how it is, no friendly tweets for me :(]]></document>
		<document id="244793189167415296" url="https://twitter.com/Day_NightEvents/status/244793189167415296"><![CDATA[Just got to my desk, turned on Pandora and the Biebs came on <a href="/hashtag/gonnabeagoodday?src=hash" data-query-source="hashtag_click" class="twitter-hashtag pretty-link js-nav" dir="ltr" ><s>#</s><b>gonnabeagoodday</b></a> <a href="/LSH" class="twitter-atreply pretty-link js-nav" dir="ltr" data-mentioned-user-id="68513513" ><s>@</s><b>LSH</b></a> <a href="/JamieQuiocho" class="twitter-atreply pretty-link js-nav" dir="ltr" data-mentioned-user-id="18707342" ><s>@</s><b>JamieQuiocho</b></a> <a href="/Bartozone" class="twitter-atreply pretty-link js-nav" dir="ltr" data-mentioned-user-id="73483352" ><s>@</s><b>Bartozone</b></a>]]></document>
		<document id="245036282617683969" url="https://twitter.com/Day_NightEvents/status/245036282617683969"><![CDATA[<a href="/shahzad" class="twitter-atreply pretty-link js-nav" dir="ltr" data-mentioned-user-id="152433" ><s>@</s><b>shahzad</b></a> nice ones!!!! See you soon]]></document>
		<document id="245880931703996416" url="https://twitter.com/Day_NightEvents/status/245880931703996416"><![CDATA[Takin shots, shots shots shots shots <a href="/LSH" class="twitter-atreply pretty-link js-nav" dir="ltr" data-mentioned-user-id="68513513" ><s>@</s><b>LSH</b></a><a href="http://t.co/8SjD4ja4" class="twitter-timeline-link u-hidden" data-pre-embedded="true" dir="ltr" >pic.twitter.com/8SjD4ja4</a>]]></document>
		<document id="247458857293578240" url="https://twitter.com/Day_NightEvents/status/247458857293578240"><![CDATA[Not coming back <a href="/LSH" class="twitter-atreply pretty-link js-nav" dir="ltr" data-mentioned-user-id="68513513" ><s>@</s><b>LSH</b></a>]]></document>
		<document id="247740527469002752" url="https://twitter.com/Day_NightEvents/status/247740527469002752"><![CDATA[<a href="/LSH" class="twitter-atreply pretty-link js-nav" dir="ltr" data-mentioned-user-id="68513513" ><s>@</s><b>LSH</b></a> <a href="/Bartozone" class="twitter-atreply pretty-link js-nav" dir="ltr" data-mentioned-user-id="73483352" ><s>@</s><b>bartozone</b></a> I lied, San Diego beat me up... We&#39;re better off long distance <a href="/hashtag/cominghome?src=hash" data-query-source="hashtag_click" class="twitter-hashtag pretty-link js-nav" dir="ltr" ><s>#</s><b>cominghome</b></a> <a href="/hashtag/exhausted?src=hash" data-query-source="hashtag_click" class="twitter-hashtag pretty-link js-nav" dir="ltr" ><s>#</s><b>exhausted</b></a>]]></document>
		<document id="250456817036034049" url="https://twitter.com/Day_NightEvents/status/250456817036034049"/>
		<document id="251626569028739072" url="https://twitter.com/Day_NightEvents/status/251626569028739072"/>
		<document id="251793648226820096" url="https://twitter.com/Day_NightEvents/status/251793648226820096"/>
		<document id="252860816091652096" url="https://twitter.com/Day_NightEvents/status/252860816091652096"/>
		<document id="252867318470828032" url="https://twitter.com/Day_NightEvents/status/252867318470828032"><![CDATA[<a href="/vinthanedar" class="twitter-atreply pretty-link js-nav" dir="ltr" data-mentioned-user-id="19273402" ><s>@</s><b>vinthanedar</b></a> no she is serious.... falafel will turn our children into terrorists, duh!]]></document>
		<document id="2534559212" url="https://twitter.com/Day_NightEvents/status/2534559212"><![CDATA[Is looking into money saving and green drinking water use ideas for OpenWorld.  Any ideas?]]></document>
		<document id="254332955466543104" url="https://twitter.com/Day_NightEvents/status/254332955466543104"><![CDATA[<a href="/TechCrunch" class="twitter-atreply pretty-link js-nav" dir="ltr" data-mentioned-user-id="816653" ><s>@</s><b>TechCrunch</b></a> Meet Up&#39;s are coming to Toronto 11/5, Detroit 11/7 and Chicago 11/9! Tickets: <a href="http://t.co/BP1PwL68" rel="nofollow noopener" dir="ltr" data-expanded-url="http://tcrn.ch/NQ9LNp" class="twitter-timeline-link" target="_blank" title="http://tcrn.ch/NQ9LNp" ><span class="tco-ellipsis"></span><span class="invisible">http://</span><span class="js-display-url">tcrn.ch/NQ9LNp</span><span class="invisible"></span><span class="tco-ellipsis"><span class="invisible">&nbsp;</span></span></a> <a href="/LSH" class="twitter-atreply pretty-link js-nav" dir="ltr" data-mentioned-user-id="68513513" ><s>@</s><b>LSH</b></a> <a href="/1871Chicago" class="twitter-atreply pretty-link js-nav" dir="ltr" data-mentioned-user-id="427424201" ><s>@</s><b>1871Chicago</b></a> <a href="/Bartozone" class="twitter-atreply pretty-link js-nav" dir="ltr" data-mentioned-user-id="73483352" ><s>@</s><b>Bartozone</b></a>]]></document>
		<document id="258300359485837312" url="https://twitter.com/Day_NightEvents/status/258300359485837312"><![CDATA[Wow Seattle I get it your gorgeous <a href="/hashtag/fall?src=hash" data-query-source="hashtag_click" class="twitter-hashtag pretty-link js-nav" dir="ltr" ><s>#</s><b>fall</b></a> <a href="/hashtag/briskair?src=hash" data-query-source="hashtag_click" class="twitter-hashtag pretty-link js-nav" dir="ltr" ><s>#</s><b>briskair</b></a> <a href="/hashtag/colorfulpeople?src=hash" data-query-source="hashtag_click" class="twitter-hashtag pretty-link js-nav" dir="ltr" ><s>#</s><b>colorfulpeople</b></a>]]></document>
		<document id="258302732153274368" url="https://twitter.com/Day_NightEvents/status/258302732153274368"><![CDATA[<a href="/JackGavigan" class="twitter-atreply pretty-link js-nav" dir="ltr" data-mentioned-user-id="130276212" ><s>@</s><b>JackGavigan</b></a> sorry bad at twitter its January 31!]]></document>
		<document id="258330586383536129" url="https://twitter.com/Day_NightEvents/status/258330586383536129"/>
		<document id="258345230917586944" url="https://twitter.com/Day_NightEvents/status/258345230917586944"><![CDATA[Previewing the Show Box at the Market Place <a href="/engadget" class="twitter-atreply pretty-link js-nav" dir="ltr" data-mentioned-user-id="14372486" ><s>@</s><b>Engadget</b></a> are you ready???]]></document>
		<document id="26119283063" url="https://twitter.com/Day_NightEvents/status/26119283063"><![CDATA[Hardly Strictly Blue Grass, ALL WEEKEND LONG!]]></document>
		<document id="262271811075575808" url="https://twitter.com/Day_NightEvents/status/262271811075575808"/>
		<document id="263057697245642752" url="https://twitter.com/Day_NightEvents/status/263057697245642752"><![CDATA[<a href="/engadget" class="twitter-atreply pretty-link js-nav" dir="ltr" data-mentioned-user-id="14372486" ><s>@</s><b>Engadget</b></a> SIC Meet Up in Seattle tonight, excited to see you! <a href="/LSH" class="twitter-atreply pretty-link js-nav" dir="ltr" data-mentioned-user-id="68513513" ><s>@</s><b>LSH</b></a>]]></document>
		<document id="263085302170669056" url="https://twitter.com/Day_NightEvents/status/263085302170669056"/>
		<document id="264948126761238528" url="https://twitter.com/Day_NightEvents/status/264948126761238528"/>
		<document id="265485266683305985" url="https://twitter.com/Day_NightEvents/status/265485266683305985"><![CDATA[I just unlocked the &quot;Greasy Spoon&quot; badge on <a href="/Foursquare" class="twitter-atreply pretty-link js-nav" dir="ltr" data-mentioned-user-id="804341497441255424" ><s>@</s><b>foursquare</b></a> for checking in at diners! Bring on the burgers! <a href="http://t.co/HysbLdYr" rel="nofollow noopener" dir="ltr" data-expanded-url="http://4sq.com/QibzRw" class="twitter-timeline-link" target="_blank" title="http://4sq.com/QibzRw" ><span class="tco-ellipsis"></span><span class="invisible">http://</span><span class="js-display-url">4sq.com/QibzRw</span><span class="invisible"></span><span class="tco-ellipsis"><span class="invisible">&nbsp;</span></span></a>]]></document>
		<document id="265711620695666688" url="https://twitter.com/Day_NightEvents/status/265711620695666688"/>
		<document id="266349418809286656" url="https://twitter.com/Day_NightEvents/status/266349418809286656"><![CDATA[<a href="/hashtag/TCDetroit?src=hash" data-query-source="hashtag_click" class="twitter-hashtag pretty-link js-nav" dir="ltr" ><s>#</s><b>TCDetroit</b></a> is rocking Hockey Town Cafe, come grab a drink with <a href="/TechCrunch" class="twitter-atreply pretty-link js-nav" dir="ltr" data-mentioned-user-id="816653" ><s>@</s><b>TechCrunch</b></a>]]></document>
		<document id="266722835995713536" url="https://twitter.com/Day_NightEvents/status/266722835995713536"/>
		<document id="266998807420620800" url="https://twitter.com/Day_NightEvents/status/266998807420620800"><![CDATA[I just unlocked the &quot;Pizzaiolo&quot; badge on <a href="/Foursquare" class="twitter-atreply pretty-link js-nav" dir="ltr" data-mentioned-user-id="804341497441255424" ><s>@</s><b>foursquare</b></a> for checking in at pizza joints! Pies all around! <a href="http://t.co/ZciMTFFv" rel="nofollow noopener" dir="ltr" data-expanded-url="http://4sq.com/RJSiH5" class="twitter-timeline-link" target="_blank" title="http://4sq.com/RJSiH5" ><span class="tco-ellipsis"></span><span class="invisible">http://</span><span class="js-display-url">4sq.com/RJSiH5</span><span class="invisible"></span><span class="tco-ellipsis"><span class="invisible">&nbsp;</span></span></a>]]></document>
		<document id="2677737493" url="https://twitter.com/Day_NightEvents/status/2677737493"><![CDATA[Going to the PCMA Networking event tonight at Sens.]]></document>
		<document id="268560017391755264" url="https://twitter.com/Day_NightEvents/status/268560017391755264"/>
		<document id="2696037928" url="https://twitter.com/Day_NightEvents/status/2696037928"><![CDATA[Headed to Los Angeles and San Diego for Sand Castles and Over the Line, should be great festivals!]]></document>
		<document id="272426953208909826" url="https://twitter.com/Day_NightEvents/status/272426953208909826"><![CDATA[A fine meal after whale shark swimming :) (@ Bismark-cito) [pic]:<a href="http://t.co/oiCeefnC" rel="nofollow noopener" dir="ltr" data-expanded-url="http://4sq.com/ShGXOI" class="twitter-timeline-link u-hidden" target="_blank" title="http://4sq.com/ShGXOI" ><span class="tco-ellipsis"></span><span class="invisible">http://</span><span class="js-display-url">4sq.com/ShGXOI</span><span class="invisible"></span><span class="tco-ellipsis"><span class="invisible">&nbsp;</span></span></a>]]></document>
		<document id="2742347565" url="https://twitter.com/Day_NightEvents/status/2742347565"><![CDATA[Back at work, ready to take on the week. Really excited to see No Doubt tomorrow!]]></document>
		<document id="275290281010675715" url="https://twitter.com/Day_NightEvents/status/275290281010675715"/>
		<document id="276357081412562945" url="https://twitter.com/Day_NightEvents/status/276357081412562945"/>
		<document id="276379516027420672" url="https://twitter.com/Day_NightEvents/status/276379516027420672"><![CDATA[MTR Invades Engadget NY Meetup: 2012 Edition and I got a shout out :)<a href="http://t.co/Y6muLh7u" rel="nofollow noopener" dir="ltr" data-expanded-url="http://www.mytakeradio.com/2012/11/mtr-invades-engadgets-ny-meetup-2012-edition/" class="twitter-timeline-link u-hidden" target="_blank" title="http://www.mytakeradio.com/2012/11/mtr-invades-engadgets-ny-meetup-2012-edition/" ><span class="tco-ellipsis"></span><span class="invisible">http://www.</span><span class="js-display-url">mytakeradio.com/2012/11/mtr-in</span><span class="invisible">vades-engadgets-ny-meetup-2012-edition/</span><span class="tco-ellipsis"><span class="invisible">&nbsp;</span>…</span></a>]]></document>
		<document id="277587861694451712" url="https://twitter.com/Day_NightEvents/status/277587861694451712"/>
		<document id="277971684475170816" url="https://twitter.com/Day_NightEvents/status/277971684475170816"><![CDATA[I just unlocked the &quot;Hot Tamale&quot; badge on <a href="/Foursquare" class="twitter-atreply pretty-link js-nav" dir="ltr" data-mentioned-user-id="804341497441255424" ><s>@</s><b>foursquare</b></a> for checking in at Mexican Restaurants! ¡Ay, caramba! <a href="http://t.co/4rBTxtnD" rel="nofollow noopener" dir="ltr" data-expanded-url="http://4sq.com/SQrZiV" class="twitter-timeline-link" target="_blank" title="http://4sq.com/SQrZiV" ><span class="tco-ellipsis"></span><span class="invisible">http://</span><span class="js-display-url">4sq.com/SQrZiV</span><span class="invisible"></span><span class="tco-ellipsis"><span class="invisible">&nbsp;</span></span></a>]]></document>
		<document id="27952916054" url="https://twitter.com/Day_NightEvents/status/27952916054"><![CDATA[Going on a vacation in my own city- 10 days of tourism, only difference, I know how to use public transit and how to get deals on tickets!]]></document>
		<document id="280101197208240128" url="https://twitter.com/Day_NightEvents/status/280101197208240128"/>
		<document id="282596029679947776" url="https://twitter.com/Day_NightEvents/status/282596029679947776"/>
		<document id="285102972097146880" url="https://twitter.com/Day_NightEvents/status/285102972097146880"/>
		<document id="286012356675375104" url="https://twitter.com/Day_NightEvents/status/286012356675375104"><![CDATA[Atrak omg <a href="/hashtag/newyears?src=hash" data-query-source="hashtag_click" class="twitter-hashtag pretty-link js-nav" dir="ltr" ><s>#</s><b>newyears</b></a>]]></document>
		<document id="288038436810682368" url="https://twitter.com/Day_NightEvents/status/288038436810682368"/>
		<document id="288751212097052672" url="https://twitter.com/Day_NightEvents/status/288751212097052672"><![CDATA[I just reached Level 2 of the &quot;Hot Tamale&quot; badge on <a href="/Foursquare" class="twitter-atreply pretty-link js-nav" dir="ltr" data-mentioned-user-id="804341497441255424" ><s>@</s><b>foursquare</b></a>. I’ve checked in at 5 different Mexican Restaurants! <a href="http://t.co/pWe6iJue" rel="nofollow noopener" dir="ltr" data-expanded-url="http://4sq.com/VJ34yS" class="twitter-timeline-link" target="_blank" title="http://4sq.com/VJ34yS" ><span class="tco-ellipsis"></span><span class="invisible">http://</span><span class="js-display-url">4sq.com/VJ34yS</span><span class="invisible"></span><span class="tco-ellipsis"><span class="invisible">&nbsp;</span></span></a>]]></document>
		<document id="290005691178037248" url="https://twitter.com/Day_NightEvents/status/290005691178037248"/>
		<document id="291660275814371328" url="https://twitter.com/Day_NightEvents/status/291660275814371328"><![CDATA[We&#39;re on the side of a bus.... Hope you got your ticket! <a href="/hashtag/crunchies?src=hash" data-query-source="hashtag_click" class="twitter-hashtag pretty-link js-nav" dir="ltr" ><s>#</s><b>crunchies</b></a> <a href="/Bartozone" class="twitter-atreply pretty-link js-nav" dir="ltr" data-mentioned-user-id="73483352" ><s>@</s><b>Bartozone</b></a> <a href="/LSH" class="twitter-atreply pretty-link js-nav" dir="ltr" data-mentioned-user-id="68513513" ><s>@</s><b>LSH</b></a> <a href="/joeyhinson" class="twitter-atreply pretty-link js-nav" dir="ltr" data-mentioned-user-id="109358399" ><s>@</s><b>joeyhinson</b></a> <a href="/JamieQuiocho" class="twitter-atreply pretty-link js-nav" dir="ltr" data-mentioned-user-id="18707342" ><s>@</s><b>JamieQuiocho</b></a><a href="http://t.co/tyjqSO2C" class="twitter-timeline-link u-hidden" data-pre-embedded="true" dir="ltr" >pic.twitter.com/tyjqSO2C</a>]]></document>
		<document id="292741745102450688" url="https://twitter.com/Day_NightEvents/status/292741745102450688"/>
		<document id="294215641869717504" url="https://twitter.com/Day_NightEvents/status/294215641869717504"><![CDATA[<a href="/LSH" class="twitter-atreply pretty-link js-nav" dir="ltr" data-mentioned-user-id="68513513" ><s>@</s><b>LSH</b></a> it&#39;s the only way to listen to electronic music!!!!!!!]]></document>
		<document id="295663157022711808" url="https://twitter.com/Day_NightEvents/status/295663157022711808"><![CDATA[Urban hiking <a href="/hashtag/sunday?src=hash" data-query-source="hashtag_click" class="twitter-hashtag pretty-link js-nav" dir="ltr" ><s>#</s><b>sunday</b></a><a href="http://t.co/l4HlrD2V" class="twitter-timeline-link u-hidden" data-pre-embedded="true" dir="ltr" >pic.twitter.com/l4HlrD2V</a>]]></document>
		<document id="297542978887639040" url="https://twitter.com/Day_NightEvents/status/297542978887639040"/>
		<document id="300340939052961792" url="https://twitter.com/Day_NightEvents/status/300340939052961792"/>
		<document id="300341116685910016" url="https://twitter.com/Day_NightEvents/status/300341116685910016"/>
		<document id="303275108846428160" url="https://twitter.com/Day_NightEvents/status/303275108846428160"/>
		<document id="307250409792221184" url="https://twitter.com/Day_NightEvents/status/307250409792221184"><![CDATA[I just reached Level 3 of the &quot;Jetsetter&quot; badge on <a href="/Foursquare" class="twitter-atreply pretty-link js-nav" dir="ltr" data-mentioned-user-id="804341497441255424" ><s>@</s><b>foursquare</b></a>. I’ve checked in at 10 different airports! <a href="http://t.co/b2vR2S4cr6" rel="nofollow noopener" dir="ltr" data-expanded-url="http://4sq.com/13qZE9b" class="twitter-timeline-link" target="_blank" title="http://4sq.com/13qZE9b" ><span class="tco-ellipsis"></span><span class="invisible">http://</span><span class="js-display-url">4sq.com/13qZE9b</span><span class="invisible"></span><span class="tco-ellipsis"><span class="invisible">&nbsp;</span></span></a>]]></document>
		<document id="307363139559772160" url="https://twitter.com/Day_NightEvents/status/307363139559772160"/>
		<document id="307759869413425153" url="https://twitter.com/Day_NightEvents/status/307759869413425153"/>
		<document id="3132647692" url="https://twitter.com/Day_NightEvents/status/3132647692"><![CDATA[Working on OpenWorld Green initiative.]]></document>
		<document id="3150161122" url="https://twitter.com/Day_NightEvents/status/3150161122"><![CDATA[Trying to figure out what to wear tonight to the Yelp Elite Event at newly re-opened, The Cafe... Put The Disco Back in Frisco!]]></document>
		<document id="3186955778" url="https://twitter.com/Day_NightEvents/status/3186955778"><![CDATA[Loves free beer from sonic youth and upper play ground... Triple crown, only in San Fran :)]]></document>
		<document id="335069015959535616" url="https://twitter.com/Day_NightEvents/status/335069015959535616"><![CDATA[<a href="/marly2_2" class="twitter-atreply pretty-link js-nav" dir="ltr" data-mentioned-user-id="404930275" ><s>@</s><b>marly2_2</b></a> when you coming home now??]]></document>
		<document id="335069596933554176" url="https://twitter.com/Day_NightEvents/status/335069596933554176"><![CDATA[Doing our part to clean Ocean Beach <a href="/hashtag/MonsterHelpDay?src=hash" data-query-source="hashtag_click" class="twitter-hashtag pretty-link js-nav" dir="ltr" ><s>#</s><b>MonsterHelpDay</b></a> with <a href="/TechCrunch" class="twitter-atreply pretty-link js-nav" dir="ltr" data-mentioned-user-id="816653" ><s>@</s><b>TechCrunch</b></a> <a href="/neddesmond" class="twitter-atreply pretty-link js-nav" dir="ltr" data-mentioned-user-id="14929531" ><s>@</s><b>neddesmond</b></a> <a href="/JamieQuiocho" class="twitter-atreply pretty-link js-nav" dir="ltr" data-mentioned-user-id="18707342" ><s>@</s><b>JamieQuiocho</b></a> <a href="/LSH" class="twitter-atreply pretty-link js-nav" dir="ltr" data-mentioned-user-id="68513513" ><s>@</s><b>LSH</b></a> <a href="/nicolasvincent" class="twitter-atreply pretty-link js-nav" dir="ltr" data-mentioned-user-id="16939880" ><s>@</s><b>nicolasvincent</b></a> <a href="/hashtag/AOL?src=hash" data-query-source="hashtag_click" class="twitter-hashtag pretty-link js-nav" dir="ltr" ><s>#</s><b>AOL</b></a>]]></document>
		<document id="335111650044694528" url="https://twitter.com/Day_NightEvents/status/335111650044694528"><![CDATA[<a href="/marly2_2" class="twitter-atreply pretty-link js-nav" dir="ltr" data-mentioned-user-id="404930275" ><s>@</s><b>marly2_2</b></a> ooh no love I&#39;m soooo sorry, I just went through it and its the worst. All my best to you and your family. HUG!!!!!]]></document>
		<document id="335112010054373378" url="https://twitter.com/Day_NightEvents/status/335112010054373378"><![CDATA[<a href="/mdflores" class="twitter-atreply pretty-link js-nav" dir="ltr" data-mentioned-user-id="15052930" ><s>@</s><b>mdflores</b></a> my mandatory company tweet!!]]></document>
		<document id="360065174402633728" url="https://twitter.com/Day_NightEvents/status/360065174402633728"/>
		<document id="402497994500485120" url="https://twitter.com/Day_NightEvents/status/402497994500485120"><![CDATA[<a href="/shootbydaylight" class="twitter-atreply pretty-link js-nav" dir="ltr" data-mentioned-user-id="114923447" ><s>@</s><b>shootbydaylight</b></a> <a href="/jordanrcrook" class="twitter-atreply pretty-link js-nav" dir="ltr" data-mentioned-user-id="296338717" ><s>@</s><b>jordanrcrook</b></a> <a href="/LSH" class="twitter-atreply pretty-link js-nav" dir="ltr" data-mentioned-user-id="68513513" ><s>@</s><b>LSH</b></a> Can I tell you it just took me like 5 minutes to figure out how to favorite this :( and THANKS GUYS!]]></document>
	</documents>
</author>