<?xml version="1.0" encoding="UTF-8" standalone="no"?><author age_group="xx" gender="xx" lang="EN" type="twitter" url="https://twitter.com/belkheldar">
	<documents count="153">
		<document id="1046625171" url="https://twitter.com/belkheldar/status/1046625171"><![CDATA[http://twitpic.com/rcye - This is what some would call &quot;my CMS brief&quot;...]]></document>
		<document id="1046630341" url="https://twitter.com/belkheldar/status/1046630341"><![CDATA[Getting ready for my first AGSM MBA exam....am I nervous or what!]]></document>
		<document id="1046944493" url="https://twitter.com/belkheldar/status/1046944493"><![CDATA[Schuster has been fired from real Madrid. They are considering Ramos.oh god. First Capello, now Schuster.]]></document>
		<document id="1048362080" url="https://twitter.com/belkheldar/status/1048362080"><![CDATA[http://twitpic.com/rjya - Best background ever]]></document>
		<document id="1056509677" url="https://twitter.com/belkheldar/status/1056509677"><![CDATA[Marketing management exam completed - over came evacuation mid way due to falty fire alarm and illness.]]></document>
		<document id="1056511126" url="https://twitter.com/belkheldar/status/1056511126"><![CDATA[<a href="/dantintner" class="twitter-atreply pretty-link js-nav" dir="ltr" data-mentioned-user-id="533886468" ><s>@</s><b>DanTintner</b></a> and breathing... That&#39;s just oxygen and stuff]]></document>
		<document id="1110915181" url="https://twitter.com/belkheldar/status/1110915181"><![CDATA[Fallout 3... Sigh now that&#39;s finished I have to wait a few weeks for add on]]></document>
		<document id="1115529599" url="https://twitter.com/belkheldar/status/1115529599"><![CDATA[<a href="/shanselman" class="twitter-atreply pretty-link js-nav" dir="ltr" data-mentioned-user-id="5676102" ><s>@</s><b>shanselman</b></a> 6.21 percent and falling...]]></document>
		<document id="1160956568" url="https://twitter.com/belkheldar/status/1160956568"><![CDATA[Feel free to install TweetDeck]]></document>
		<document id="116789727079829504" url="https://twitter.com/belkheldar/status/116789727079829504"><![CDATA[I am @ <a href="/hashtag/webblastsyd?src=hash" data-query-source="hashtag_click" class="twitter-hashtag pretty-link js-nav" dir="ltr" ><s>#</s><b>webblastsyd</b></a>]]></document>
		<document id="118469471852707840" url="https://twitter.com/belkheldar/status/118469471852707840"><![CDATA[<a href="/ID_AA_Carmack" class="twitter-atreply pretty-link js-nav" dir="ltr" data-mentioned-user-id="175624200" ><s>@</s><b>ID_AA_Carmack</b></a> are the textures the same on Rage for PS3/360? Any hints on type of anti-aliasing used on PS3. Loving MLAA, QAA not so much]]></document>
		<document id="118823283163545601" url="https://twitter.com/belkheldar/status/118823283163545601"><![CDATA[<a href="/ID_AA_Carmack" class="twitter-atreply pretty-link js-nav" dir="ltr" data-mentioned-user-id="175624200" ><s>@</s><b>ID_AA_Carmack</b></a> Thank you!!!!]]></document>
		<document id="120456783243386881" url="https://twitter.com/belkheldar/status/120456783243386881"><![CDATA[FIFA 12 is a true revolution]]></document>
		<document id="1222084679" url="https://twitter.com/belkheldar/status/1222084679"><![CDATA[Salesforce learning curve climbed and I have successfully integrated our mailing platform in appex. Happy sigh]]></document>
		<document id="1222092017" url="https://twitter.com/belkheldar/status/1222092017"><![CDATA[Don&#39;t become a simply red convert!]]></document>
		<document id="1222711798" url="https://twitter.com/belkheldar/status/1222711798"><![CDATA[<a href="/dantintner" class="twitter-atreply pretty-link js-nav" dir="ltr" data-mentioned-user-id="533886468" ><s>@</s><b>DanTintner</b></a> looks more like bingo at the RSL than a concert. Glad u had fun though ;)]]></document>
		<document id="1222716333" url="https://twitter.com/belkheldar/status/1222716333"><![CDATA[Tribal tipping updated with AFL and NRL competitions : join or create your free comp at www.tribaltipping.com]]></document>
		<document id="12425933823" url="https://twitter.com/belkheldar/status/12425933823"><![CDATA[God of War 3 goes up there with Mass Effect as one of the finest gaming experiences of this generation-absolutely superb from start 2 finish]]></document>
		<document id="1243449355" url="https://twitter.com/belkheldar/status/1243449355"><![CDATA[I cant believe I am saying this but... Google chrome is amazing!]]></document>
		<document id="1243503501" url="https://twitter.com/belkheldar/status/1243503501"><![CDATA[Woahhh spoke too soon. Chrome is amazing but lacks RSS :(]]></document>
		<document id="1246388206" url="https://twitter.com/belkheldar/status/1246388206"><![CDATA[Allez Lyon!!!! Lyon 1-barca 0]]></document>
		<document id="125061587567525889" url="https://twitter.com/belkheldar/status/125061587567525889"><![CDATA[Watching industry leader and living legend Peter Moore give keynote... Inspirational stuff]]></document>
		<document id="125080365139378176" url="https://twitter.com/belkheldar/status/125080365139378176"><![CDATA[Surrounded by a sea of pasty skinned gamers @ <a href="/hashtag/ebexpo?src=hash" data-query-source="hashtag_click" class="twitter-hashtag pretty-link js-nav" dir="ltr" ><s>#</s><b>ebexpo</b></a>]]></document>
		<document id="1261751771" url="https://twitter.com/belkheldar/status/1261751771"><![CDATA[Boo!!!!! mel FC 1 Ade 0... Breezy is indeed a wanker, worst red cards I&#39;ve seen in ages]]></document>
		<document id="1261753987" url="https://twitter.com/belkheldar/status/1261753987"><![CDATA[<a href="/EMMANOUILIDIS" class="twitter-atreply pretty-link js-nav" dir="ltr" data-mentioned-user-id="182092315" ><s>@</s><b>emmanouilidis</b></a> what do u mean? What&#39;s wrong with visual foxpro? The programming worlds equivalent of TAB cola]]></document>
		<document id="12624344024" url="https://twitter.com/belkheldar/status/12624344024"><![CDATA[OMG Melbourne Storm stripped of titles (plural)...]]></document>
		<document id="1265270253" url="https://twitter.com/belkheldar/status/1265270253"><![CDATA[<a href="/dantintner" class="twitter-atreply pretty-link js-nav" dir="ltr" data-mentioned-user-id="533886468" ><s>@</s><b>DanTintner</b></a> hey she&#39;s just doing a tuna turner...]]></document>
		<document id="1287918806" url="https://twitter.com/belkheldar/status/1287918806"><![CDATA[Watchmen the movie did watchmen the novel justice. Absolutely blow away. Best movie I have seen in a long time.]]></document>
		<document id="1291632703" url="https://twitter.com/belkheldar/status/1291632703"><![CDATA[Officeworks are selling 1TB western digital ext hdd for $189. Bargain.]]></document>
		<document id="1307205234" url="https://twitter.com/belkheldar/status/1307205234"><![CDATA[Cheap penalty, pull down a defender and presto 2 goals up. Dirty dirty (but fast) Liverpool]]></document>
		<document id="1310508250" url="https://twitter.com/belkheldar/status/1310508250"><![CDATA[Empire total war = the best 4x game I have ever played!]]></document>
		<document id="1315204325" url="https://twitter.com/belkheldar/status/1315204325"><![CDATA[Death magnetic isn&#39;t just metallica&#39;s best album in 20 years, it&#39;s the finest album I&#39;ve heard in a long long time.]]></document>
		<document id="13290296655" url="https://twitter.com/belkheldar/status/13290296655"><![CDATA[<a href="/pyrmontvillage" class="twitter-atreply pretty-link js-nav" dir="ltr" data-mentioned-user-id="14485447" ><s>@</s><b>pyrmontvillage</b></a> mining profits are derived from commonwealth (public) owned resources, coles/etc profits are derived from service/retail ops]]></document>
		<document id="1378890011" url="https://twitter.com/belkheldar/status/1378890011"><![CDATA[At Mater, Jody is being admitted. So far so good. Nice hospital, had my knee reconstruction here.]]></document>
		<document id="1379050581" url="https://twitter.com/belkheldar/status/1379050581"><![CDATA[http://twitpic.com/2e5zc - Jody is looking sexy in the blue gown. We are in a room to ourselves (ground room 36) http://piurl.com/1Ohj : ...]]></document>
		<document id="1379064483" url="https://twitter.com/belkheldar/status/1379064483"><![CDATA[Admissions process is over. She will be taken into surgery at 1pm. Blood work is coming up.]]></document>
		<document id="1379092804" url="https://twitter.com/belkheldar/status/1379092804"><![CDATA[My apologies to everyone being bombarded on facebook. I am twittering these updates for family and friends and my accounts are linked.]]></document>
		<document id="1379240840" url="https://twitter.com/belkheldar/status/1379240840"><![CDATA[Jody hasn&#39;t eaten solids since Sunday and has made the mistake of reading the food section of girly mag. On the positive side, I hadn&#39;t eate]]></document>
		<document id="1379474983" url="https://twitter.com/belkheldar/status/1379474983"><![CDATA[Anesthetist just visited, eta 10 mins... Nerves starting.]]></document>
		<document id="1379579413" url="https://twitter.com/belkheldar/status/1379579413"><![CDATA[Jody in surgery, schnitzel sanga from cafe is dry... Where is the alioli?]]></document>
		<document id="1380166953" url="https://twitter.com/belkheldar/status/1380166953"><![CDATA[Waiting]]></document>
		<document id="1380290822" url="https://twitter.com/belkheldar/status/1380290822"><![CDATA[Still waiting no update]]></document>
		<document id="1380631704" url="https://twitter.com/belkheldar/status/1380631704"><![CDATA[All over she is recovering and doing well. So far best result possible.]]></document>
		<document id="1385225111" url="https://twitter.com/belkheldar/status/1385225111"><![CDATA[At hospital since 8am... Waiting for dr....]]></document>
		<document id="1430455190" url="https://twitter.com/belkheldar/status/1430455190"><![CDATA[Come on Australia !!!!!]]></document>
		<document id="1430547295" url="https://twitter.com/belkheldar/status/1430547295"><![CDATA[Ggggggggggoooooiaaaaaaaaaaaaaaaalllllllll]]></document>
		<document id="1430549781" url="https://twitter.com/belkheldar/status/1430549781"><![CDATA[<a href="/dantintner" class="twitter-atreply pretty-link js-nav" dir="ltr" data-mentioned-user-id="533886468" ><s>@</s><b>DanTintner</b></a> Aussie Aussie Aussie!!!!!!!]]></document>
		<document id="1430561656" url="https://twitter.com/belkheldar/status/1430561656"><![CDATA[Pennnaallltty]]></document>
		<document id="1430564439" url="https://twitter.com/belkheldar/status/1430564439"><![CDATA[Kkkkkkeeeewwwwelllllllll gggooiaaaallll!!!!!]]></document>
		<document id="1430622049" url="https://twitter.com/belkheldar/status/1430622049"><![CDATA[<a href="/davidnemes" class="twitter-atreply pretty-link js-nav" dir="ltr" data-mentioned-user-id="198752379" ><s>@</s><b>davidnemes</b></a> you will find that&#39;s not true - in gaelic football they wear sheeps stomachs sponsored alway by Nike]]></document>
		<document id="1430673340" url="https://twitter.com/belkheldar/status/1430673340"><![CDATA[Campeones campeones oi oi oi]]></document>
		<document id="143196473784414208" url="https://twitter.com/belkheldar/status/143196473784414208"><![CDATA[<a href="/SydneyFC" class="twitter-atreply pretty-link js-nav" dir="ltr" data-mentioned-user-id="89316681" ><s>@</s><b>sydneyfc</b></a> please make more games at WIN Jubilee next year - awesome stadium.]]></document>
		<document id="148317394471878656" url="https://twitter.com/belkheldar/status/148317394471878656"><![CDATA[Feeling the urge to build a gaming PC, love consoles but am getting frustrated with delay of next gen boxes.]]></document>
		<document id="150061764552294400" url="https://twitter.com/belkheldar/status/150061764552294400"><![CDATA[Not sure who can sue who for copyright infringement - olympic comittee vs 5 golden rings (from Xmas song)<a href="http://t.co/oiWMwGpe" class="twitter-timeline-link u-hidden" data-pre-embedded="true" dir="ltr" >pic.twitter.com/oiWMwGpe</a>]]></document>
		<document id="15103598217" url="https://twitter.com/belkheldar/status/15103598217"><![CDATA[Just because I check my Twitter on the train doesn&#39;t imply that I use it to substitute other relationships <a href="/hashtag/qanda?src=hash" data-query-source="hashtag_click" class="twitter-hashtag pretty-link js-nav" dir="ltr" ><s>#</s><b>qanda</b></a>]]></document>
		<document id="151980354067116032" url="https://twitter.com/belkheldar/status/151980354067116032"><![CDATA[Thank You <a href="/Naughty_Dog" class="twitter-atreply pretty-link js-nav" dir="ltr" data-mentioned-user-id="15222083" ><s>@</s><b>Naughty_Dog</b></a> for creating another beautiful game. Uncharted 3 was definitely the best in the series, awesome achievement.]]></document>
		<document id="157763550717292544" url="https://twitter.com/belkheldar/status/157763550717292544"><![CDATA[Super exited about seeing the fantastic Mike Patton tomorrow night]]></document>
		<document id="16089285124" url="https://twitter.com/belkheldar/status/16089285124"><![CDATA[Muscat the thug is terrible as muscat the commentator]]></document>
		<document id="161791291640922112" url="https://twitter.com/belkheldar/status/161791291640922112"><![CDATA[I&#39;m so excited about the pats and the Superbowl!!!]]></document>
		<document id="1664901088" url="https://twitter.com/belkheldar/status/1664901088"><![CDATA[Replaced HDD in my home desktop. Worked out why it was only starting up 1 time in 10 - a huge crack across the plastic casing. Weird!]]></document>
		<document id="1664914538" url="https://twitter.com/belkheldar/status/1664914538"><![CDATA[In the last month I have updated the video card and PSU in my home machine (and replaced the HDD). I have decided - No more Desktops.]]></document>
		<document id="167450166469730304" url="https://twitter.com/belkheldar/status/167450166469730304"><![CDATA[It&#39;s time to choose an AFL team - should I go Sydney swans or collingwood?]]></document>
		<document id="174619395262398464" url="https://twitter.com/belkheldar/status/174619395262398464"><![CDATA[<a href="/hashtag/adoberefresh?src=hash" data-query-source="hashtag_click" class="twitter-hashtag pretty-link js-nav" dir="ltr" ><s>#</s><b>adoberefresh</b></a> wants some matza with your motzilla?]]></document>
		<document id="180509867839197185" url="https://twitter.com/belkheldar/status/180509867839197185"><![CDATA[Ahhh peppermint treatment - the hair dressing code word for head massage]]></document>
		<document id="1815207380" url="https://twitter.com/belkheldar/status/1815207380"><![CDATA[MPO is over!!!! Wooohooo schools out for-ever (two weeks)]]></document>
		<document id="1815212024" url="https://twitter.com/belkheldar/status/1815212024"><![CDATA[<a href="/davidnemes" class="twitter-atreply pretty-link js-nav" dir="ltr" data-mentioned-user-id="198752379" ><s>@</s><b>davidnemes</b></a> I wish I could play one game a year let alone two in a couple of days. Lucky man]]></document>
		<document id="1876304106" url="https://twitter.com/belkheldar/status/1876304106"><![CDATA[Watching Stanford Uni&#39;s iPhone Lectures.... AMAZING! What i would give to go back in time and do my undergrad CompSci there... :(]]></document>
		<document id="1889914325" url="https://twitter.com/belkheldar/status/1889914325"><![CDATA[Ive hit Level 77 and I can fly again bisatches!!!!!!]]></document>
		<document id="19553061220" url="https://twitter.com/belkheldar/status/19553061220"><![CDATA[<a href="/ielmiski" class="twitter-atreply pretty-link js-nav" dir="ltr" data-mentioned-user-id="97341584" ><s>@</s><b>ielmiski</b></a> way tooooo soon - Starcraft 2 tomorrow! sooooo excited]]></document>
		<document id="19627730185" url="https://twitter.com/belkheldar/status/19627730185"><![CDATA[starcraft 2 manual doesn&#39;t list units :( i miss the mammoth instruction manuals and tech sheets of old....]]></document>
		<document id="197593450303074305" url="https://twitter.com/belkheldar/status/197593450303074305"><![CDATA[It&#39;s gotten to the point that when I see a person reading a paperback book and eating an apple on the train I automatically think &quot;hippy&quot;]]></document>
		<document id="197652668343271424" url="https://twitter.com/belkheldar/status/197652668343271424"><![CDATA[Win a $10,000 trip for 2 to the NBA FINALS in the US courtesy of ESPN, FOXTEL and AUSTAR. Enter now <a href="http://t.co/odFMESZ8" rel="nofollow noopener" dir="ltr" data-expanded-url="http://www.facebook.com/ESPNAusNZ/?sk=app_319109431488782" class="twitter-timeline-link" target="_blank" title="http://www.facebook.com/ESPNAusNZ/?sk=app_319109431488782" ><span class="tco-ellipsis"></span><span class="invisible">http://www.</span><span class="js-display-url">facebook.com/ESPNAusNZ/?sk=</span><span class="invisible">app_319109431488782</span><span class="tco-ellipsis"><span class="invisible">&nbsp;</span>…</span></a>]]></document>
		<document id="199666005977481216" url="https://twitter.com/belkheldar/status/199666005977481216"><![CDATA[Help me unlock the <a href="/hashtag/AC3?src=hash" data-query-source="hashtag_click" class="twitter-hashtag pretty-link js-nav" dir="ltr" ><s>#</s><b>AC3</b></a> World Gameplay Premiere! <a href="http://t.co/RInjL7zn" rel="nofollow noopener" dir="ltr" data-expanded-url="http://bit.ly/KjeguO" class="twitter-timeline-link" target="_blank" title="http://bit.ly/KjeguO" ><span class="tco-ellipsis"></span><span class="invisible">http://</span><span class="js-display-url">bit.ly/KjeguO</span><span class="invisible"></span><span class="tco-ellipsis"><span class="invisible">&nbsp;</span></span></a>]]></document>
		<document id="199788410091732992" url="https://twitter.com/belkheldar/status/199788410091732992"><![CDATA[Oracle v google Java trial moves further into uncertainty<a href="http://t.co/xRVHbACD" rel="nofollow noopener" dir="ltr" data-expanded-url="http://m.wired.com/wiredenterprise/2012/05/oracle-google-verdict/" class="twitter-timeline-link u-hidden" target="_blank" title="http://m.wired.com/wiredenterprise/2012/05/oracle-google-verdict/" ><span class="tco-ellipsis"></span><span class="invisible">http://</span><span class="js-display-url">m.wired.com/wiredenterpris</span><span class="invisible">e/2012/05/oracle-google-verdict/</span><span class="tco-ellipsis"><span class="invisible">&nbsp;</span>…</span></a>]]></document>
		<document id="200515517201657858" url="https://twitter.com/belkheldar/status/200515517201657858"><![CDATA[Help me unlock the <a href="/hashtag/AC3?src=hash" data-query-source="hashtag_click" class="twitter-hashtag pretty-link js-nav" dir="ltr" ><s>#</s><b>AC3</b></a> World Gameplay Premiere! <a href="http://t.co/RInjL7zn" rel="nofollow noopener" dir="ltr" data-expanded-url="http://bit.ly/KjeguO" class="twitter-timeline-link" target="_blank" title="http://bit.ly/KjeguO" ><span class="tco-ellipsis"></span><span class="invisible">http://</span><span class="js-display-url">bit.ly/KjeguO</span><span class="invisible"></span><span class="tco-ellipsis"><span class="invisible">&nbsp;</span></span></a>]]></document>
		<document id="2187664172" url="https://twitter.com/belkheldar/status/2187664172"><![CDATA[Hoyts ad for Coco Avant Chanel plays it safe by replacing the cigarette with a Montblanc (still a nazi sympathiser) http://twitpic.com/7iquf]]></document>
		<document id="2204232496" url="https://twitter.com/belkheldar/status/2204232496"><![CDATA[Come on apple, release the damn OS update already!!!!]]></document>
		<document id="2215528303" url="https://twitter.com/belkheldar/status/2215528303"><![CDATA[Lost my contacts on the iPhone - :(]]></document>
		<document id="2215534001" url="https://twitter.com/belkheldar/status/2215534001"><![CDATA[alrighty - deal is that contacts are wiped but they are restored once you make a connection to the email address that you are synced with]]></document>
		<document id="2215534875" url="https://twitter.com/belkheldar/status/2215534875"><![CDATA[(as opposed to being stored in the sim or seperate data file on the phone) ... not a biggie but I would have liked to know this in advance]]></document>
		<document id="2215715788" url="https://twitter.com/belkheldar/status/2215715788"><![CDATA[For those that are having tethering issues in OZ - http://help.benm.at/au.php]]></document>
		<document id="2218750068" url="https://twitter.com/belkheldar/status/2218750068"><![CDATA[word to the wise - if you are trying to get an SSL certificate and want decent support, do not use www.trustico.com]]></document>
		<document id="223242587333599234" url="https://twitter.com/belkheldar/status/223242587333599234"><![CDATA[Spot on editorial <a href="/engadget" class="twitter-atreply pretty-link js-nav" dir="ltr" data-mentioned-user-id="14372486" ><s>@</s><b>engadget</b></a><a href="http://t.co/pW72wk6F" rel="nofollow noopener" dir="ltr" data-expanded-url="http://www.engadget.com/2012/07/11/editorial-ouyas-success/" class="twitter-timeline-link u-hidden" target="_blank" title="http://www.engadget.com/2012/07/11/editorial-ouyas-success/" ><span class="tco-ellipsis"></span><span class="invisible">http://www.</span><span class="js-display-url">engadget.com/2012/07/11/edi</span><span class="invisible">torial-ouyas-success/</span><span class="tco-ellipsis"><span class="invisible">&nbsp;</span>…</span></a>]]></document>
		<document id="22675751485" url="https://twitter.com/belkheldar/status/22675751485"><![CDATA[Good on John Cusack, talk about the press overreacting. Fox News is an oxymoron. http://tiny.cc/p4elr]]></document>
		<document id="2319525513" url="https://twitter.com/belkheldar/status/2319525513"><![CDATA[Help tell <a href="/MSOfficeUS" class="twitter-atreply pretty-link js-nav" dir="ltr" data-mentioned-user-id="476650464" ><s>@</s><b>msofficeus</b></a> that using Word to render HTML emails in Outlook is a dumb idea. See http://fixoutlook.org and RT]]></document>
		<document id="235881131881406464" url="https://twitter.com/belkheldar/status/235881131881406464"><![CDATA[<a href="/bajopants" class="twitter-atreply pretty-link js-nav" dir="ltr" data-mentioned-user-id="34886889" ><s>@</s><b>bajopants</b></a> trying to decide between darksiders 2 and sleeping dogs... Which is the better game in your opinion?]]></document>
		<document id="235886613123723264" url="https://twitter.com/belkheldar/status/235886613123723264"><![CDATA[<a href="/bajopants" class="twitter-atreply pretty-link js-nav" dir="ltr" data-mentioned-user-id="34886889" ><s>@</s><b>bajopants</b></a> thank you!]]></document>
		<document id="2399968328" url="https://twitter.com/belkheldar/status/2399968328"><![CDATA[Remember the days when you could buy a scientific calculator for $20? You could use it for arithmetic/trig and thats about it?]]></document>
		<document id="2399983987" url="https://twitter.com/belkheldar/status/2399983987"><![CDATA[Had to buy a new one - when did they add  300 (minimum) stat/finance/useless functions . Thats one geek orgy i will never understand.]]></document>
		<document id="2426633981" url="https://twitter.com/belkheldar/status/2426633981"><![CDATA[Benzema to Madrid!!! The greatest French player of his generation has made his dream move! Dance of joy! Hala Madrid!!!!]]></document>
		<document id="251896895331508224" url="https://twitter.com/belkheldar/status/251896895331508224"><![CDATA[<a href="/EASPORTSFIFA" class="twitter-atreply pretty-link js-nav" dir="ltr" data-mentioned-user-id="105297123" ><s>@</s><b>EASPORTSFIFA</b></a> FIFA 13 is the complete package, not just the best sports game ever made but one of the best games ever made! Fantastic!]]></document>
		<document id="258568100184739840" url="https://twitter.com/belkheldar/status/258568100184739840"><![CDATA[Save time for mobile users, use facebook registration plug in <a href="/hashtag/ET12?src=hash" data-query-source="hashtag_click" class="twitter-hashtag pretty-link js-nav" dir="ltr" ><s>#</s><b>ET12</b></a>]]></document>
		<document id="258568745109315585" url="https://twitter.com/belkheldar/status/258568745109315585"><![CDATA[Show the benefit rather (get 10% off) instead of a boring “Email Signup” banner <a href="/hashtag/ET12?src=hash" data-query-source="hashtag_click" class="twitter-hashtag pretty-link js-nav" dir="ltr" ><s>#</s><b>ET12</b></a>]]></document>
		<document id="258571487458492416" url="https://twitter.com/belkheldar/status/258571487458492416"><![CDATA[Move fast and break things. <a href="/hashtag/et12?src=hash" data-query-source="hashtag_click" class="twitter-hashtag pretty-link js-nav" dir="ltr" ><s>#</s><b>et12</b></a>]]></document>
		<document id="258620370444238848" url="https://twitter.com/belkheldar/status/258620370444238848"><![CDATA[Anyone know how we can get copies of the presentations from today&#39;s sessions? <a href="/hashtag/ET12?src=hash" data-query-source="hashtag_click" class="twitter-hashtag pretty-link js-nav" dir="ltr" ><s>#</s><b>ET12</b></a>]]></document>
		<document id="258634430636228611" url="https://twitter.com/belkheldar/status/258634430636228611"><![CDATA[@scott_thomas_et thank you!!]]></document>
		<document id="258999093324550144" url="https://twitter.com/belkheldar/status/258999093324550144"><![CDATA[Thank you <a href="/ExactTarget" class="twitter-atreply pretty-link js-nav" dir="ltr" data-mentioned-user-id="15234001" ><s>@</s><b>exacttarget</b></a>, <a href="/hashtag/et12?src=hash" data-query-source="hashtag_click" class="twitter-hashtag pretty-link js-nav" dir="ltr" ><s>#</s><b>et12</b></a> was amazing, Michael J Fox &amp; David Blaine are two of the best  speakers I have ever been privileged to hear!]]></document>
		<document id="260151140493176832" url="https://twitter.com/belkheldar/status/260151140493176832"><![CDATA[<a href="/hashtag/patsgameface?src=hash" data-query-source="hashtag_click" class="twitter-hashtag pretty-link js-nav" dir="ltr" ><s>#</s><b>patsgameface</b></a><a href="http://t.co/vR9uZ3FO" class="twitter-timeline-link u-hidden" data-pre-embedded="true" dir="ltr" >pic.twitter.com/vR9uZ3FO</a>]]></document>
		<document id="2659137599" url="https://twitter.com/belkheldar/status/2659137599"><![CDATA[God damn the plague carriers that travel with me on the train - this is one time i heartily promote an abstinence from work ethic]]></document>
		<document id="266382598572478464" url="https://twitter.com/belkheldar/status/266382598572478464"><![CDATA[<a href="/UbiGabe" class="twitter-atreply pretty-link js-nav" dir="ltr" data-mentioned-user-id="48370736" ><s>@</s><b>UbiGabe</b></a> Thanks for all your work with the community. Quick question, why did you chose the Xbox version over the PS3 version?]]></document>
		<document id="2701958769" url="https://twitter.com/belkheldar/status/2701958769"><![CDATA[Just finished exams - don&#39;t think I well and yet don&#39;t feel bad about it either. I have entered the mediocrity zone.]]></document>
		<document id="270857038123368448" url="https://twitter.com/belkheldar/status/270857038123368448"><![CDATA[<a href="/CaseyDHudson" class="twitter-atreply pretty-link js-nav" dir="ltr" data-mentioned-user-id="294430454" ><s>@</s><b>CaseyDHudson</b></a> After the events of ME3... not a &quot;end of the universe&quot; story but a political one post the aftermath.]]></document>
		<document id="291138781648670721" url="https://twitter.com/belkheldar/status/291138781648670721"><![CDATA[<a href="/RaisingOneBrow" class="twitter-atreply pretty-link js-nav" dir="ltr" data-mentioned-user-id="147776880" ><s>@</s><b>RaisingOneBrow</b></a> I hope that Robin Williams apologises to the French for years of denigrating comments defending Lance]]></document>
		<document id="291519962932183041" url="https://twitter.com/belkheldar/status/291519962932183041"><![CDATA[Check out Saga Issue #1 on <a href="/comiXology" class="twitter-atreply pretty-link js-nav" dir="ltr" data-mentioned-user-id="15135752" ><s>@</s><b>comiXology</b></a><a href="http://t.co/9ax1YkCh" rel="nofollow noopener" dir="ltr" data-expanded-url="http://www.comixology.com/Saga/digital-comic/22207?utm_source=Comics-iOS&amp;utm_medium=twitter&amp;utm_campaign=share" class="twitter-timeline-link u-hidden" target="_blank" title="http://www.comixology.com/Saga/digital-comic/22207?utm_source=Comics-iOS&amp;utm_medium=twitter&amp;utm_campaign=share" ><span class="tco-ellipsis"></span><span class="invisible">http://www.</span><span class="js-display-url">comixology.com/Saga/digital-c</span><span class="invisible">omic/22207?utm_source=Comics-iOS&amp;utm_medium=twitter&amp;utm_campaign=share</span><span class="tco-ellipsis"><span class="invisible">&nbsp;</span>…</span></a>]]></document>
		<document id="292629010557595650" url="https://twitter.com/belkheldar/status/292629010557595650"><![CDATA[<a href="/Weezer" class="twitter-atreply pretty-link js-nav" dir="ltr" data-mentioned-user-id="16685316" ><s>@</s><b>Weezer</b></a> thank you for an amazing night in <a href="/hashtag/Sydney?src=hash" data-query-source="hashtag_click" class="twitter-hashtag pretty-link js-nav" dir="ltr" ><s>#</s><b>Sydney</b></a>, please dont wait 16 more years to come back!]]></document>
		<document id="295314249377521664" url="https://twitter.com/belkheldar/status/295314249377521664"><![CDATA[Zack Snyder seems a good choice for director with JJ prodcr for 3rd <a href="/hashtag/startrek?src=hash" data-query-source="hashtag_click" class="twitter-hashtag pretty-link js-nav" dir="ltr" ><s>#</s><b>startrek</b></a> movie.This <a href="/hashtag/starwars?src=hash" data-query-source="hashtag_click" class="twitter-hashtag pretty-link js-nav" dir="ltr" ><s>#</s><b>starwars</b></a> news is neither good/bad just disruptive.]]></document>
		<document id="305558195433267200" url="https://twitter.com/belkheldar/status/305558195433267200"><![CDATA[<a href="/bajopants" class="twitter-atreply pretty-link js-nav" dir="ltr" data-mentioned-user-id="34886889" ><s>@</s><b>bajopants</b></a> they&#39;re archived - should be in archive label if on gmail]]></document>
		<document id="305648336986333184" url="https://twitter.com/belkheldar/status/305648336986333184"><![CDATA[<a href="/iamnotshouting" class="twitter-atreply pretty-link js-nav" dir="ltr" data-mentioned-user-id="48981053" ><s>@</s><b>iamnotshouting</b></a> thank you for a great day! Don&#39;t want to even imagine how much it cost to throw.]]></document>
		<document id="313756527162953733" url="https://twitter.com/belkheldar/status/313756527162953733"><![CDATA[Huge news, long overdue<a href="http://t.co/akZ1NwsOT4" rel="nofollow noopener" dir="ltr" data-expanded-url="http://m.au.ign.com/articles/2013/03/18/ea-ceo-john-riccitiello-steps-down" class="twitter-timeline-link u-hidden" target="_blank" title="http://m.au.ign.com/articles/2013/03/18/ea-ceo-john-riccitiello-steps-down" ><span class="tco-ellipsis"></span><span class="invisible">http://</span><span class="js-display-url">m.au.ign.com/articles/2013/</span><span class="invisible">03/18/ea-ceo-john-riccitiello-steps-down</span><span class="tco-ellipsis"><span class="invisible">&nbsp;</span>…</span></a>]]></document>
		<document id="313759086187532288" url="https://twitter.com/belkheldar/status/313759086187532288"><![CDATA[<a href="/Michael_French" class="twitter-atreply pretty-link js-nav" dir="ltr" data-mentioned-user-id="22427026" ><s>@</s><b>Michael_French</b></a> great idea, he had many years as a great CEO, shame his legacy won&#39;t be consumer advocacy.]]></document>
		<document id="3143862576" url="https://twitter.com/belkheldar/status/3143862576"><![CDATA[On train, relistening to Zeitgeist - I argue that&#39;s it&#39;s at least as good as any of the Pumpkins former albums - amazing achievement.]]></document>
		<document id="316135138239078400" url="https://twitter.com/belkheldar/status/316135138239078400"><![CDATA[<a href="/DMC_Ryan" class="twitter-atreply pretty-link js-nav" dir="ltr" data-mentioned-user-id="308795969" ><s>@</s><b>DMC_Ryan</b></a> <a href="/IGN" class="twitter-atreply pretty-link js-nav" dir="ltr" data-mentioned-user-id="18927441" ><s>@</s><b>IGN</b></a> Thanks for Bioshock review! Quick Q, any differences between ps3 or 360 version?]]></document>
		<document id="316864622189768704" url="https://twitter.com/belkheldar/status/316864622189768704"><![CDATA[Wtf? How could this happen?<a href="http://t.co/DjypZYVUk7" rel="nofollow noopener" dir="ltr" data-expanded-url="http://rt.com/usa/monsanto-congress-silently-slips-830/" class="twitter-timeline-link u-hidden" target="_blank" title="http://rt.com/usa/monsanto-congress-silently-slips-830/" ><span class="tco-ellipsis"></span><span class="invisible">http://</span><span class="js-display-url">rt.com/usa/monsanto-c</span><span class="invisible">ongress-silently-slips-830/</span><span class="tco-ellipsis"><span class="invisible">&nbsp;</span>…</span></a>]]></document>
		<document id="317471171736121345" url="https://twitter.com/belkheldar/status/317471171736121345"><![CDATA[21 principles of persuasion<a href="http://t.co/zvmbKp8j3B" rel="nofollow noopener" dir="ltr" data-expanded-url="http://lnkd.in/zEy9Ux" class="twitter-timeline-link u-hidden" target="_blank" title="http://lnkd.in/zEy9Ux" ><span class="tco-ellipsis"></span><span class="invisible">http://</span><span class="js-display-url">lnkd.in/zEy9Ux</span><span class="invisible"></span><span class="tco-ellipsis"><span class="invisible">&nbsp;</span></span></a>]]></document>
		<document id="317471351713697792" url="https://twitter.com/belkheldar/status/317471351713697792"><![CDATA[Why You Need to Prioritize Responsive Design Right Now - Forbes<a href="http://t.co/qjQordgQ6B" rel="nofollow noopener" dir="ltr" data-expanded-url="http://lnkd.in/9GVDdc" class="twitter-timeline-link u-hidden" target="_blank" title="http://lnkd.in/9GVDdc" ><span class="tco-ellipsis"></span><span class="invisible">http://</span><span class="js-display-url">lnkd.in/9GVDdc</span><span class="invisible"></span><span class="tco-ellipsis"><span class="invisible">&nbsp;</span></span></a>]]></document>
		<document id="3190690422" url="https://twitter.com/belkheldar/status/3190690422"><![CDATA[Goalllllllll aloisi 1-0]]></document>
		<document id="3190859244" url="https://twitter.com/belkheldar/status/3190859244"><![CDATA[2-0 goaaaallllll Danning 29th
Minute... Sydney fc are on fire]]></document>
		<document id="320015091103838209" url="https://twitter.com/belkheldar/status/320015091103838209"><![CDATA[<a href="/IGLevine" class="twitter-atreply pretty-link js-nav" dir="ltr" data-mentioned-user-id="836628666859782144" ><s>@</s><b>IGLevine</b></a> A million times thank you (and everyone @ irrational) for crafting such an amazing experience.]]></document>
		<document id="320021234983247873" url="https://twitter.com/belkheldar/status/320021234983247873"><![CDATA[<a href="/pdstafford" class="twitter-atreply pretty-link js-nav" dir="ltr" data-mentioned-user-id="130377628" ><s>@</s><b>pdstafford</b></a> <a href="/kirkhamilton" class="twitter-atreply pretty-link js-nav" dir="ltr" data-mentioned-user-id="35066483" ><s>@</s><b>kirkhamilton</b></a> well written and valid points but I felt the violence was used to show thematic extremes. Also it&#39;s a FPS.]]></document>
		<document id="320028656128888833" url="https://twitter.com/belkheldar/status/320028656128888833"><![CDATA[<a href="/kirkhamilton" class="twitter-atreply pretty-link js-nav" dir="ltr" data-mentioned-user-id="35066483" ><s>@</s><b>kirkhamilton</b></a> <a href="/pdstafford" class="twitter-atreply pretty-link js-nav" dir="ltr" data-mentioned-user-id="130377628" ><s>@</s><b>pdstafford</b></a> didnt see violence as cartoonish or goofy. Extreme and jarring yes. I enjoyed the juxtaposition between]]></document>
		<document id="320028956977930241" url="https://twitter.com/belkheldar/status/320028956977930241"><![CDATA[<a href="/kirkhamilton" class="twitter-atreply pretty-link js-nav" dir="ltr" data-mentioned-user-id="35066483" ><s>@</s><b>kirkhamilton</b></a> <a href="/pdstafford" class="twitter-atreply pretty-link js-nav" dir="ltr" data-mentioned-user-id="130377628" ><s>@</s><b>pdstafford</b></a> the natural beauty of Columbia against the brutality of gameplay mechanics. Was it necessary no. But it wasnt]]></document>
		<document id="320029166542143488" url="https://twitter.com/belkheldar/status/320029166542143488"><![CDATA[<a href="/kirkhamilton" class="twitter-atreply pretty-link js-nav" dir="ltr" data-mentioned-user-id="35066483" ><s>@</s><b>kirkhamilton</b></a> <a href="/pdstafford" class="twitter-atreply pretty-link js-nav" dir="ltr" data-mentioned-user-id="130377628" ><s>@</s><b>pdstafford</b></a> unexpected, specially considering the violence in Bioshock and System Shock. Not shouting down the article, I]]></document>
		<document id="320029284955721728" url="https://twitter.com/belkheldar/status/320029284955721728"><![CDATA[<a href="/kirkhamilton" class="twitter-atreply pretty-link js-nav" dir="ltr" data-mentioned-user-id="35066483" ><s>@</s><b>kirkhamilton</b></a> <a href="/pdstafford" class="twitter-atreply pretty-link js-nav" dir="ltr" data-mentioned-user-id="130377628" ><s>@</s><b>pdstafford</b></a> it had valid points and was well written. And I appreciated being pointed to it by Patrick.]]></document>
		<document id="3242363925" url="https://twitter.com/belkheldar/status/3242363925"><![CDATA[<a href="/tcollins" class="twitter-atreply pretty-link js-nav" dir="ltr" data-mentioned-user-id="2778231" ><s>@</s><b>tcollins</b></a> hi Trent just curious where did u buy your MacBook hard disk drive?]]></document>
		<document id="3283311408" url="https://twitter.com/belkheldar/status/3283311408"><![CDATA[Civilisation revolutions on iPhone is easily the best game I have played on the platform. Geek fun plus plus]]></document>
		<document id="3283321122" url="https://twitter.com/belkheldar/status/3283321122"><![CDATA[EPL starts this Saturday, create your EPL tipping competition at tribal tipping!!!]]></document>
		<document id="3341688595" url="https://twitter.com/belkheldar/status/3341688595"><![CDATA[Atmosphere at Sydney fc game is amazing - this is the best we have ever played!]]></document>
		<document id="339273727810359296" url="https://twitter.com/belkheldar/status/339273727810359296"><![CDATA[Hey <a href="/PlayStation" class="twitter-atreply pretty-link js-nav" dir="ltr" data-mentioned-user-id="10671602" ><s>@</s><b>PlayStation</b></a> -I voted for the PS4 in <a href="/IGN" class="twitter-atreply pretty-link js-nav" dir="ltr" data-mentioned-user-id="18927441" ><s>@</s><b>IGN</b></a>&#39;s Versus  <a href="http://t.co/3GJRPHyhIP" rel="nofollow noopener" dir="ltr" data-expanded-url="http://go.ign.com/14ZPQRc" class="twitter-timeline-link" target="_blank" title="http://go.ign.com/14ZPQRc" ><span class="tco-ellipsis"></span><span class="invisible">http://</span><span class="js-display-url">go.ign.com/14ZPQRc</span><span class="invisible"></span><span class="tco-ellipsis"><span class="invisible">&nbsp;</span></span></a> <a href="/hashtag/PS4?src=hash" data-query-source="hashtag_click" class="twitter-hashtag pretty-link js-nav" dir="ltr" ><s>#</s><b>PS4</b></a>]]></document>
		<document id="349713602887950338" url="https://twitter.com/belkheldar/status/349713602887950338"><![CDATA[Happy 1 Year Anniversary to Cinder! Very fortunate we have such an amazing team. Glad we started this journey, thank you <a href="/dantintner" class="twitter-atreply pretty-link js-nav" dir="ltr" data-mentioned-user-id="533886468" ><s>@</s><b>DanTintner</b></a>]]></document>
		<document id="354413669486043140" url="https://twitter.com/belkheldar/status/354413669486043140"><![CDATA[Devastating news to wake up to, in our thoughts <a href="/jeffgerstmann" class="twitter-atreply pretty-link js-nav" dir="ltr" data-mentioned-user-id="12223" ><s>@</s><b>jeffgerstmann</b></a> <a href="/bradshoemaker" class="twitter-atreply pretty-link js-nav" dir="ltr" data-mentioned-user-id="18653813" ><s>@</s><b>bradshoemaker</b></a> <a href="/VinnyCaravella" class="twitter-atreply pretty-link js-nav" dir="ltr" data-mentioned-user-id="19759597" ><s>@</s><b>VinnyCaravella</b></a> <a href="/GiantBombSquad" class="twitter-atreply pretty-link js-nav" dir="ltr" data-mentioned-user-id="2596997605" ><s>@</s><b>GiantBombSquad</b></a> from GB fans across Australia]]></document>
		<document id="3621457183" url="https://twitter.com/belkheldar/status/3621457183"><![CDATA[Woohoo exams are over!!!! Now for a guiness or six... And bring me Tarrentino!]]></document>
		<document id="3663054098" url="https://twitter.com/belkheldar/status/3663054098"><![CDATA[Everyone is a social media expert @ <a href="/hashtag/smcsyd?src=hash" data-query-source="hashtag_click" class="twitter-hashtag pretty-link js-nav" dir="ltr" ><s>#</s><b>smcsyd</b></a> - show some respect to the presenters and ask decent questions...]]></document>
		<document id="367875946587512832" url="https://twitter.com/belkheldar/status/367875946587512832"><![CDATA[<a href="/jeffgerstmann" class="twitter-atreply pretty-link js-nav" dir="ltr" data-mentioned-user-id="12223" ><s>@</s><b>jeffgerstmann</b></a> what&#39;s with the Australia bashing? Talk about feeling uncomfortable whilst listening to my favourite podcast.]]></document>
		<document id="367978309088333824" url="https://twitter.com/belkheldar/status/367978309088333824"><![CDATA[What makes a great data scientist? Industry knowledge, curiosity and... <a href="http://t.co/D7vjYqZACH" rel="nofollow noopener" dir="ltr" data-expanded-url="http://lnkd.in/YFs3uu" class="twitter-timeline-link" target="_blank" title="http://lnkd.in/YFs3uu" ><span class="tco-ellipsis"></span><span class="invisible">http://</span><span class="js-display-url">lnkd.in/YFs3uu</span><span class="invisible"></span><span class="tco-ellipsis"><span class="invisible">&nbsp;</span></span></a>]]></document>
		<document id="380016202996674560" url="https://twitter.com/belkheldar/status/380016202996674560"><![CDATA[Feeding the digital soul @ <a href="/hashtag/ET13?src=hash" data-query-source="hashtag_click" class="twitter-hashtag pretty-link js-nav" dir="ltr" ><s>#</s><b>ET13</b></a>]]></document>
		<document id="392805687513722880" url="https://twitter.com/belkheldar/status/392805687513722880"><![CDATA[Cinder are accepting expressions of interest for a limited pilot program of Amp for our LinkedIn connections. Amp is…<a href="http://t.co/PF1WmrpKs5" rel="nofollow noopener" dir="ltr" data-expanded-url="http://lnkd.in/beqCc3r" class="twitter-timeline-link" target="_blank" title="http://lnkd.in/beqCc3r" ><span class="tco-ellipsis"></span><span class="invisible">http://</span><span class="js-display-url">lnkd.in/beqCc3r</span><span class="invisible"></span><span class="tco-ellipsis"><span class="invisible">&nbsp;</span></span></a>]]></document>
		<document id="395115231044567040" url="https://twitter.com/belkheldar/status/395115231044567040"><![CDATA[One guy with a marker just made the global warming debate completely obsolete. (via <a href="/Upworthy" class="twitter-atreply pretty-link js-nav" dir="ltr" data-mentioned-user-id="524396430" ><s>@</s><b>Upworthy</b></a>)<a href="http://t.co/SyO1vqq1Zs" rel="nofollow noopener" dir="ltr" data-expanded-url="http://www.upworthy.com/one-guy-with-a-marker-just-made-the-global-warming-debate-completely-obsolete-7?g=4" class="twitter-timeline-link u-hidden" target="_blank" title="http://www.upworthy.com/one-guy-with-a-marker-just-made-the-global-warming-debate-completely-obsolete-7?g=4" ><span class="tco-ellipsis"></span><span class="invisible">http://www.</span><span class="js-display-url">upworthy.com/one-guy-with-a</span><span class="invisible">-marker-just-made-the-global-warming-debate-completely-obsolete-7?g=4</span><span class="tco-ellipsis"><span class="invisible">&nbsp;</span>…</span></a>]]></document>
		<document id="3977417251" url="https://twitter.com/belkheldar/status/3977417251"><![CDATA[Anyone catch the packers game today?sensational last quarter!]]></document>
		<document id="4307978084" url="https://twitter.com/belkheldar/status/4307978084"><![CDATA[Any XBOX 360 owners out there want to hook up online for ODST or FIFA 10 session?]]></document>
		<document id="5004254311" url="https://twitter.com/belkheldar/status/5004254311"><![CDATA[Quick question - I have a region free 360 game (NTSC). It plays fine on my PAL console. Can i still download/play DLC from my region?]]></document>
		<document id="5162116856" url="https://twitter.com/belkheldar/status/5162116856"><![CDATA[US government homepage switches to Open source Drupal  http://bit.ly/1H0G8T]]></document>
		<document id="5162535690" url="https://twitter.com/belkheldar/status/5162535690"><![CDATA[Loving facebook lite, goodbye  ads - http://bit.ly/1D3opW]]></document>
		<document id="5193200046" url="https://twitter.com/belkheldar/status/5193200046"><![CDATA[Have decided to install Windows 7 64-bit on my Fusion 3 Macbook... fingers crossed.....]]></document>
		<document id="5194169262" url="https://twitter.com/belkheldar/status/5194169262"><![CDATA[<a href="/VMwareFusion" class="twitter-atreply pretty-link js-nav" dir="ltr" data-mentioned-user-id="10638482" ><s>@</s><b>vmwarefusion</b></a> I purchased today online Fusion (with the free upgrade to V3 offer) Surely there must be an easy way get a new serial number?]]></document>
		<document id="5244476479" url="https://twitter.com/belkheldar/status/5244476479"><![CDATA[just found nowgamer.com -overall a really good gaming site, highly recommended]]></document>
		<document id="5808794343" url="https://twitter.com/belkheldar/status/5808794343"><![CDATA[Dragon Age is amazing.... 10/10.]]></document>
		<document id="6067805905" url="https://twitter.com/belkheldar/status/6067805905"><![CDATA[I am consistently disappointed by Attorney General Michael Atkinson - his reasoning for blocking R18+ classification is devoid of logic.]]></document>
		<document id="6195588949" url="https://twitter.com/belkheldar/status/6195588949"><![CDATA[Community service announcement:if you are fat, on a train and there are limited seats, don&#39;t sit down.]]></document>
		<document id="6195626367" url="https://twitter.com/belkheldar/status/6195626367"><![CDATA[Instead stand,burn calories &amp; give your potential seat to 2 people. Just cause you have no self control doesn&#39;t mean you have to be selfish.]]></document>
		<document id="6195630894" url="https://twitter.com/belkheldar/status/6195630894"><![CDATA[Ps I hate fat people]]></document>
		<document id="842002664" url="https://twitter.com/belkheldar/status/842002664"><![CDATA[Selling the Dan Train]]></document>
		<document id="856234209" url="https://twitter.com/belkheldar/status/856234209"><![CDATA[waiting in line since 7.45am for an iphone... this better be worth it.]]></document>
		<document id="944323618" url="https://twitter.com/belkheldar/status/944323618"><![CDATA[sincerely wonders the benefits of Ruby...]]></document>
	</documents>
</author>