<?xml version="1.0" encoding="UTF-8" standalone="no"?><author age_group="xx" gender="xx" lang="EN" type="twitter" url="https://twitter.com/britt_benson_">
	<documents count="58">
		<document id="342840918988169216" url="https://twitter.com/britt_benson_/status/342840918988169216"><![CDATA[“<a href="/MarkRaganCEO" class="twitter-atreply pretty-link js-nav" dir="ltr" data-mentioned-user-id="6852682" ><s>@</s><b>MarkRaganCEO</b></a>: 10 important questions to ask on the first day of your job <a href="http://t.co/kvITDwG8ot" rel="nofollow noopener" dir="ltr" data-expanded-url="http://bit.ly/13eC8bF" class="twitter-timeline-link" target="_blank" title="http://bit.ly/13eC8bF" ><span class="tco-ellipsis"></span><span class="invisible">http://</span><span class="js-display-url">bit.ly/13eC8bF</span><span class="invisible"></span><span class="tco-ellipsis"><span class="invisible">&nbsp;</span></span></a> <a href="/hashtag/PR?src=hash" data-query-source="hashtag_click" class="twitter-hashtag pretty-link js-nav" dir="ltr" ><s>#</s><b>PR</b></a>”]]></document>
		<document id="342841456102342656" url="https://twitter.com/britt_benson_/status/342841456102342656"><![CDATA[Just sent an application off to <a href="/KetchumPR" class="twitter-atreply pretty-link js-nav" dir="ltr" data-mentioned-user-id="342254434" ><s>@</s><b>KetchumPR</b></a>! Keeping my fingers crossed <a href="/hashtag/dreamjob?src=hash" data-query-source="hashtag_click" class="twitter-hashtag pretty-link js-nav" dir="ltr" ><s>#</s><b>dreamjob</b></a>]]></document>
		<document id="343007597714092032" url="https://twitter.com/britt_benson_/status/343007597714092032"><![CDATA[RT “<a href="/PRNews" class="twitter-atreply pretty-link js-nav" dir="ltr" data-mentioned-user-id="26258900" ><s>@</s><b>PRNews</b></a>: Take a trip through the ages to see the role that communications has played throughout history <a href="http://t.co/IsTBPIVSUn" rel="nofollow noopener" dir="ltr" data-expanded-url="http://ow.ly/lO44s" class="twitter-timeline-link" target="_blank" title="http://ow.ly/lO44s" ><span class="tco-ellipsis"></span><span class="invisible">http://</span><span class="js-display-url">ow.ly/lO44s</span><span class="invisible"></span><span class="tco-ellipsis"><span class="invisible">&nbsp;</span></span></a>”]]></document>
		<document id="343011268061454336" url="https://twitter.com/britt_benson_/status/343011268061454336"><![CDATA[Reading Plato for class &amp; surprisingly came across a spelling error. Always in editing mode nowadays! <a href="/hashtag/PRskills?src=hash" data-query-source="hashtag_click" class="twitter-hashtag pretty-link js-nav" dir="ltr" ><s>#</s><b>PRskills</b></a> <a href="/hashtag/spellcheck?src=hash" data-query-source="hashtag_click" class="twitter-hashtag pretty-link js-nav" dir="ltr" ><s>#</s><b>spellcheck</b></a>]]></document>
		<document id="343086210702508034" url="https://twitter.com/britt_benson_/status/343086210702508034"><![CDATA[Really loving this blog! &quot;<a href="/womeninpr1" class="twitter-atreply pretty-link js-nav" dir="ltr" data-mentioned-user-id="2787915304" ><s>@</s><b>WomenInPR1</b></a>: 20 pieces of advice every young professional should follow <a href="http://t.co/uJAswMHFWm" rel="nofollow noopener" dir="ltr" data-expanded-url="http://lnkd.in/bxQ7Rt" class="twitter-timeline-link" target="_blank" title="http://lnkd.in/bxQ7Rt" ><span class="tco-ellipsis"></span><span class="invisible">http://</span><span class="js-display-url">lnkd.in/bxQ7Rt</span><span class="invisible"></span><span class="tco-ellipsis"><span class="invisible">&nbsp;</span></span></a>”]]></document>
		<document id="343866386063425536" url="https://twitter.com/britt_benson_/status/343866386063425536"><![CDATA[&quot;Listen more than you talk&quot;, I like it! Good advice to keep in mind during Summer internships<a href="http://t.co/vmtJlXl3pP" rel="nofollow noopener" dir="ltr" data-expanded-url="http://bit.ly/14N3a9F" class="twitter-timeline-link u-hidden" target="_blank" title="http://bit.ly/14N3a9F" ><span class="tco-ellipsis"></span><span class="invisible">http://</span><span class="js-display-url">bit.ly/14N3a9F</span><span class="invisible"></span><span class="tco-ellipsis"><span class="invisible">&nbsp;</span></span></a>]]></document>
		<document id="345065109435060225" url="https://twitter.com/britt_benson_/status/345065109435060225"><![CDATA[What a wild game here in Chicago! <a href="/hashtag/Blackhawks?src=hash" data-query-source="hashtag_click" class="twitter-hashtag pretty-link js-nav" dir="ltr" ><s>#</s><b>Blackhawks</b></a> win in triple OT against the <a href="/hashtag/Bruins?src=hash" data-query-source="hashtag_click" class="twitter-hashtag pretty-link js-nav" dir="ltr" ><s>#</s><b>Bruins</b></a> 4-3. <a href="/hashtag/StanleyCupFinals?src=hash" data-query-source="hashtag_click" class="twitter-hashtag pretty-link js-nav" dir="ltr" ><s>#</s><b>StanleyCupFinals</b></a>]]></document>
		<document id="345298699552964608" url="https://twitter.com/britt_benson_/status/345298699552964608"><![CDATA[Yikes! Twitter rant lands Cubs infielder, Ian Stewart, in hot water<a href="http://t.co/agq9ID0d51" rel="nofollow noopener" dir="ltr" data-expanded-url="http://bit.ly/16jXTd1" class="twitter-timeline-link u-hidden" target="_blank" title="http://bit.ly/16jXTd1" ><span class="tco-ellipsis"></span><span class="invisible">http://</span><span class="js-display-url">bit.ly/16jXTd1</span><span class="invisible"></span><span class="tco-ellipsis"><span class="invisible">&nbsp;</span></span></a>]]></document>
		<document id="346673778417352704" url="https://twitter.com/britt_benson_/status/346673778417352704"><![CDATA[“<a href="/PRNews" class="twitter-atreply pretty-link js-nav" dir="ltr" data-mentioned-user-id="26258900" ><s>@</s><b>PRNews</b></a>: Be transparent. Be quick. Be proactive. Take responsibility and, if it’s appropriate, apologize. <a href="http://t.co/BwpQCa7dCX" rel="nofollow noopener" dir="ltr" data-expanded-url="http://ow.ly/m6JAV" class="twitter-timeline-link" target="_blank" title="http://ow.ly/m6JAV" ><span class="tco-ellipsis"></span><span class="invisible">http://</span><span class="js-display-url">ow.ly/m6JAV</span><span class="invisible"></span><span class="tco-ellipsis"><span class="invisible">&nbsp;</span></span></a>”]]></document>
		<document id="346675057860440064" url="https://twitter.com/britt_benson_/status/346675057860440064"><![CDATA[Congrats to all my PR ladies who graduated this weekend! I can&#39;t wait to hear about the first days at your big girl jobs! <a href="/hashtag/workinghard?src=hash" data-query-source="hashtag_click" class="twitter-hashtag pretty-link js-nav" dir="ltr" ><s>#</s><b>workinghard</b></a>]]></document>
		<document id="347411059608539136" url="https://twitter.com/britt_benson_/status/347411059608539136"><![CDATA[Love this! RT“<a href="/adage" class="twitter-atreply pretty-link js-nav" dir="ltr" data-mentioned-user-id="12480582" ><s>@</s><b>adage</b></a>: Marketing to Women: Three Big Mistakes Brands Can&#39;t Afford to Make <a href="http://t.co/hEjwrGBFYX" rel="nofollow noopener" dir="ltr" data-expanded-url="http://bit.ly/1atfPo4" class="twitter-timeline-link" target="_blank" title="http://bit.ly/1atfPo4" ><span class="tco-ellipsis"></span><span class="invisible">http://</span><span class="js-display-url">bit.ly/1atfPo4</span><span class="invisible"></span><span class="tco-ellipsis"><span class="invisible">&nbsp;</span></span></a>”]]></document>
		<document id="347842311247499265" url="https://twitter.com/britt_benson_/status/347842311247499265"><![CDATA[Last PR ethics paper comments included: logical, straightforward &amp;extremely well written. Love seeing that, motivation to keep working hard!]]></document>
		<document id="349249515427078144" url="https://twitter.com/britt_benson_/status/349249515427078144"><![CDATA[Social media etiquette is not common sense for everyone. Check out these 10 tips for keeping LinkedIn professional!<a href="http://t.co/ZecGZ6ufND" rel="nofollow noopener" dir="ltr" data-expanded-url="http://bit.ly/14sZISR" class="twitter-timeline-link u-hidden" target="_blank" title="http://bit.ly/14sZISR" ><span class="tco-ellipsis"></span><span class="invisible">http://</span><span class="js-display-url">bit.ly/14sZISR</span><span class="invisible"></span><span class="tco-ellipsis"><span class="invisible">&nbsp;</span></span></a>]]></document>
		<document id="349891862426943489" url="https://twitter.com/britt_benson_/status/349891862426943489"><![CDATA[What a PR nightmare for Paula Deen&#39;s people. Talk about crisis management!]]></document>
		<document id="349892519305281536" url="https://twitter.com/britt_benson_/status/349892519305281536"><![CDATA[“<a href="/PRDaily" class="twitter-atreply pretty-link js-nav" dir="ltr" data-mentioned-user-id="24910049" ><s>@</s><b>PRDaily</b></a>: Paula Deen slams ‘hurtful lies’ on ‘Today’ <a href="http://t.co/oLFf4pEog4" rel="nofollow noopener" dir="ltr" data-expanded-url="http://bit.ly/136w8G3" class="twitter-timeline-link" target="_blank" title="http://bit.ly/136w8G3" ><span class="tco-ellipsis"></span><span class="invisible">http://</span><span class="js-display-url">bit.ly/136w8G3</span><span class="invisible"></span><span class="tco-ellipsis"><span class="invisible">&nbsp;</span></span></a>”]]></document>
		<document id="349936781682163712" url="https://twitter.com/britt_benson_/status/349936781682163712"><![CDATA[Hot outside, cold in the office = wardrobe struggles “<a href="/PRDaily" class="twitter-atreply pretty-link js-nav" dir="ltr" data-mentioned-user-id="24910049" ><s>@</s><b>PRDaily</b></a>: Dos and don’ts for summer lPR workwear <a href="http://t.co/Q6PazTv4z9" rel="nofollow noopener" dir="ltr" data-expanded-url="http://bit.ly/1aeNFyu" class="twitter-timeline-link" target="_blank" title="http://bit.ly/1aeNFyu" ><span class="tco-ellipsis"></span><span class="invisible">http://</span><span class="js-display-url">bit.ly/1aeNFyu</span><span class="invisible"></span><span class="tco-ellipsis"><span class="invisible">&nbsp;</span></span></a>”]]></document>
		<document id="351537134655639553" url="https://twitter.com/britt_benson_/status/351537134655639553"><![CDATA[Happy Social Media Day!]]></document>
		<document id="352133372799229952" url="https://twitter.com/britt_benson_/status/352133372799229952"><![CDATA[Loving the new <a href="/hashtag/Swiffer?src=hash" data-query-source="hashtag_click" class="twitter-hashtag pretty-link js-nav" dir="ltr" ><s>#</s><b>Swiffer</b></a> commercials featuring that adorable old couple! What a cute story <a href="/hashtag/advertising?src=hash" data-query-source="hashtag_click" class="twitter-hashtag pretty-link js-nav" dir="ltr" ><s>#</s><b>advertising</b></a>]]></document>
		<document id="352326565838856193" url="https://twitter.com/britt_benson_/status/352326565838856193"><![CDATA[So cool! RT“<a href="/PRDaily" class="twitter-atreply pretty-link js-nav" dir="ltr" data-mentioned-user-id="24910049" ><s>@</s><b>PRDaily</b></a>: Nordstrom displays &#39;Top Pinned Items&#39; in stores <a href="http://t.co/i8ijrZr21L" rel="nofollow noopener" dir="ltr" data-expanded-url="http://bit.ly/17HefNm" class="twitter-timeline-link" target="_blank" title="http://bit.ly/17HefNm" ><span class="tco-ellipsis"></span><span class="invisible">http://</span><span class="js-display-url">bit.ly/17HefNm</span><span class="invisible"></span><span class="tco-ellipsis"><span class="invisible">&nbsp;</span></span></a>”]]></document>
		<document id="353285654588825604" url="https://twitter.com/britt_benson_/status/353285654588825604"><![CDATA[<a href="/Tazo" class="twitter-atreply pretty-link js-nav" dir="ltr" data-mentioned-user-id="618283989" ><s>@</s><b>Tazo</b></a> Giant Peach Green Tea just became my new favorite summer drink!]]></document>
		<document id="354266775086592000" url="https://twitter.com/britt_benson_/status/354266775086592000"><![CDATA[Back in the city after a quiet week at home and already missing my little monster. <a href="/hashtag/puppylove?src=hash" data-query-source="hashtag_click" class="twitter-hashtag pretty-link js-nav" dir="ltr" ><s>#</s><b>puppylove</b></a><a href="http://t.co/CC7JCQoaSZ" class="twitter-timeline-link u-hidden" data-pre-embedded="true" dir="ltr" >pic.twitter.com/CC7JCQoaSZ</a>]]></document>
		<document id="354300302792466433" url="https://twitter.com/britt_benson_/status/354300302792466433"><![CDATA[<a href="/Tazo" class="twitter-atreply pretty-link js-nav" dir="ltr" data-mentioned-user-id="618283989" ><s>@</s><b>Tazo</b></a> That sounds amazing! Definitely trying that next time I stop at <a href="/Starbucks" class="twitter-atreply pretty-link js-nav" dir="ltr" data-mentioned-user-id="30973" ><s>@</s><b>Starbucks</b></a>! Thanks!!]]></document>
		<document id="354617346612146176" url="https://twitter.com/britt_benson_/status/354617346612146176"><![CDATA[Turning 22 tomorrow, this is some great pre-birthday career advice!<a href="http://t.co/Bg73SX2VnQ" rel="nofollow noopener" dir="ltr" data-expanded-url="http://www.ragan.com/Main/Articles/46922.aspx" class="twitter-timeline-link u-hidden" target="_blank" title="http://www.ragan.com/Main/Articles/46922.aspx" ><span class="tco-ellipsis"></span><span class="invisible">http://www.</span><span class="js-display-url">ragan.com/Main/Articles/</span><span class="invisible">46922.aspx</span><span class="tco-ellipsis"><span class="invisible">&nbsp;</span>…</span></a>]]></document>
		<document id="354660068140126208" url="https://twitter.com/britt_benson_/status/354660068140126208"><![CDATA[PREACH “<a href="/YouTern" class="twitter-atreply pretty-link js-nav" dir="ltr" data-mentioned-user-id="84693957" ><s>@</s><b>YouTern</b></a>: Social Media Profiles: Now More Important Than Your Resume? <a href="http://t.co/MoClEBrv4Q" rel="nofollow noopener" dir="ltr" data-expanded-url="http://goo.gl/oPOYl" class="twitter-timeline-link" target="_blank" title="http://goo.gl/oPOYl" ><span class="tco-ellipsis"></span><span class="invisible">http://</span><span class="js-display-url">goo.gl/oPOYl</span><span class="invisible"></span><span class="tco-ellipsis"><span class="invisible">&nbsp;</span></span></a> via <a href="/CareerBliss" class="twitter-atreply pretty-link js-nav" dir="ltr" data-mentioned-user-id="68290065" ><s>@</s><b>CareerBliss</b></a> <a href="/hashtag/sm?src=hash" data-query-source="hashtag_click" class="twitter-hashtag pretty-link js-nav" dir="ltr" ><s>#</s><b>sm</b></a> <a href="/hashtag/jobsearch?src=hash" data-query-source="hashtag_click" class="twitter-hashtag pretty-link js-nav" dir="ltr" ><s>#</s><b>jobsearch</b></a>”]]></document>
		<document id="354699220235730944" url="https://twitter.com/britt_benson_/status/354699220235730944"><![CDATA[DRUNK HISTORY is hilarious and educational! Great interview by <a href="/JoeBerkowitz" class="twitter-atreply pretty-link js-nav" dir="ltr" data-mentioned-user-id="22635994" ><s>@</s><b>JoeBerkowitz</b></a> <a href="http://t.co/hlb9wDYe0S" rel="nofollow noopener" dir="ltr" data-expanded-url="http://www.fastcocreate.com/1683352/making-history-hilarious-educational-and-drunk" class="twitter-timeline-link" target="_blank" title="http://www.fastcocreate.com/1683352/making-history-hilarious-educational-and-drunk" ><span class="tco-ellipsis"></span><span class="invisible">http://www.</span><span class="js-display-url">fastcocreate.com/1683352/making</span><span class="invisible">-history-hilarious-educational-and-drunk</span><span class="tco-ellipsis"><span class="invisible">&nbsp;</span>…</span></a> via <a href="/FastCompany" class="twitter-atreply pretty-link js-nav" dir="ltr" data-mentioned-user-id="2735591" ><s>@</s><b>FastCompany</b></a>]]></document>
		<document id="354701041989713920" url="https://twitter.com/britt_benson_/status/354701041989713920"><![CDATA[Love it! RT “<a href="/jeffsheehan" class="twitter-atreply pretty-link js-nav" dir="ltr" data-mentioned-user-id="33057154" ><s>@</s><b>JeffSheehan</b></a>: In order to succeed, your desire for success should be greater than your fear of failure. @voolacharity <a href="/hashtag/quote?src=hash" data-query-source="hashtag_click" class="twitter-hashtag pretty-link js-nav" dir="ltr" ><s>#</s><b>quote</b></a>”]]></document>
		<document id="354704135863537666" url="https://twitter.com/britt_benson_/status/354704135863537666"><![CDATA[Don&#39;t let your social media profiles stop you from landing the job. Keep it appropriate or keep it private! <a href="http://t.co/PuONMAU3wv" rel="nofollow noopener" dir="ltr" data-expanded-url="http://bit.ly/159novx" class="twitter-timeline-link" target="_blank" title="http://bit.ly/159novx" ><span class="tco-ellipsis"></span><span class="invisible">http://</span><span class="js-display-url">bit.ly/159novx</span><span class="invisible"></span><span class="tco-ellipsis"><span class="invisible">&nbsp;</span></span></a>]]></document>
		<document id="356797346870329347" url="https://twitter.com/britt_benson_/status/356797346870329347"><![CDATA[So excited for <a href="/AllieBrosh" class="twitter-atreply pretty-link js-nav" dir="ltr" data-mentioned-user-id="54795290" ><s>@</s><b>AllieBrosh</b></a>&#39;s book to come out!! If you haven&#39;t read her blog yet, go do so now, she&#39;s brilliant and hilarious!]]></document>
		<document id="356856345179328513" url="https://twitter.com/britt_benson_/status/356856345179328513"><![CDATA[“<a href="/Hoojobs" class="twitter-atreply pretty-link js-nav" dir="ltr" data-mentioned-user-id="96238208" ><s>@</s><b>Hoojobs</b></a>: Unpaid vs paid <a href="/hashtag/internships?src=hash" data-query-source="hashtag_click" class="twitter-hashtag pretty-link js-nav" dir="ltr" ><s>#</s><b>internships</b></a>: What is fair?  <a href="http://t.co/LSUvgkGAnM" rel="nofollow noopener" dir="ltr" data-expanded-url="http://ow.ly/mYxVO" class="twitter-timeline-link" target="_blank" title="http://ow.ly/mYxVO" ><span class="tco-ellipsis"></span><span class="invisible">http://</span><span class="js-display-url">ow.ly/mYxVO</span><span class="invisible"></span><span class="tco-ellipsis"><span class="invisible">&nbsp;</span></span></a>”]]></document>
		<document id="356885547823796226" url="https://twitter.com/britt_benson_/status/356885547823796226"><![CDATA[RT “<a href="/mashable" class="twitter-atreply pretty-link js-nav" dir="ltr" data-mentioned-user-id="972651" ><s>@</s><b>mashable</b></a>: MLB Home Run Derby and All-Star Game Bring Social to the Field <a href="http://t.co/cN5Jhh1Irq" rel="nofollow noopener" dir="ltr" data-expanded-url="http://on.mash.to/12svoWY" class="twitter-timeline-link" target="_blank" title="http://on.mash.to/12svoWY" ><span class="tco-ellipsis"></span><span class="invisible">http://</span><span class="js-display-url">on.mash.to/12svoWY</span><span class="invisible"></span><span class="tco-ellipsis"><span class="invisible">&nbsp;</span></span></a> <a href="/hashtag/HRderby?src=hash" data-query-source="hashtag_click" class="twitter-hashtag pretty-link js-nav" dir="ltr" ><s>#</s><b>HRderby</b></a>”]]></document>
		<document id="357138943768137729" url="https://twitter.com/britt_benson_/status/357138943768137729"><![CDATA[<a href="/redeyechicago" class="twitter-atreply pretty-link js-nav" dir="ltr" data-mentioned-user-id="16381558" ><s>@</s><b>redeyechicago</b></a> dropping some real life stuff on the front page <a href="/hashtag/unpaid?src=hash" data-query-source="hashtag_click" class="twitter-hashtag pretty-link js-nav" dir="ltr" ><s>#</s><b>unpaid</b></a> <a href="/hashtag/Internship?src=hash" data-query-source="hashtag_click" class="twitter-hashtag pretty-link js-nav" dir="ltr" ><s>#</s><b>Internship</b></a> <a href="/hashtag/JobSearch?src=hash" data-query-source="hashtag_click" class="twitter-hashtag pretty-link js-nav" dir="ltr" ><s>#</s><b>JobSearch</b></a><a href="http://t.co/gSgSltLtPh" class="twitter-timeline-link u-hidden" data-pre-embedded="true" dir="ltr" >pic.twitter.com/gSgSltLtPh</a>]]></document>
		<document id="357185221596164097" url="https://twitter.com/britt_benson_/status/357185221596164097"><![CDATA[RT!!“<a href="/heatherhuhman" class="twitter-atreply pretty-link js-nav" dir="ltr" data-mentioned-user-id="17130461" ><s>@</s><b>heatherhuhman</b></a>: The 5 possible endings to your <a href="/hashtag/coverletter?src=hash" data-query-source="hashtag_click" class="twitter-hashtag pretty-link js-nav" dir="ltr" ><s>#</s><b>coverletter</b></a> that will land you an <a href="/hashtag/interview?src=hash" data-query-source="hashtag_click" class="twitter-hashtag pretty-link js-nav" dir="ltr" ><s>#</s><b>interview</b></a> stat! <a href="http://t.co/zP5CAm1X5x" rel="nofollow noopener" dir="ltr" data-expanded-url="http://bit.ly/13qPbF7" class="twitter-timeline-link" target="_blank" title="http://bit.ly/13qPbF7" ><span class="tco-ellipsis"></span><span class="invisible">http://</span><span class="js-display-url">bit.ly/13qPbF7</span><span class="invisible"></span><span class="tco-ellipsis"><span class="invisible">&nbsp;</span></span></a> <a href="/hashtag/jobseeker?src=hash" data-query-source="hashtag_click" class="twitter-hashtag pretty-link js-nav" dir="ltr" ><s>#</s><b>jobseeker</b></a>”]]></document>
		<document id="357507527778373632" url="https://twitter.com/britt_benson_/status/357507527778373632"><![CDATA[Loved it! “<a href="/redeyechicago" class="twitter-atreply pretty-link js-nav" dir="ltr" data-mentioned-user-id="16381558" ><s>@</s><b>redeyechicago</b></a>: Did you catch last night&#39;s episode of &quot;Drunk History&quot;? It was Chicago centric! <a href="http://t.co/p8sQavRdlP" rel="nofollow noopener" dir="ltr" data-expanded-url="http://on.fb.me/13jbJvW" class="twitter-timeline-link" target="_blank" title="http://on.fb.me/13jbJvW" ><span class="tco-ellipsis"></span><span class="invisible">http://</span><span class="js-display-url">on.fb.me/13jbJvW</span><span class="invisible"></span><span class="tco-ellipsis"><span class="invisible">&nbsp;</span></span></a>”]]></document>
		<document id="357882048448438272" url="https://twitter.com/britt_benson_/status/357882048448438272"><![CDATA[RT“<a href="/YouTernMark" class="twitter-atreply pretty-link js-nav" dir="ltr" data-mentioned-user-id="2645445217" ><s>@</s><b>YouTernMark</b></a>: Good advice here... &quot;Catch-22: How to Get a Job Without Experience&quot; by <a href="/CareerBliss" class="twitter-atreply pretty-link js-nav" dir="ltr" data-mentioned-user-id="68290065" ><s>@</s><b>careerbliss</b></a> <a href="/hashtag/InternPro?src=hash" data-query-source="hashtag_click" class="twitter-hashtag pretty-link js-nav" dir="ltr" ><s>#</s><b>InternPro</b></a> <a href="http://t.co/D2EUWIpqzd" rel="nofollow noopener" dir="ltr" data-expanded-url="http://mf.tt/OvJp3" class="twitter-timeline-link" target="_blank" title="http://mf.tt/OvJp3" ><span class="tco-ellipsis"></span><span class="invisible">http://</span><span class="js-display-url">mf.tt/OvJp3</span><span class="invisible"></span><span class="tco-ellipsis"><span class="invisible">&nbsp;</span></span></a>”]]></document>
		<document id="357882957651918848" url="https://twitter.com/britt_benson_/status/357882957651918848"><![CDATA[<a href="/BuzzFeed" class="twitter-atreply pretty-link js-nav" dir="ltr" data-mentioned-user-id="5695632" ><s>@</s><b>BuzzFeed</b></a> WebMD once told me I had either the Plague or Anthrax exposure. Turns out it was only a sinus infection <a href="/hashtag/Thatescalatedquickly?src=hash" data-query-source="hashtag_click" class="twitter-hashtag pretty-link js-nav" dir="ltr" ><s>#</s><b>Thatescalatedquickly</b></a>]]></document>
		<document id="357904110323900417" url="https://twitter.com/britt_benson_/status/357904110323900417"><![CDATA[Getting a bit discouraged with the job search, but trying my best to stay positive <a href="/hashtag/HireMe?src=hash" data-query-source="hashtag_click" class="twitter-hashtag pretty-link js-nav" dir="ltr" ><s>#</s><b>HireMe</b></a> <a href="/hashtag/PR?src=hash" data-query-source="hashtag_click" class="twitter-hashtag pretty-link js-nav" dir="ltr" ><s>#</s><b>PR</b></a>]]></document>
		<document id="357926894198464512" url="https://twitter.com/britt_benson_/status/357926894198464512"><![CDATA[Still not into hashtags on Facebook <a href="/hashtag/socialmedia?src=hash" data-query-source="hashtag_click" class="twitter-hashtag pretty-link js-nav" dir="ltr" ><s>#</s><b>socialmedia</b></a> <a href="/hashtag/copycats?src=hash" data-query-source="hashtag_click" class="twitter-hashtag pretty-link js-nav" dir="ltr" ><s>#</s><b>copycats</b></a> <a href="/hashtag/littletoolate?src=hash" data-query-source="hashtag_click" class="twitter-hashtag pretty-link js-nav" dir="ltr" ><s>#</s><b>littletoolate</b></a>]]></document>
		<document id="358267262710460418" url="https://twitter.com/britt_benson_/status/358267262710460418"><![CDATA[Hitting the gym, then hitting the job apps! <a href="/hashtag/summerroutine?src=hash" data-query-source="hashtag_click" class="twitter-hashtag pretty-link js-nav" dir="ltr" ><s>#</s><b>summerroutine</b></a> <a href="/hashtag/jobsearch?src=hash" data-query-source="hashtag_click" class="twitter-hashtag pretty-link js-nav" dir="ltr" ><s>#</s><b>jobsearch</b></a> <a href="/hashtag/hireme?src=hash" data-query-source="hashtag_click" class="twitter-hashtag pretty-link js-nav" dir="ltr" ><s>#</s><b>hireme</b></a>]]></document>
		<document id="358268433047093248" url="https://twitter.com/britt_benson_/status/358268433047093248"><![CDATA[<a href="/NHL" class="twitter-atreply pretty-link js-nav" dir="ltr" data-mentioned-user-id="50004938" ><s>@</s><b>NHL</b></a> announces players will be eligible to participate in the 2014 Winter Olympics <a href="/hashtag/hockey?src=hash" data-query-source="hashtag_click" class="twitter-hashtag pretty-link js-nav" dir="ltr" ><s>#</s><b>hockey</b></a> <a href="/hashtag/TeamUSA?src=hash" data-query-source="hashtag_click" class="twitter-hashtag pretty-link js-nav" dir="ltr" ><s>#</s><b>TeamUSA</b></a>]]></document>
		<document id="359069121507373057" url="https://twitter.com/britt_benson_/status/359069121507373057"><![CDATA[<a href="/ChipotleTweets" class="twitter-atreply pretty-link js-nav" dir="ltr" data-mentioned-user-id="141341662" ><s>@</s><b>ChipotleTweets</b></a> seems to be struggling a bit today haha  <a href="http://t.co/UcMo3dwrxF" rel="nofollow noopener" dir="ltr" data-expanded-url="http://bit.ly/12W0I45" class="twitter-timeline-link" target="_blank" title="http://bit.ly/12W0I45" ><span class="tco-ellipsis"></span><span class="invisible">http://</span><span class="js-display-url">bit.ly/12W0I45</span><span class="invisible"></span><span class="tco-ellipsis"><span class="invisible">&nbsp;</span></span></a> via <a href="/BuzzFeed" class="twitter-atreply pretty-link js-nav" dir="ltr" data-mentioned-user-id="5695632" ><s>@</s><b>BuzzFeed</b></a>]]></document>
		<document id="359144075561144321" url="https://twitter.com/britt_benson_/status/359144075561144321"><![CDATA[<a href="/TheNewsroomHBO" class="twitter-atreply pretty-link js-nav" dir="ltr" data-mentioned-user-id="473941521" ><s>@</s><b>TheNewsroomHBO</b></a> is the most interesting and well-written show I&#39;ve seen in a long time. I&#39;m addicted! <a href="/hashtag/journalism?src=hash" data-query-source="hashtag_click" class="twitter-hashtag pretty-link js-nav" dir="ltr" ><s>#</s><b>journalism</b></a> <a href="/hashtag/news?src=hash" data-query-source="hashtag_click" class="twitter-hashtag pretty-link js-nav" dir="ltr" ><s>#</s><b>news</b></a> <a href="/hashtag/HBO?src=hash" data-query-source="hashtag_click" class="twitter-hashtag pretty-link js-nav" dir="ltr" ><s>#</s><b>HBO</b></a>]]></document>
		<document id="359654677865959425" url="https://twitter.com/britt_benson_/status/359654677865959425"><![CDATA[RT“<a href="/adage" class="twitter-atreply pretty-link js-nav" dir="ltr" data-mentioned-user-id="12480582" ><s>@</s><b>adage</b></a>: Omnicom Group Plots Launch of Third Media Agency Network <a href="http://t.co/p0rOZMhynl" rel="nofollow noopener" dir="ltr" data-expanded-url="http://bit.ly/1bZfVoj" class="twitter-timeline-link" target="_blank" title="http://bit.ly/1bZfVoj" ><span class="tco-ellipsis"></span><span class="invisible">http://</span><span class="js-display-url">bit.ly/1bZfVoj</span><span class="invisible"></span><span class="tco-ellipsis"><span class="invisible">&nbsp;</span></span></a>”]]></document>
		<document id="359880487210196994" url="https://twitter.com/britt_benson_/status/359880487210196994"><![CDATA[I would be a happy camper if everyone would stop saying the words &quot;irregardless&quot; and &quot;supposably&quot;.]]></document>
		<document id="360482753147445248" url="https://twitter.com/britt_benson_/status/360482753147445248"><![CDATA[The weather in Chicago has been absolutely PERFECT this week. Can&#39;t get much better than sunshine and mid-70s!]]></document>
		<document id="360513849218183169" url="https://twitter.com/britt_benson_/status/360513849218183169"><![CDATA[10 things everyone thinks about Chicago, but no one will admit <a href="http://t.co/15e7Svi8hm" rel="nofollow noopener" dir="ltr" data-expanded-url="http://trib.in/14bsDZj" class="twitter-timeline-link" target="_blank" title="http://trib.in/14bsDZj" ><span class="tco-ellipsis"></span><span class="invisible">http://</span><span class="js-display-url">trib.in/14bsDZj</span><span class="invisible"></span><span class="tco-ellipsis"><span class="invisible">&nbsp;</span></span></a> via <a href="/redeyechicago" class="twitter-atreply pretty-link js-nav" dir="ltr" data-mentioned-user-id="16381558" ><s>@</s><b>redeyechicago</b></a>]]></document>
		<document id="361882553583534080" url="https://twitter.com/britt_benson_/status/361882553583534080"><![CDATA[Brrrr!! “<a href="/HuffPostChicago" class="twitter-atreply pretty-link js-nav" dir="ltr" data-mentioned-user-id="90416226" ><s>@</s><b>HuffPostChicago</b></a>: Late July or mid-October? Chicago broke a 30-year weather record this weekend <a href="http://t.co/tTeyd8YAej" rel="nofollow noopener" dir="ltr" data-expanded-url="http://huff.to/1c6Krhs" class="twitter-timeline-link" target="_blank" title="http://huff.to/1c6Krhs" ><span class="tco-ellipsis"></span><span class="invisible">http://</span><span class="js-display-url">huff.to/1c6Krhs</span><span class="invisible"></span><span class="tco-ellipsis"><span class="invisible">&nbsp;</span></span></a>”]]></document>
		<document id="361894804377968640" url="https://twitter.com/britt_benson_/status/361894804377968640"><![CDATA[Publicis Omnicom Group: All the facts you need to know <a href="http://t.co/3j5yEEQBRD" rel="nofollow noopener" dir="ltr" data-expanded-url="http://bit.ly/1ce1VXX" class="twitter-timeline-link" target="_blank" title="http://bit.ly/1ce1VXX" ><span class="tco-ellipsis"></span><span class="invisible">http://</span><span class="js-display-url">bit.ly/1ce1VXX</span><span class="invisible"></span><span class="tco-ellipsis"><span class="invisible">&nbsp;</span></span></a> via <a href="/adage" class="twitter-atreply pretty-link js-nav" dir="ltr" data-mentioned-user-id="12480582" ><s>@</s><b>adage</b></a>]]></document>
		<document id="361916417521614848" url="https://twitter.com/britt_benson_/status/361916417521614848"><![CDATA[Sat next to an adorable Italian family on the train today. That language is just beautiful! I&#39;m definitely missing Rome now <img class="Emoji Emoji--forText" src="https://abs.twimg.com/emoji/v2/72x72/1f1ee-1f1f9.png" draggable="false" alt="]]>🇮🇹<![CDATA[" title="Flag of Italy" aria-label="Emoji: Flag of Italy">]]></document>
		<document id="361931282067881985" url="https://twitter.com/britt_benson_/status/361931282067881985"><![CDATA[Great interview tips! RT “<a href="/Hoojobs" class="twitter-atreply pretty-link js-nav" dir="ltr" data-mentioned-user-id="96238208" ><s>@</s><b>Hoojobs</b></a>: How to ace a phone screening <a href="/hashtag/interview?src=hash" data-query-source="hashtag_click" class="twitter-hashtag pretty-link js-nav" dir="ltr" ><s>#</s><b>interview</b></a> <a href="http://t.co/d1KBu5jRC6" rel="nofollow noopener" dir="ltr" data-expanded-url="http://ow.ly/nqpSl" class="twitter-timeline-link" target="_blank" title="http://ow.ly/nqpSl" ><span class="tco-ellipsis"></span><span class="invisible">http://</span><span class="js-display-url">ow.ly/nqpSl</span><span class="invisible"></span><span class="tco-ellipsis"><span class="invisible">&nbsp;</span></span></a> <a href="/hashtag/jobsearchtips?src=hash" data-query-source="hashtag_click" class="twitter-hashtag pretty-link js-nav" dir="ltr" ><s>#</s><b>jobsearchtips</b></a>”]]></document>
		<document id="362351194984808448" url="https://twitter.com/britt_benson_/status/362351194984808448"><![CDATA[Loving my $1 caramel iced coffee from <a href="/DunkinDonuts" class="twitter-atreply pretty-link js-nav" dir="ltr" data-mentioned-user-id="8771022" ><s>@</s><b>DunkinDonuts</b></a>! Coffee happy hour = best hour of the day <img class="Emoji Emoji--forText" src="https://abs.twimg.com/emoji/v2/72x72/2615.png" draggable="false" alt="☕" title="Hot beverage" aria-label="Emoji: Hot beverage"><img class="Emoji Emoji--forText" src="https://abs.twimg.com/emoji/v2/72x72/2764.png" draggable="false" alt="❤" title="Heavy red heart" aria-label="Emoji: Heavy red heart">]]></document>
		<document id="362678388881768448" url="https://twitter.com/britt_benson_/status/362678388881768448"><![CDATA[Press release dos and don&#39;ts <a href="http://t.co/VzTu9Y7Znk" rel="nofollow noopener" dir="ltr" data-expanded-url="http://bit.ly/1cbvtXK" class="twitter-timeline-link" target="_blank" title="http://bit.ly/1cbvtXK" ><span class="tco-ellipsis"></span><span class="invisible">http://</span><span class="js-display-url">bit.ly/1cbvtXK</span><span class="invisible"></span><span class="tco-ellipsis"><span class="invisible">&nbsp;</span></span></a> via <a href="/PRDaily" class="twitter-atreply pretty-link js-nav" dir="ltr" data-mentioned-user-id="24910049" ><s>@</s><b>PRDaily</b></a>. Love the info-graphic!]]></document>
		<document id="362711965296103424" url="https://twitter.com/britt_benson_/status/362711965296103424"><![CDATA[RT“<a href="/BuzzFeedNews" class="twitter-atreply pretty-link js-nav" dir="ltr" data-mentioned-user-id="1020058453" ><s>@</s><b>BuzzFeedNews</b></a>: BREAKING. House joins Senate in approving measure rolling back interest rates on student loans, @CharlieKayeCBS reports”]]></document>
		<document id="363341683284393984" url="https://twitter.com/britt_benson_/status/363341683284393984"><![CDATA[Well, it&#39;s August so that means it&#39;s almost time for back-to-school! I&#39;m super excited for my last quarter at DePaul <a href="/hashtag/Graduation?src=hash" data-query-source="hashtag_click" class="twitter-hashtag pretty-link js-nav" dir="ltr" ><s>#</s><b>Graduation</b></a> <a href="/hashtag/careertime?src=hash" data-query-source="hashtag_click" class="twitter-hashtag pretty-link js-nav" dir="ltr" ><s>#</s><b>careertime</b></a>]]></document>
		<document id="364046562260824064" url="https://twitter.com/britt_benson_/status/364046562260824064"><![CDATA[Sitting on the patio with my puppies, a cup of coffee and an issue of <a href="/Allure_magazine" class="twitter-atreply pretty-link js-nav" dir="ltr" data-mentioned-user-id="40965341" ><s>@</s><b>Allure_magazine</b></a> <a href="/hashtag/perfectsunday?src=hash" data-query-source="hashtag_click" class="twitter-hashtag pretty-link js-nav" dir="ltr" ><s>#</s><b>perfectsunday</b></a><a href="http://t.co/xcvBDlSTMI" class="twitter-timeline-link u-hidden" data-pre-embedded="true" dir="ltr" >pic.twitter.com/xcvBDlSTMI</a>]]></document>
		<document id="364347508954112001" url="https://twitter.com/britt_benson_/status/364347508954112001"><![CDATA[On my large coffee with a turbo shot game this morning. Happy Monday, everyone!]]></document>
		<document id="364367297114161152" url="https://twitter.com/britt_benson_/status/364367297114161152"><![CDATA[“<a href="/MariSmith" class="twitter-atreply pretty-link js-nav" dir="ltr" data-mentioned-user-id="8820652" ><s>@</s><b>MariSmith</b></a>: “Become the kind of leader that people would follow voluntarily; even if you had no title or position.” Brian Tracy”]]></document>
		<document id="364887503473356801" url="https://twitter.com/britt_benson_/status/364887503473356801"><![CDATA[Super excited to be part of the <a href="/SocialKaty" class="twitter-atreply pretty-link js-nav" dir="ltr" data-mentioned-user-id="2724508225" ><s>@</s><b>socialkaty</b></a> intern team this fall!]]></document>
		<document id="364913654765862912" url="https://twitter.com/britt_benson_/status/364913654765862912"><![CDATA[I&#39;ve just updated my professional profile on LinkedIn. Connect with me and view my profile. <a href="http://t.co/pZDaaH6DLs" rel="nofollow noopener" dir="ltr" data-expanded-url="http://lnkd.in/jPW4P4" class="twitter-timeline-link" target="_blank" title="http://lnkd.in/jPW4P4" ><span class="tco-ellipsis"></span><span class="invisible">http://</span><span class="js-display-url">lnkd.in/jPW4P4</span><span class="invisible"></span><span class="tco-ellipsis"><span class="invisible">&nbsp;</span></span></a> <a href="/hashtag/in?src=hash" data-query-source="hashtag_click" class="twitter-hashtag pretty-link js-nav" dir="ltr" ><s>#</s><b>in</b></a>]]></document>
	</documents>
</author>