<?xml version="1.0" encoding="UTF-8" standalone="no"?><author age_group="xx" gender="xx" lang="EN" type="twitter" url="https://twitter.com/mrtfernandez">
	<documents count="342">
		<document id="403759545870462976" url="https://twitter.com/mrtfernandez/status/403759545870462976"><![CDATA[You’re using this conspiracy theory as an excuse to avoid sex with me: <a href="/NewYorker" class="twitter-atreply pretty-link js-nav" dir="ltr" data-mentioned-user-id="14677919" ><s>@</s><b>NewYorker</b></a>: The Humor in the J.F.K. Conspiracy<a href="http://t.co/yF82pmX0cD" rel="nofollow noopener" dir="ltr" data-expanded-url="http://nyr.kr/1aAEtUp" class="twitter-timeline-link u-hidden" target="_blank" title="http://nyr.kr/1aAEtUp" ><span class="tco-ellipsis"></span><span class="invisible">http://</span><span class="js-display-url">nyr.kr/1aAEtUp</span><span class="invisible"></span><span class="tco-ellipsis"><span class="invisible">&nbsp;</span></span></a>]]></document>
		<document id="403796759148650496" url="https://twitter.com/mrtfernandez/status/403796759148650496"><![CDATA[11/22/63 Southwest Collection Archive: Kennedy y la cena que no fue.  <a href="http://t.co/ZLirJ9juVy" rel="nofollow noopener" dir="ltr" data-expanded-url="http://southwestcollection.wordpress.com/" class="twitter-timeline-link" target="_blank" title="http://southwestcollection.wordpress.com/" ><span class="tco-ellipsis"></span><span class="invisible">http://</span><span class="js-display-url">southwestcollection.wordpress.com</span><span class="invisible">/</span><span class="tco-ellipsis"><span class="invisible">&nbsp;</span></span></a><a href="http://t.co/sNZT5pEz5T" class="twitter-timeline-link u-hidden" data-pre-embedded="true" dir="ltr" >pic.twitter.com/sNZT5pEz5T</a>]]></document>
		<document id="403810484308037632" url="https://twitter.com/mrtfernandez/status/403810484308037632"><![CDATA[JFK, 1960 Election.<a href="http://t.co/SkfrvDPbm8" class="twitter-timeline-link u-hidden" data-pre-embedded="true" dir="ltr" >pic.twitter.com/SkfrvDPbm8</a>]]></document>
		<document id="403812305487400961" url="https://twitter.com/mrtfernandez/status/403812305487400961"><![CDATA[&quot;Blood was in his head&quot; AP Wire Copy: 
<a href="http://t.co/6gtt9u392e" rel="nofollow noopener" dir="ltr" data-expanded-url="http://www.theatlantic.com/infocus/2013/11/as-it-happened-ap-wire-copy-of-the-jfk-assassination/100633/" class="twitter-timeline-link" target="_blank" title="http://www.theatlantic.com/infocus/2013/11/as-it-happened-ap-wire-copy-of-the-jfk-assassination/100633/" ><span class="tco-ellipsis"></span><span class="invisible">http://www.</span><span class="js-display-url">theatlantic.com/infocus/2013/1</span><span class="invisible">1/as-it-happened-ap-wire-copy-of-the-jfk-assassination/100633/</span><span class="tco-ellipsis"><span class="invisible">&nbsp;</span>…</span></a> … vía <a href="/in_focus" class="twitter-atreply pretty-link js-nav" dir="ltr" data-mentioned-user-id="2960082230" ><s>@</s><b>in_focus</b></a> <a href="/hashtag/JFK?src=hash" data-query-source="hashtag_click" class="twitter-hashtag pretty-link js-nav" dir="ltr" ><s>#</s><b>JFK</b></a><a href="http://t.co/EfLtHOKiPT" class="twitter-timeline-link u-hidden" data-pre-embedded="true" dir="ltr" >pic.twitter.com/EfLtHOKiPT</a>]]></document>
		<document id="403812688737755136" url="https://twitter.com/mrtfernandez/status/403812688737755136"><![CDATA[<a href="/matosgustavo" class="twitter-atreply pretty-link js-nav" dir="ltr" data-mentioned-user-id="183201371" ><s>@</s><b>matosgustavo</b></a> Lo es. Mira esto... JFK 50 years on: memory and myth refuse to die <a href="http://t.co/tUoY7KaIAm" rel="nofollow noopener" dir="ltr" data-expanded-url="http://gu.com/p/3khqg/tw" class="twitter-timeline-link" target="_blank" title="http://gu.com/p/3khqg/tw" ><span class="tco-ellipsis"></span><span class="invisible">http://</span><span class="js-display-url">gu.com/p/3khqg/tw</span><span class="invisible"></span><span class="tco-ellipsis"><span class="invisible">&nbsp;</span></span></a><a href="http://t.co/xyNPnQlDH3" class="twitter-timeline-link u-hidden" data-pre-embedded="true" dir="ltr" >pic.twitter.com/xyNPnQlDH3</a>]]></document>
		<document id="403849150392827904" url="https://twitter.com/mrtfernandez/status/403849150392827904"><![CDATA[Entre la realidad y el mito... BBC News - JFK anniversary: The myth and reality<a href="http://t.co/OYsuvQpjui" rel="nofollow noopener" dir="ltr" data-expanded-url="http://bbc.in/I8s0xd" class="twitter-timeline-link u-hidden" target="_blank" title="http://bbc.in/I8s0xd" ><span class="tco-ellipsis"></span><span class="invisible">http://</span><span class="js-display-url">bbc.in/I8s0xd</span><span class="invisible"></span><span class="tco-ellipsis"><span class="invisible">&nbsp;</span></span></a>]]></document>
		<document id="403860287532834816" url="https://twitter.com/mrtfernandez/status/403860287532834816"><![CDATA[Oh: <a href="/MarBorobia" class="twitter-atreply pretty-link js-nav" dir="ltr" data-mentioned-user-id="1484594604" ><s>@</s><b>MarBorobia</b></a>: We start with one of our most popular protagonist: David Lyon portrayed by Thomas Lawrence<a href="http://t.co/wK1QoVHWec" class="twitter-timeline-link u-hidden" data-pre-embedded="true" dir="ltr" >pic.twitter.com/wK1QoVHWec</a>]]></document>
		<document id="404186686357508096" url="https://twitter.com/mrtfernandez/status/404186686357508096"><![CDATA[Querida <a href="/lalita1972" class="twitter-atreply pretty-link js-nav" dir="ltr" data-mentioned-user-id="12456322" ><s>@</s><b>lalita1972</b></a>, para tus zombis... RT <a href="/mashable" class="twitter-atreply pretty-link js-nav" dir="ltr" data-mentioned-user-id="972651" ><s>@</s><b>mashable</b></a>: 8 Things to Know Before the &#39;Doctor Who&#39; 50th ... <a href="http://t.co/ze9K3zT4Cd" rel="nofollow noopener" dir="ltr" data-expanded-url="http://tmi.me/1czHp1" class="twitter-timeline-link" target="_blank" title="http://tmi.me/1czHp1" ><span class="tco-ellipsis"></span><span class="invisible">http://</span><span class="js-display-url">tmi.me/1czHp1</span><span class="invisible"></span><span class="tco-ellipsis"><span class="invisible">&nbsp;</span></span></a>]]></document>
		<document id="404207110663458816" url="https://twitter.com/mrtfernandez/status/404207110663458816"><![CDATA[Ohhhhhhhh!!!! “<a href="/jasv1904" class="twitter-atreply pretty-link js-nav" dir="ltr" data-mentioned-user-id="98608947" ><s>@</s><b>jasv1904</b></a>: <a href="/mrtfernandez" class="twitter-atreply pretty-link js-nav" dir="ltr" data-mentioned-user-id="234278716" ><s>@</s><b>mrtfernandez</b></a> Asteroid named after Thomas Pynchon <a href="http://t.co/2fVXYLFZrt" rel="nofollow noopener" dir="ltr" data-expanded-url="http://po.st/BhjgEX" class="twitter-timeline-link" target="_blank" title="http://po.st/BhjgEX" ><span class="tco-ellipsis"></span><span class="invisible">http://</span><span class="js-display-url">po.st/BhjgEX</span><span class="invisible"></span><span class="tco-ellipsis"><span class="invisible">&nbsp;</span></span></a>”]]></document>
		<document id="404654240607797248" url="https://twitter.com/mrtfernandez/status/404654240607797248"><![CDATA[:*** RT <a href="/HistoricalPics" class="twitter-atreply pretty-link js-nav" dir="ltr" data-mentioned-user-id="1598644159" ><s>@</s><b>HistoricalPics</b></a>: Freddie Mercury, one of the greatest frontmen of all time, died 22 years ago today.<a href="http://t.co/zrHZoXRQeO" class="twitter-timeline-link u-hidden" data-pre-embedded="true" dir="ltr" >pic.twitter.com/zrHZoXRQeO</a>]]></document>
		<document id="405222556279783424" url="https://twitter.com/mrtfernandez/status/405222556279783424"><![CDATA[&quot;And I&#39;m floating in a most peculiar way, and the stars look very different today&quot;<a href="http://t.co/1TskbAHhpB" rel="nofollow noopener" dir="ltr" data-expanded-url="http://youtu.be/rKE3FSPJu-4" class="twitter-timeline-link u-hidden" target="_blank" title="http://youtu.be/rKE3FSPJu-4" ><span class="tco-ellipsis"></span><span class="invisible">http://</span><span class="js-display-url">youtu.be/rKE3FSPJu-4</span><span class="invisible"></span><span class="tco-ellipsis"><span class="invisible">&nbsp;</span></span></a>]]></document>
		<document id="405313896749096960" url="https://twitter.com/mrtfernandez/status/405313896749096960"><![CDATA[<a href="/ChaperoJackson" class="twitter-atreply pretty-link js-nav" dir="ltr" data-mentioned-user-id="1495349035" ><s>@</s><b>ChaperoJackson</b></a> @WoodyAllenOffic I think so...]]></document>
		<document id="405314848692523008" url="https://twitter.com/mrtfernandez/status/405314848692523008"><![CDATA[<a href="/ChaperoJackson" class="twitter-atreply pretty-link js-nav" dir="ltr" data-mentioned-user-id="1495349035" ><s>@</s><b>ChaperoJackson</b></a> fffffffffffffff]]></document>
		<document id="405699313466359808" url="https://twitter.com/mrtfernandez/status/405699313466359808"><![CDATA[<a href="/Twin_DJs" class="twitter-atreply pretty-link js-nav" dir="ltr" data-mentioned-user-id="360208757" ><s>@</s><b>Twin_DJs</b></a> Hola Twins!!]]></document>
		<document id="405977253060030464" url="https://twitter.com/mrtfernandez/status/405977253060030464"><![CDATA[<a href="/wificola" class="twitter-atreply pretty-link js-nav" dir="ltr" data-mentioned-user-id="1202397546" ><s>@</s><b>wificola</b></a> Reverencia]]></document>
		<document id="406296932433551360" url="https://twitter.com/mrtfernandez/status/406296932433551360"><![CDATA[Black Friday, la NASA lo celebra con agujeros negros. RT <a href="/NASA" class="twitter-atreply pretty-link js-nav" dir="ltr" data-mentioned-user-id="11348282" ><s>@</s><b>NASA</b></a> Today, we&#39;ll post info &amp; images all about black holes.<a href="http://t.co/QdvNIm2cl0" class="twitter-timeline-link u-hidden" data-pre-embedded="true" dir="ltr" >pic.twitter.com/QdvNIm2cl0</a>]]></document>
		<document id="407838233163096064" url="https://twitter.com/mrtfernandez/status/407838233163096064"><![CDATA[<a href="/vs1942" class="twitter-atreply pretty-link js-nav" dir="ltr" data-mentioned-user-id="462293438" ><s>@</s><b>vs1942</b></a> Ohhhhhhhhhhhhhhh! My Pynchonismo se acelera!]]></document>
		<document id="408107715895263232" url="https://twitter.com/mrtfernandez/status/408107715895263232"><![CDATA[Tango gravitatorio RT <a href="/Explorer" class="twitter-atreply pretty-link js-nav" dir="ltr" data-mentioned-user-id="498328279" ><s>@</s><b>Explorer</b></a>: Instant cosmic awe: NASA image of two massive black holes swirling around each other <a href="http://t.co/8QWP8wVLVX" rel="nofollow noopener" dir="ltr" data-expanded-url="http://j.mp/188HQmJ" class="twitter-timeline-link" target="_blank" title="http://j.mp/188HQmJ" ><span class="tco-ellipsis"></span><span class="invisible">http://</span><span class="js-display-url">j.mp/188HQmJ</span><span class="invisible"></span><span class="tco-ellipsis"><span class="invisible">&nbsp;</span></span></a>]]></document>
		<document id="408336143059804160" url="https://twitter.com/mrtfernandez/status/408336143059804160"><![CDATA[Amor y matemáticas. Es posible: A Mathematical Romance by Jim Holt | The New York Review of Books -<a href="http://t.co/UUWKsfQJdf" rel="nofollow noopener" dir="ltr" data-expanded-url="http://www.nybooks.com/articles/archives/2013/dec/05/mathematical-romance/" class="twitter-timeline-link u-hidden" target="_blank" title="http://www.nybooks.com/articles/archives/2013/dec/05/mathematical-romance/" ><span class="tco-ellipsis"></span><span class="invisible">http://www.</span><span class="js-display-url">nybooks.com/articles/archi</span><span class="invisible">ves/2013/dec/05/mathematical-romance/</span><span class="tco-ellipsis"><span class="invisible">&nbsp;</span>…</span></a>]]></document>
		<document id="408519517984526336" url="https://twitter.com/mrtfernandez/status/408519517984526336"><![CDATA[Vaaaamos! RT <a href="/delapurissima" class="twitter-atreply pretty-link js-nav" dir="ltr" data-mentioned-user-id="95451754" ><s>@</s><b>delapurissima</b></a>: ♫ Just Announced: Madrid, Spain - Dec 6 at CAFÉ BERLÍN<a href="http://t.co/SmCn7Sf9qx" rel="nofollow noopener" dir="ltr" data-expanded-url="http://www.bandsintown.com/event/7412382?artist=De+La+Purissima&amp;came_from=123" class="twitter-timeline-link u-hidden" target="_blank" title="http://www.bandsintown.com/event/7412382?artist=De+La+Purissima&amp;came_from=123" ><span class="tco-ellipsis"></span><span class="invisible">http://www.</span><span class="js-display-url">bandsintown.com/event/7412382?</span><span class="invisible">artist=De+La+Purissima&amp;came_from=123</span><span class="tco-ellipsis"><span class="invisible">&nbsp;</span>…</span></a>]]></document>
		<document id="408717466807050240" url="https://twitter.com/mrtfernandez/status/408717466807050240"><![CDATA[&quot;The struggle is my life. I will continue fighting for freedom until the end of my days.&quot; - Nelson Mandela (1918-2013)]]></document>
		<document id="408725086649475072" url="https://twitter.com/mrtfernandez/status/408725086649475072"><![CDATA[Obama visiblemente emocionado: &quot;He no longer belongs to us, he belongs to the ages.&quot;]]></document>
		<document id="408725776293703681" url="https://twitter.com/mrtfernandez/status/408725776293703681"><![CDATA[&quot;A man who took history in his hands, and bent the arc of history towards justice.&quot; Obama, que luego tensaría ese arco, sobre Mandela.]]></document>
		<document id="408730333065256961" url="https://twitter.com/mrtfernandez/status/408730333065256961"><![CDATA[Oh! RT <a href="/NASA" class="twitter-atreply pretty-link js-nav" dir="ltr" data-mentioned-user-id="11348282" ><s>@</s><b>NASA</b></a>: In honor of Nelson Mandela here is an image of South Africa from <a href="/hashtag/ISS?src=hash" data-query-source="hashtag_click" class="twitter-hashtag pretty-link js-nav" dir="ltr" ><s>#</s><b>ISS</b></a>: <a href="https://t.co/2B1Gu1zVoV" rel="nofollow noopener" dir="ltr" data-expanded-url="https://twitter.com/Cmdr_Hadfield/status/332417458088599552" class="twitter-timeline-link" target="_blank" title="https://twitter.com/Cmdr_Hadfield/status/332417458088599552" ><span class="tco-ellipsis"></span><span class="invisible">https://</span><span class="js-display-url">twitter.com/Cmdr_Hadfield/</span><span class="invisible">status/332417458088599552</span><span class="tco-ellipsis"><span class="invisible">&nbsp;</span>…</span></a><a href="http://t.co/GwoFgAVUvW" class="twitter-timeline-link u-hidden" data-pre-embedded="true" dir="ltr" >pic.twitter.com/GwoFgAVUvW</a>]]></document>
		<document id="408730933538586624" url="https://twitter.com/mrtfernandez/status/408730933538586624"><![CDATA[El próximo New Yorker.<a href="http://t.co/cs7MjsqLWZ" rel="nofollow noopener" dir="ltr" data-expanded-url="http://twitpic.com/dnp1hr" class="twitter-timeline-link u-hidden" target="_blank" title="http://twitpic.com/dnp1hr" ><span class="tco-ellipsis"></span><span class="invisible">http://</span><span class="js-display-url">twitpic.com/dnp1hr</span><span class="invisible"></span><span class="tco-ellipsis"><span class="invisible">&nbsp;</span></span></a>]]></document>
		<document id="408732668667654144" url="https://twitter.com/mrtfernandez/status/408732668667654144"><![CDATA[Cover Story: Nelson Mandela, hero. 
<a href="http://t.co/KLwahmbkYw" rel="nofollow noopener" dir="ltr" data-expanded-url="http://m.newyorker.com/online/blogs/culture/2013/12/new-yorker-cover-nelson-mandela.html#slide_ss_0=1" class="twitter-timeline-link" target="_blank" title="http://m.newyorker.com/online/blogs/culture/2013/12/new-yorker-cover-nelson-mandela.html#slide_ss_0=1" ><span class="tco-ellipsis"></span><span class="invisible">http://</span><span class="js-display-url">m.newyorker.com/online/blogs/c</span><span class="invisible">ulture/2013/12/new-yorker-cover-nelson-mandela.html#slide_ss_0=1</span><span class="tco-ellipsis"><span class="invisible">&nbsp;</span>…</span></a>  <a href="http://t.co/mKcwoHm8xi" rel="nofollow noopener" dir="ltr" data-expanded-url="http://twitpic.com/dnp23r" class="twitter-timeline-link" target="_blank" title="http://twitpic.com/dnp23r" ><span class="tco-ellipsis"></span><span class="invisible">http://</span><span class="js-display-url">twitpic.com/dnp23r</span><span class="invisible"></span><span class="tco-ellipsis"><span class="invisible">&nbsp;</span></span></a>]]></document>
		<document id="408735611500392449" url="https://twitter.com/mrtfernandez/status/408735611500392449"><![CDATA[Our Beloved Hero, 
Our Nations Father, 
Our Dearest Tata, 
Will forever be in our hearts.
Long Live Madiba <a href="/hashtag/DeSowetoACapeTown?src=hash" data-query-source="hashtag_click" class="twitter-hashtag pretty-link js-nav" dir="ltr" ><s>#</s><b>DeSowetoACapeTown</b></a>]]></document>
		<document id="408846633682882560" url="https://twitter.com/mrtfernandez/status/408846633682882560"><![CDATA[Lo que queda por hacer... RT <a href="/washingtonpost" class="twitter-atreply pretty-link js-nav" dir="ltr" data-mentioned-user-id="2467791" ><s>@</s><b>washingtonpost</b></a>: Free, but still unequal: South Africa today <a href="http://t.co/yr0JMXuoIh" rel="nofollow noopener" dir="ltr" data-expanded-url="http://wapo.st/1aEoQYe" class="twitter-timeline-link" target="_blank" title="http://wapo.st/1aEoQYe" ><span class="tco-ellipsis"></span><span class="invisible">http://</span><span class="js-display-url">wapo.st/1aEoQYe</span><span class="invisible"></span><span class="tco-ellipsis"><span class="invisible">&nbsp;</span></span></a>]]></document>
		<document id="408898706512302080" url="https://twitter.com/mrtfernandez/status/408898706512302080"><![CDATA[<a href="/RevistaDon" class="twitter-atreply pretty-link js-nav" dir="ltr" data-mentioned-user-id="1410035282" ><s>@</s><b>RevistaDon</b></a> Awesome!]]></document>
		<document id="410138635955343360" url="https://twitter.com/mrtfernandez/status/410138635955343360"><![CDATA[Ay querida <a href="/lalita1972" class="twitter-atreply pretty-link js-nav" dir="ltr" data-mentioned-user-id="12456322" ><s>@</s><b>lalita1972</b></a>, ya! RT <a href="/mashable" class="twitter-atreply pretty-link js-nav" dir="ltr" data-mentioned-user-id="972651" ><s>@</s><b>mashable</b></a>: Sherlock Returns From the Dead in Thrilling Season 3 Trailer <a href="http://t.co/5N3jIl6eJa" rel="nofollow noopener" dir="ltr" data-expanded-url="http://on.mash.to/1bxgaat" class="twitter-timeline-link" target="_blank" title="http://on.mash.to/1bxgaat" ><span class="tco-ellipsis"></span><span class="invisible">http://</span><span class="js-display-url">on.mash.to/1bxgaat</span><span class="invisible"></span><span class="tco-ellipsis"><span class="invisible">&nbsp;</span></span></a> <a href="/hashtag/SherlockLives?src=hash" data-query-source="hashtag_click" class="twitter-hashtag pretty-link js-nav" dir="ltr" ><s>#</s><b>SherlockLives</b></a>]]></document>
		<document id="410339368444768256" url="https://twitter.com/mrtfernandez/status/410339368444768256"><![CDATA[Bichos en las calles... Wow! New Environmental Street Art by ROA <a href="http://t.co/GjYk9lLlaD" rel="nofollow noopener" dir="ltr" data-expanded-url="http://www.thisiscolossal.com/2013/12/new-environmental-street-art-by-roa/" class="twitter-timeline-link" target="_blank" title="http://www.thisiscolossal.com/2013/12/new-environmental-street-art-by-roa/" ><span class="tco-ellipsis"></span><span class="invisible">http://www.</span><span class="js-display-url">thisiscolossal.com/2013/12/new-en</span><span class="invisible">vironmental-street-art-by-roa/</span><span class="tco-ellipsis"><span class="invisible">&nbsp;</span>…</span></a> vía <a href="/Colossal" class="twitter-atreply pretty-link js-nav" dir="ltr" data-mentioned-user-id="203063180" ><s>@</s><b>Colossal</b></a><a href="http://t.co/tOWSPGP2ja" class="twitter-timeline-link u-hidden" data-pre-embedded="true" dir="ltr" >pic.twitter.com/tOWSPGP2ja</a>]]></document>
		<document id="410385854570319872" url="https://twitter.com/mrtfernandez/status/410385854570319872"><![CDATA[<a href="/vs1942" class="twitter-atreply pretty-link js-nav" dir="ltr" data-mentioned-user-id="462293438" ><s>@</s><b>vs1942</b></a> <a href="/DavidCacho" class="twitter-atreply pretty-link js-nav" dir="ltr" data-mentioned-user-id="35204413" ><s>@</s><b>DavidCacho</b></a> Yep!]]></document>
		<document id="410899630671794176" url="https://twitter.com/mrtfernandez/status/410899630671794176"><![CDATA[Para devotas de Jimmy y en especial para <a href="/BelenBermejo" class="twitter-atreply pretty-link js-nav" dir="ltr" data-mentioned-user-id="264950207" ><s>@</s><b>BelenBermejo</b></a> RT <a href="/annehelen" class="twitter-atreply pretty-link js-nav" dir="ltr" data-mentioned-user-id="16714443" ><s>@</s><b>annehelen</b></a>: James Dean, why tweens love androgynous stars <a href="http://t.co/Izbpswvxx9" rel="nofollow noopener" dir="ltr" data-expanded-url="http://bit.ly/19hPpX3" class="twitter-timeline-link" target="_blank" title="http://bit.ly/19hPpX3" ><span class="tco-ellipsis"></span><span class="invisible">http://</span><span class="js-display-url">bit.ly/19hPpX3</span><span class="invisible"></span><span class="tco-ellipsis"><span class="invisible">&nbsp;</span></span></a>]]></document>
		<document id="411033101843062784" url="https://twitter.com/mrtfernandez/status/411033101843062784"><![CDATA[Muy épico! RT @NoelBurgundy: Anuncio de &quot;The Time of the Doctor&quot;. Esto va a ser épico, Twitter. <a href="https://t.co/5tYWRd69GF" rel="nofollow noopener" dir="ltr" data-expanded-url="https://www.youtube.com/watch?v=7GhY-ds2Kfk" class="twitter-timeline-link" target="_blank" title="https://www.youtube.com/watch?v=7GhY-ds2Kfk" ><span class="tco-ellipsis"></span><span class="invisible">https://www.</span><span class="js-display-url">youtube.com/watch?v=7GhY-d</span><span class="invisible">s2Kfk</span><span class="tco-ellipsis"><span class="invisible">&nbsp;</span>…</span></a> cc <a href="/lalita1972" class="twitter-atreply pretty-link js-nav" dir="ltr" data-mentioned-user-id="12456322" ><s>@</s><b>lalita1972</b></a> &amp; Co]]></document>
		<document id="411628299073634304" url="https://twitter.com/mrtfernandez/status/411628299073634304"><![CDATA[<a href="/ramonaranguena" class="twitter-atreply pretty-link js-nav" dir="ltr" data-mentioned-user-id="971732570" ><s>@</s><b>ramonaranguena</b></a> <a href="/Teatro_Real" class="twitter-atreply pretty-link js-nav" dir="ltr" data-mentioned-user-id="180314037" ><s>@</s><b>Teatro_Real</b></a> <a href="/erwinschrott" class="twitter-atreply pretty-link js-nav" dir="ltr" data-mentioned-user-id="52424110" ><s>@</s><b>erwinschrott</b></a> @lumachina86 Sí hay. ;) <a href="http://t.co/lYvAqBUBv6" rel="nofollow noopener" dir="ltr" data-expanded-url="http://www.elmundo.es/blogs/elmundo/blogdepecho/2013/12/02/aqui-si-hay-playa.html" class="twitter-timeline-link" target="_blank" title="http://www.elmundo.es/blogs/elmundo/blogdepecho/2013/12/02/aqui-si-hay-playa.html" ><span class="tco-ellipsis"></span><span class="invisible">http://www.</span><span class="js-display-url">elmundo.es/blogs/elmundo/</span><span class="invisible">blogdepecho/2013/12/02/aqui-si-hay-playa.html</span><span class="tco-ellipsis"><span class="invisible">&nbsp;</span>…</span></a>]]></document>
		<document id="412456894281043969" url="https://twitter.com/mrtfernandez/status/412456894281043969"><![CDATA[Last night I dreamt I went to Manderley again. Adiós a la segunda señora de Winters. Adiós Joan Fontaine.]]></document>
		<document id="413360119896752128" url="https://twitter.com/mrtfernandez/status/413360119896752128"><![CDATA[@NoelBurgundy <a href="/hematocritico" class="twitter-atreply pretty-link js-nav" dir="ltr" data-mentioned-user-id="81577367" ><s>@</s><b>hematocritico</b></a> TocToc??]]></document>
		<document id="413971114059370496" url="https://twitter.com/mrtfernandez/status/413971114059370496"><![CDATA[<a href="/JuanAndresB" class="twitter-atreply pretty-link js-nav" dir="ltr" data-mentioned-user-id="47783762" ><s>@</s><b>JuanAndresB</b></a> Does Britannia, when it sleeps, dream? Is America her dream? -- (...)]]></document>
		<document id="413971413796913152" url="https://twitter.com/mrtfernandez/status/413971413796913152"><![CDATA[<a href="/JuanAndresB" class="twitter-atreply pretty-link js-nav" dir="ltr" data-mentioned-user-id="47783762" ><s>@</s><b>JuanAndresB</b></a> She has turned her face, more than once, to the Outer Radiance and simply seen nothing there. (...)]]></document>
		<document id="415368647998464000" url="https://twitter.com/mrtfernandez/status/415368647998464000"><![CDATA[OMG RT <a href="/apod" class="twitter-atreply pretty-link js-nav" dir="ltr" data-mentioned-user-id="8295072" ><s>@</s><b>apod</b></a>: Sharpless 308: Star Bubble: <a href="http://t.co/WlhCzVtF6C" rel="nofollow noopener" dir="ltr" data-expanded-url="http://apod.it/131224" class="twitter-timeline-link" target="_blank" title="http://apod.it/131224" ><span class="tco-ellipsis"></span><span class="invisible">http://</span><span class="js-display-url">apod.it/131224</span><span class="invisible"></span><span class="tco-ellipsis"><span class="invisible">&nbsp;</span></span></a>]]></document>
		<document id="415422404283076608" url="https://twitter.com/mrtfernandez/status/415422404283076608"><![CDATA[<a href="/wertheriano" class="twitter-atreply pretty-link js-nav" dir="ltr" data-mentioned-user-id="253709038" ><s>@</s><b>wertheriano</b></a> Gracias!!]]></document>
		<document id="415575344113287168" url="https://twitter.com/mrtfernandez/status/415575344113287168"><![CDATA[Comunidad Intelectual! Tiene Twitter!!]]></document>
		<document id="415737792204140544" url="https://twitter.com/mrtfernandez/status/415737792204140544"><![CDATA[Kidding? Pynchon! RT <a href="/GuardianUS" class="twitter-atreply pretty-link js-nav" dir="ltr" data-mentioned-user-id="16042794" ><s>@</s><b>GuardianUS</b></a>: Who is the greatest American novelist? Round 6: Thomas Pynchon v Carson McCullers<a href="http://t.co/9Zc03R4uGP" rel="nofollow noopener" dir="ltr" data-expanded-url="http://trib.al/Zns5P3e" class="twitter-timeline-link u-hidden" target="_blank" title="http://trib.al/Zns5P3e" ><span class="tco-ellipsis"></span><span class="invisible">http://</span><span class="js-display-url">trib.al/Zns5P3e</span><span class="invisible"></span><span class="tco-ellipsis"><span class="invisible">&nbsp;</span></span></a>]]></document>
		<document id="416495368675684352" url="https://twitter.com/mrtfernandez/status/416495368675684352"><![CDATA[<a href="/antoniofse" class="twitter-atreply pretty-link js-nav" dir="ltr" data-mentioned-user-id="34868923" ><s>@</s><b>antoniofse</b></a> Ohhhhh....]]></document>
		<document id="418729671472463872" url="https://twitter.com/mrtfernandez/status/418729671472463872"><![CDATA[Ohhh! RT <a href="/fotogramas_es" class="twitter-atreply pretty-link js-nav" dir="ltr" data-mentioned-user-id="19913847" ><s>@</s><b>fotogramas_es</b></a>: Primera imagen de Benedict Cumberbatch como Alan Turing en &#39;The Imitation of Life&#39;<a href="http://t.co/vcBOUnXWNU" rel="nofollow noopener" dir="ltr" data-expanded-url="http://www.fotogramas.es/Noticias/The-Imitation-Game-Primera-imagen-de-Benedict-Cumberbatch-como-Alan-Turing" class="twitter-timeline-link u-hidden" target="_blank" title="http://www.fotogramas.es/Noticias/The-Imitation-Game-Primera-imagen-de-Benedict-Cumberbatch-como-Alan-Turing" ><span class="tco-ellipsis"></span><span class="invisible">http://www.</span><span class="js-display-url">fotogramas.es/Noticias/The-I</span><span class="invisible">mitation-Game-Primera-imagen-de-Benedict-Cumberbatch-como-Alan-Turing</span><span class="tco-ellipsis"><span class="invisible">&nbsp;</span>…</span></a>]]></document>
		<document id="419189294591643648" url="https://twitter.com/mrtfernandez/status/419189294591643648"><![CDATA[<a href="/TheAtlantic" class="twitter-atreply pretty-link js-nav" dir="ltr" data-mentioned-user-id="35773039" ><s>@</s><b>TheAtlantic</b></a> Truman Capote&#39;s Black and white ball. The party of the Century!!]]></document>
		<document id="419232374757408770" url="https://twitter.com/mrtfernandez/status/419232374757408770"><![CDATA[Conjurar la borrasca con la música de Desplat. Heroic weather conditions of the universe part 7. <a href="/hashtag/MoonriseKingdom?src=hash" data-query-source="hashtag_click" class="twitter-hashtag pretty-link js-nav" dir="ltr" ><s>#</s><b>MoonriseKingdom</b></a><a href="http://t.co/vwWiDG4OOO" rel="nofollow noopener" dir="ltr" data-expanded-url="http://www.youtube.com/watch?v=MbPO7OzGTqs" class="twitter-timeline-link u-hidden" target="_blank" title="http://www.youtube.com/watch?v=MbPO7OzGTqs" ><span class="tco-ellipsis"></span><span class="invisible">http://www.</span><span class="js-display-url">youtube.com/watch?v=MbPO7O</span><span class="invisible">zGTqs</span><span class="tco-ellipsis"><span class="invisible">&nbsp;</span>…</span></a>]]></document>
		<document id="419927169226121216" url="https://twitter.com/mrtfernandez/status/419927169226121216"><![CDATA[Feliz Noche de Reyes: It will be a love story, for she will be my heroine for all time. And her name will be Viola. <a href="http://t.co/7Dcf40vQKQ" rel="nofollow noopener" dir="ltr" data-expanded-url="http://www.anyclip.com/movies/shakespeare-in-love/urFrtYJt7hbJmm/#!quotes/" class="twitter-timeline-link" target="_blank" title="http://www.anyclip.com/movies/shakespeare-in-love/urFrtYJt7hbJmm/#!quotes/" ><span class="tco-ellipsis"></span><span class="invisible">http://www.</span><span class="js-display-url">anyclip.com/movies/shakesp</span><span class="invisible">eare-in-love/urFrtYJt7hbJmm/#!quotes/</span><span class="tco-ellipsis"><span class="invisible">&nbsp;</span>…</span></a>]]></document>
		<document id="420517492415397888" url="https://twitter.com/mrtfernandez/status/420517492415397888"><![CDATA[@JOSEGAMO13 Se me cuide usted... eh?]]></document>
		<document id="420844824724377600" url="https://twitter.com/mrtfernandez/status/420844824724377600"><![CDATA[<a href="/stromboli72" class="twitter-atreply pretty-link js-nav" dir="ltr" data-mentioned-user-id="365757441" ><s>@</s><b>stromboli72</b></a> Elementary my dear Stromboli...]]></document>
		<document id="420874599622930432" url="https://twitter.com/mrtfernandez/status/420874599622930432"><![CDATA[@NoelBurgundy <a href="/GQSpain" class="twitter-atreply pretty-link js-nav" dir="ltr" data-mentioned-user-id="33906991" ><s>@</s><b>GQSpain</b></a> Ooooooooooooohhhhhhhhhhh. No me lo tengas en cuenta, habla la fan.]]></document>
		<document id="422849674975145984" url="https://twitter.com/mrtfernandez/status/422849674975145984"><![CDATA[Eso RT <a href="/AdviceToWriters" class="twitter-atreply pretty-link js-nav" dir="ltr" data-mentioned-user-id="44949890" ><s>@</s><b>AdviceToWriters</b></a>: &quot;If you really want to write, then shut yourself in a room, close the door, and WRITE…&quot; <a href="http://t.co/tZCFX3tgw6" rel="nofollow noopener" dir="ltr" data-expanded-url="http://www.advicetowriters.com/home/2014/1/13/lock-yourself-in-a-room.html" class="twitter-timeline-link" target="_blank" title="http://www.advicetowriters.com/home/2014/1/13/lock-yourself-in-a-room.html" ><span class="tco-ellipsis"></span><span class="invisible">http://www.</span><span class="js-display-url">advicetowriters.com/home/2014/1/13</span><span class="invisible">/lock-yourself-in-a-room.html</span><span class="tco-ellipsis"><span class="invisible">&nbsp;</span>…</span></a>]]></document>
		<document id="423559506711576576" url="https://twitter.com/mrtfernandez/status/423559506711576576"><![CDATA[<a href="/gutisolis" class="twitter-atreply pretty-link js-nav" dir="ltr" data-mentioned-user-id="81696941" ><s>@</s><b>gutisolis</b></a> <a href="/Alfabia_BCN" class="twitter-atreply pretty-link js-nav" dir="ltr" data-mentioned-user-id="524264646" ><s>@</s><b>Alfabia_BCN</b></a> Planeta Pynchon.]]></document>
		<document id="423825779760582657" url="https://twitter.com/mrtfernandez/status/423825779760582657"><![CDATA[<a href="/Kaisser_Sousse" class="twitter-atreply pretty-link js-nav" dir="ltr" data-mentioned-user-id="212644778" ><s>@</s><b>Kaisser_Sousse</b></a> Mason y Dixon. O Vineland.]]></document>
		<document id="423833580280614912" url="https://twitter.com/mrtfernandez/status/423833580280614912"><![CDATA[@AJStyles_Lesnar Oh! Gracias!]]></document>
		<document id="423859749382524928" url="https://twitter.com/mrtfernandez/status/423859749382524928"><![CDATA[<a href="/Karl_Langas" class="twitter-atreply pretty-link js-nav" dir="ltr" data-mentioned-user-id="244557242" ><s>@</s><b>Karl_Langas</b></a> <a href="/thursnext" class="twitter-atreply pretty-link js-nav" dir="ltr" data-mentioned-user-id="14171140" ><s>@</s><b>Thursnext</b></a>  <a href="http://t.co/SfhdMOtvb0" rel="nofollow noopener" dir="ltr" data-expanded-url="http://twitpic.com/dsgc3f" class="twitter-timeline-link" target="_blank" title="http://twitpic.com/dsgc3f" ><span class="tco-ellipsis"></span><span class="invisible">http://</span><span class="js-display-url">twitpic.com/dsgc3f</span><span class="invisible"></span><span class="tco-ellipsis"><span class="invisible">&nbsp;</span></span></a>]]></document>
		<document id="423922428197478400" url="https://twitter.com/mrtfernandez/status/423922428197478400"><![CDATA[<a href="/ana_ortas" class="twitter-atreply pretty-link js-nav" dir="ltr" data-mentioned-user-id="223827086" ><s>@</s><b>ana_ortas</b></a> Y sin Martín Sheen. Fatal. This is the end, my friend. <a href="http://t.co/lqjU7Vs3Cz" rel="nofollow noopener" dir="ltr" data-expanded-url="http://touch.dailymotion.com/video/xju2ct_the-doors-the-end-original-stereo-hq-audio_music" class="twitter-timeline-link" target="_blank" title="http://touch.dailymotion.com/video/xju2ct_the-doors-the-end-original-stereo-hq-audio_music" ><span class="tco-ellipsis"></span><span class="invisible">http://</span><span class="js-display-url">touch.dailymotion.com/video/xju2ct_t</span><span class="invisible">he-doors-the-end-original-stereo-hq-audio_music</span><span class="tco-ellipsis"><span class="invisible">&nbsp;</span>…</span></a> <a href="/hashtag/MeRetiro?src=hash" data-query-source="hashtag_click" class="twitter-hashtag pretty-link js-nav" dir="ltr" ><s>#</s><b>MeRetiro</b></a>]]></document>
		<document id="424087484482347008" url="https://twitter.com/mrtfernandez/status/424087484482347008"><![CDATA[El cielo. Sturm und Drang, hoy. <a href="http://t.co/94KvCbPHsA" rel="nofollow noopener" dir="ltr" data-expanded-url="http://www.thisiscolossal.com/2014/01/severe-skies-the-photography-of-storm-chaser-mike-hollingshead/" class="twitter-timeline-link" target="_blank" title="http://www.thisiscolossal.com/2014/01/severe-skies-the-photography-of-storm-chaser-mike-hollingshead/" ><span class="tco-ellipsis"></span><span class="invisible">http://www.</span><span class="js-display-url">thisiscolossal.com/2014/01/severe</span><span class="invisible">-skies-the-photography-of-storm-chaser-mike-hollingshead/</span><span class="tco-ellipsis"><span class="invisible">&nbsp;</span>…</span></a> … <a href="/hashtag/MikeHollingshead?src=hash" data-query-source="hashtag_click" class="twitter-hashtag pretty-link js-nav" dir="ltr" ><s>#</s><b>MikeHollingshead</b></a><a href="http://t.co/kknJmkogCT" class="twitter-timeline-link u-hidden" data-pre-embedded="true" dir="ltr" >pic.twitter.com/kknJmkogCT</a>]]></document>
		<document id="424139542606512128" url="https://twitter.com/mrtfernandez/status/424139542606512128"><![CDATA[A man who is his own lawyer has a fool for a client. <a href="/hashtag/PuesEso?src=hash" data-query-source="hashtag_click" class="twitter-hashtag pretty-link js-nav" dir="ltr" ><s>#</s><b>PuesEso</b></a> <a href="/hashtag/CasoAsunta?src=hash" data-query-source="hashtag_click" class="twitter-hashtag pretty-link js-nav" dir="ltr" ><s>#</s><b>CasoAsunta</b></a>]]></document>
		<document id="425731613545476096" url="https://twitter.com/mrtfernandez/status/425731613545476096"><![CDATA[<a href="/TheAngelNaughty" class="twitter-atreply pretty-link js-nav" dir="ltr" data-mentioned-user-id="192936152" ><s>@</s><b>TheAngelNaughty</b></a> Ohhh. Sabes que te lo agradezco siempre. :)]]></document>
		<document id="425734105595396096" url="https://twitter.com/mrtfernandez/status/425734105595396096"><![CDATA[<a href="/TheAngelNaughty" class="twitter-atreply pretty-link js-nav" dir="ltr" data-mentioned-user-id="192936152" ><s>@</s><b>TheAngelNaughty</b></a> Y yo te cuento!]]></document>
		<document id="425951654228160513" url="https://twitter.com/mrtfernandez/status/425951654228160513"><![CDATA[@SonrisaDesigual Muy de Cucumberhot... ;)]]></document>
		<document id="403759545870462976" url="https://twitter.com/mrtfernandez/status/403759545870462976"><![CDATA[You’re using this conspiracy theory as an excuse to avoid sex with me: <a href="/NewYorker" class="twitter-atreply pretty-link js-nav" dir="ltr" data-mentioned-user-id="14677919" ><s>@</s><b>NewYorker</b></a>: The Humor in the J.F.K. Conspiracy<a href="http://t.co/yF82pmX0cD" rel="nofollow noopener" dir="ltr" data-expanded-url="http://nyr.kr/1aAEtUp" class="twitter-timeline-link u-hidden" target="_blank" title="http://nyr.kr/1aAEtUp" ><span class="tco-ellipsis"></span><span class="invisible">http://</span><span class="js-display-url">nyr.kr/1aAEtUp</span><span class="invisible"></span><span class="tco-ellipsis"><span class="invisible">&nbsp;</span></span></a>]]></document>
		<document id="403796759148650496" url="https://twitter.com/mrtfernandez/status/403796759148650496"><![CDATA[11/22/63 Southwest Collection Archive: Kennedy y la cena que no fue.  <a href="http://t.co/ZLirJ9juVy" rel="nofollow noopener" dir="ltr" data-expanded-url="http://southwestcollection.wordpress.com/" class="twitter-timeline-link" target="_blank" title="http://southwestcollection.wordpress.com/" ><span class="tco-ellipsis"></span><span class="invisible">http://</span><span class="js-display-url">southwestcollection.wordpress.com</span><span class="invisible">/</span><span class="tco-ellipsis"><span class="invisible">&nbsp;</span></span></a><a href="http://t.co/sNZT5pEz5T" class="twitter-timeline-link u-hidden" data-pre-embedded="true" dir="ltr" >pic.twitter.com/sNZT5pEz5T</a>]]></document>
		<document id="403810484308037632" url="https://twitter.com/mrtfernandez/status/403810484308037632"><![CDATA[JFK, 1960 Election.<a href="http://t.co/SkfrvDPbm8" class="twitter-timeline-link u-hidden" data-pre-embedded="true" dir="ltr" >pic.twitter.com/SkfrvDPbm8</a>]]></document>
		<document id="403812305487400961" url="https://twitter.com/mrtfernandez/status/403812305487400961"><![CDATA[&quot;Blood was in his head&quot; AP Wire Copy: 
<a href="http://t.co/6gtt9u392e" rel="nofollow noopener" dir="ltr" data-expanded-url="http://www.theatlantic.com/infocus/2013/11/as-it-happened-ap-wire-copy-of-the-jfk-assassination/100633/" class="twitter-timeline-link" target="_blank" title="http://www.theatlantic.com/infocus/2013/11/as-it-happened-ap-wire-copy-of-the-jfk-assassination/100633/" ><span class="tco-ellipsis"></span><span class="invisible">http://www.</span><span class="js-display-url">theatlantic.com/infocus/2013/1</span><span class="invisible">1/as-it-happened-ap-wire-copy-of-the-jfk-assassination/100633/</span><span class="tco-ellipsis"><span class="invisible">&nbsp;</span>…</span></a> … vía <a href="/in_focus" class="twitter-atreply pretty-link js-nav" dir="ltr" data-mentioned-user-id="2960082230" ><s>@</s><b>in_focus</b></a> <a href="/hashtag/JFK?src=hash" data-query-source="hashtag_click" class="twitter-hashtag pretty-link js-nav" dir="ltr" ><s>#</s><b>JFK</b></a><a href="http://t.co/EfLtHOKiPT" class="twitter-timeline-link u-hidden" data-pre-embedded="true" dir="ltr" >pic.twitter.com/EfLtHOKiPT</a>]]></document>
		<document id="403812688737755136" url="https://twitter.com/mrtfernandez/status/403812688737755136"><![CDATA[<a href="/matosgustavo" class="twitter-atreply pretty-link js-nav" dir="ltr" data-mentioned-user-id="183201371" ><s>@</s><b>matosgustavo</b></a> Lo es. Mira esto... JFK 50 years on: memory and myth refuse to die <a href="http://t.co/tUoY7KaIAm" rel="nofollow noopener" dir="ltr" data-expanded-url="http://gu.com/p/3khqg/tw" class="twitter-timeline-link" target="_blank" title="http://gu.com/p/3khqg/tw" ><span class="tco-ellipsis"></span><span class="invisible">http://</span><span class="js-display-url">gu.com/p/3khqg/tw</span><span class="invisible"></span><span class="tco-ellipsis"><span class="invisible">&nbsp;</span></span></a><a href="http://t.co/xyNPnQlDH3" class="twitter-timeline-link u-hidden" data-pre-embedded="true" dir="ltr" >pic.twitter.com/xyNPnQlDH3</a>]]></document>
		<document id="403849150392827904" url="https://twitter.com/mrtfernandez/status/403849150392827904"><![CDATA[Entre la realidad y el mito... BBC News - JFK anniversary: The myth and reality<a href="http://t.co/OYsuvQpjui" rel="nofollow noopener" dir="ltr" data-expanded-url="http://bbc.in/I8s0xd" class="twitter-timeline-link u-hidden" target="_blank" title="http://bbc.in/I8s0xd" ><span class="tco-ellipsis"></span><span class="invisible">http://</span><span class="js-display-url">bbc.in/I8s0xd</span><span class="invisible"></span><span class="tco-ellipsis"><span class="invisible">&nbsp;</span></span></a>]]></document>
		<document id="403860287532834816" url="https://twitter.com/mrtfernandez/status/403860287532834816"><![CDATA[Oh: <a href="/MarBorobia" class="twitter-atreply pretty-link js-nav" dir="ltr" data-mentioned-user-id="1484594604" ><s>@</s><b>MarBorobia</b></a>: We start with one of our most popular protagonist: David Lyon portrayed by Thomas Lawrence<a href="http://t.co/wK1QoVHWec" class="twitter-timeline-link u-hidden" data-pre-embedded="true" dir="ltr" >pic.twitter.com/wK1QoVHWec</a>]]></document>
		<document id="404186686357508096" url="https://twitter.com/mrtfernandez/status/404186686357508096"><![CDATA[Querida <a href="/lalita1972" class="twitter-atreply pretty-link js-nav" dir="ltr" data-mentioned-user-id="12456322" ><s>@</s><b>lalita1972</b></a>, para tus zombis... RT <a href="/mashable" class="twitter-atreply pretty-link js-nav" dir="ltr" data-mentioned-user-id="972651" ><s>@</s><b>mashable</b></a>: 8 Things to Know Before the &#39;Doctor Who&#39; 50th ... <a href="http://t.co/ze9K3zT4Cd" rel="nofollow noopener" dir="ltr" data-expanded-url="http://tmi.me/1czHp1" class="twitter-timeline-link" target="_blank" title="http://tmi.me/1czHp1" ><span class="tco-ellipsis"></span><span class="invisible">http://</span><span class="js-display-url">tmi.me/1czHp1</span><span class="invisible"></span><span class="tco-ellipsis"><span class="invisible">&nbsp;</span></span></a>]]></document>
		<document id="404207110663458816" url="https://twitter.com/mrtfernandez/status/404207110663458816"><![CDATA[Ohhhhhhhh!!!! “<a href="/jasv1904" class="twitter-atreply pretty-link js-nav" dir="ltr" data-mentioned-user-id="98608947" ><s>@</s><b>jasv1904</b></a>: <a href="/mrtfernandez" class="twitter-atreply pretty-link js-nav" dir="ltr" data-mentioned-user-id="234278716" ><s>@</s><b>mrtfernandez</b></a> Asteroid named after Thomas Pynchon <a href="http://t.co/2fVXYLFZrt" rel="nofollow noopener" dir="ltr" data-expanded-url="http://po.st/BhjgEX" class="twitter-timeline-link" target="_blank" title="http://po.st/BhjgEX" ><span class="tco-ellipsis"></span><span class="invisible">http://</span><span class="js-display-url">po.st/BhjgEX</span><span class="invisible"></span><span class="tco-ellipsis"><span class="invisible">&nbsp;</span></span></a>”]]></document>
		<document id="404654240607797248" url="https://twitter.com/mrtfernandez/status/404654240607797248"><![CDATA[:*** RT <a href="/HistoricalPics" class="twitter-atreply pretty-link js-nav" dir="ltr" data-mentioned-user-id="1598644159" ><s>@</s><b>HistoricalPics</b></a>: Freddie Mercury, one of the greatest frontmen of all time, died 22 years ago today.<a href="http://t.co/zrHZoXRQeO" class="twitter-timeline-link u-hidden" data-pre-embedded="true" dir="ltr" >pic.twitter.com/zrHZoXRQeO</a>]]></document>
		<document id="405222556279783424" url="https://twitter.com/mrtfernandez/status/405222556279783424"><![CDATA[&quot;And I&#39;m floating in a most peculiar way, and the stars look very different today&quot;<a href="http://t.co/1TskbAHhpB" rel="nofollow noopener" dir="ltr" data-expanded-url="http://youtu.be/rKE3FSPJu-4" class="twitter-timeline-link u-hidden" target="_blank" title="http://youtu.be/rKE3FSPJu-4" ><span class="tco-ellipsis"></span><span class="invisible">http://</span><span class="js-display-url">youtu.be/rKE3FSPJu-4</span><span class="invisible"></span><span class="tco-ellipsis"><span class="invisible">&nbsp;</span></span></a>]]></document>
		<document id="405313896749096960" url="https://twitter.com/mrtfernandez/status/405313896749096960"><![CDATA[<a href="/ChaperoJackson" class="twitter-atreply pretty-link js-nav" dir="ltr" data-mentioned-user-id="1495349035" ><s>@</s><b>ChaperoJackson</b></a> @WoodyAllenOffic I think so...]]></document>
		<document id="405314848692523008" url="https://twitter.com/mrtfernandez/status/405314848692523008"><![CDATA[<a href="/ChaperoJackson" class="twitter-atreply pretty-link js-nav" dir="ltr" data-mentioned-user-id="1495349035" ><s>@</s><b>ChaperoJackson</b></a> fffffffffffffff]]></document>
		<document id="405699313466359808" url="https://twitter.com/mrtfernandez/status/405699313466359808"><![CDATA[<a href="/Twin_DJs" class="twitter-atreply pretty-link js-nav" dir="ltr" data-mentioned-user-id="360208757" ><s>@</s><b>Twin_DJs</b></a> Hola Twins!!]]></document>
		<document id="405977253060030464" url="https://twitter.com/mrtfernandez/status/405977253060030464"><![CDATA[<a href="/wificola" class="twitter-atreply pretty-link js-nav" dir="ltr" data-mentioned-user-id="1202397546" ><s>@</s><b>wificola</b></a> Reverencia]]></document>
		<document id="406296932433551360" url="https://twitter.com/mrtfernandez/status/406296932433551360"><![CDATA[Black Friday, la NASA lo celebra con agujeros negros. RT <a href="/NASA" class="twitter-atreply pretty-link js-nav" dir="ltr" data-mentioned-user-id="11348282" ><s>@</s><b>NASA</b></a> Today, we&#39;ll post info &amp; images all about black holes.<a href="http://t.co/QdvNIm2cl0" class="twitter-timeline-link u-hidden" data-pre-embedded="true" dir="ltr" >pic.twitter.com/QdvNIm2cl0</a>]]></document>
		<document id="407838233163096064" url="https://twitter.com/mrtfernandez/status/407838233163096064"><![CDATA[<a href="/vs1942" class="twitter-atreply pretty-link js-nav" dir="ltr" data-mentioned-user-id="462293438" ><s>@</s><b>vs1942</b></a> Ohhhhhhhhhhhhhhh! My Pynchonismo se acelera!]]></document>
		<document id="408107715895263232" url="https://twitter.com/mrtfernandez/status/408107715895263232"><![CDATA[Tango gravitatorio RT <a href="/Explorer" class="twitter-atreply pretty-link js-nav" dir="ltr" data-mentioned-user-id="498328279" ><s>@</s><b>Explorer</b></a>: Instant cosmic awe: NASA image of two massive black holes swirling around each other <a href="http://t.co/8QWP8wVLVX" rel="nofollow noopener" dir="ltr" data-expanded-url="http://j.mp/188HQmJ" class="twitter-timeline-link" target="_blank" title="http://j.mp/188HQmJ" ><span class="tco-ellipsis"></span><span class="invisible">http://</span><span class="js-display-url">j.mp/188HQmJ</span><span class="invisible"></span><span class="tco-ellipsis"><span class="invisible">&nbsp;</span></span></a>]]></document>
		<document id="408336143059804160" url="https://twitter.com/mrtfernandez/status/408336143059804160"><![CDATA[Amor y matemáticas. Es posible: A Mathematical Romance by Jim Holt | The New York Review of Books -<a href="http://t.co/UUWKsfQJdf" rel="nofollow noopener" dir="ltr" data-expanded-url="http://www.nybooks.com/articles/archives/2013/dec/05/mathematical-romance/" class="twitter-timeline-link u-hidden" target="_blank" title="http://www.nybooks.com/articles/archives/2013/dec/05/mathematical-romance/" ><span class="tco-ellipsis"></span><span class="invisible">http://www.</span><span class="js-display-url">nybooks.com/articles/archi</span><span class="invisible">ves/2013/dec/05/mathematical-romance/</span><span class="tco-ellipsis"><span class="invisible">&nbsp;</span>…</span></a>]]></document>
		<document id="408519517984526336" url="https://twitter.com/mrtfernandez/status/408519517984526336"><![CDATA[Vaaaamos! RT <a href="/delapurissima" class="twitter-atreply pretty-link js-nav" dir="ltr" data-mentioned-user-id="95451754" ><s>@</s><b>delapurissima</b></a>: ♫ Just Announced: Madrid, Spain - Dec 6 at CAFÉ BERLÍN<a href="http://t.co/SmCn7Sf9qx" rel="nofollow noopener" dir="ltr" data-expanded-url="http://www.bandsintown.com/event/7412382?artist=De+La+Purissima&amp;came_from=123" class="twitter-timeline-link u-hidden" target="_blank" title="http://www.bandsintown.com/event/7412382?artist=De+La+Purissima&amp;came_from=123" ><span class="tco-ellipsis"></span><span class="invisible">http://www.</span><span class="js-display-url">bandsintown.com/event/7412382?</span><span class="invisible">artist=De+La+Purissima&amp;came_from=123</span><span class="tco-ellipsis"><span class="invisible">&nbsp;</span>…</span></a>]]></document>
		<document id="408717466807050240" url="https://twitter.com/mrtfernandez/status/408717466807050240"><![CDATA[&quot;The struggle is my life. I will continue fighting for freedom until the end of my days.&quot; - Nelson Mandela (1918-2013)]]></document>
		<document id="408725086649475072" url="https://twitter.com/mrtfernandez/status/408725086649475072"><![CDATA[Obama visiblemente emocionado: &quot;He no longer belongs to us, he belongs to the ages.&quot;]]></document>
		<document id="408725776293703681" url="https://twitter.com/mrtfernandez/status/408725776293703681"><![CDATA[&quot;A man who took history in his hands, and bent the arc of history towards justice.&quot; Obama, que luego tensaría ese arco, sobre Mandela.]]></document>
		<document id="408730333065256961" url="https://twitter.com/mrtfernandez/status/408730333065256961"><![CDATA[Oh! RT <a href="/NASA" class="twitter-atreply pretty-link js-nav" dir="ltr" data-mentioned-user-id="11348282" ><s>@</s><b>NASA</b></a>: In honor of Nelson Mandela here is an image of South Africa from <a href="/hashtag/ISS?src=hash" data-query-source="hashtag_click" class="twitter-hashtag pretty-link js-nav" dir="ltr" ><s>#</s><b>ISS</b></a>: <a href="https://t.co/2B1Gu1zVoV" rel="nofollow noopener" dir="ltr" data-expanded-url="https://twitter.com/Cmdr_Hadfield/status/332417458088599552" class="twitter-timeline-link" target="_blank" title="https://twitter.com/Cmdr_Hadfield/status/332417458088599552" ><span class="tco-ellipsis"></span><span class="invisible">https://</span><span class="js-display-url">twitter.com/Cmdr_Hadfield/</span><span class="invisible">status/332417458088599552</span><span class="tco-ellipsis"><span class="invisible">&nbsp;</span>…</span></a><a href="http://t.co/GwoFgAVUvW" class="twitter-timeline-link u-hidden" data-pre-embedded="true" dir="ltr" >pic.twitter.com/GwoFgAVUvW</a>]]></document>
		<document id="408730933538586624" url="https://twitter.com/mrtfernandez/status/408730933538586624"><![CDATA[El próximo New Yorker.<a href="http://t.co/cs7MjsqLWZ" rel="nofollow noopener" dir="ltr" data-expanded-url="http://twitpic.com/dnp1hr" class="twitter-timeline-link u-hidden" target="_blank" title="http://twitpic.com/dnp1hr" ><span class="tco-ellipsis"></span><span class="invisible">http://</span><span class="js-display-url">twitpic.com/dnp1hr</span><span class="invisible"></span><span class="tco-ellipsis"><span class="invisible">&nbsp;</span></span></a>]]></document>
		<document id="408732668667654144" url="https://twitter.com/mrtfernandez/status/408732668667654144"><![CDATA[Cover Story: Nelson Mandela, hero. 
<a href="http://t.co/KLwahmbkYw" rel="nofollow noopener" dir="ltr" data-expanded-url="http://m.newyorker.com/online/blogs/culture/2013/12/new-yorker-cover-nelson-mandela.html#slide_ss_0=1" class="twitter-timeline-link" target="_blank" title="http://m.newyorker.com/online/blogs/culture/2013/12/new-yorker-cover-nelson-mandela.html#slide_ss_0=1" ><span class="tco-ellipsis"></span><span class="invisible">http://</span><span class="js-display-url">m.newyorker.com/online/blogs/c</span><span class="invisible">ulture/2013/12/new-yorker-cover-nelson-mandela.html#slide_ss_0=1</span><span class="tco-ellipsis"><span class="invisible">&nbsp;</span>…</span></a>  <a href="http://t.co/mKcwoHm8xi" rel="nofollow noopener" dir="ltr" data-expanded-url="http://twitpic.com/dnp23r" class="twitter-timeline-link" target="_blank" title="http://twitpic.com/dnp23r" ><span class="tco-ellipsis"></span><span class="invisible">http://</span><span class="js-display-url">twitpic.com/dnp23r</span><span class="invisible"></span><span class="tco-ellipsis"><span class="invisible">&nbsp;</span></span></a>]]></document>
		<document id="408735611500392449" url="https://twitter.com/mrtfernandez/status/408735611500392449"><![CDATA[Our Beloved Hero, 
Our Nations Father, 
Our Dearest Tata, 
Will forever be in our hearts.
Long Live Madiba <a href="/hashtag/DeSowetoACapeTown?src=hash" data-query-source="hashtag_click" class="twitter-hashtag pretty-link js-nav" dir="ltr" ><s>#</s><b>DeSowetoACapeTown</b></a>]]></document>
		<document id="408846633682882560" url="https://twitter.com/mrtfernandez/status/408846633682882560"><![CDATA[Lo que queda por hacer... RT <a href="/washingtonpost" class="twitter-atreply pretty-link js-nav" dir="ltr" data-mentioned-user-id="2467791" ><s>@</s><b>washingtonpost</b></a>: Free, but still unequal: South Africa today <a href="http://t.co/yr0JMXuoIh" rel="nofollow noopener" dir="ltr" data-expanded-url="http://wapo.st/1aEoQYe" class="twitter-timeline-link" target="_blank" title="http://wapo.st/1aEoQYe" ><span class="tco-ellipsis"></span><span class="invisible">http://</span><span class="js-display-url">wapo.st/1aEoQYe</span><span class="invisible"></span><span class="tco-ellipsis"><span class="invisible">&nbsp;</span></span></a>]]></document>
		<document id="408898706512302080" url="https://twitter.com/mrtfernandez/status/408898706512302080"><![CDATA[<a href="/RevistaDon" class="twitter-atreply pretty-link js-nav" dir="ltr" data-mentioned-user-id="1410035282" ><s>@</s><b>RevistaDon</b></a> Awesome!]]></document>
		<document id="410138635955343360" url="https://twitter.com/mrtfernandez/status/410138635955343360"><![CDATA[Ay querida <a href="/lalita1972" class="twitter-atreply pretty-link js-nav" dir="ltr" data-mentioned-user-id="12456322" ><s>@</s><b>lalita1972</b></a>, ya! RT <a href="/mashable" class="twitter-atreply pretty-link js-nav" dir="ltr" data-mentioned-user-id="972651" ><s>@</s><b>mashable</b></a>: Sherlock Returns From the Dead in Thrilling Season 3 Trailer <a href="http://t.co/5N3jIl6eJa" rel="nofollow noopener" dir="ltr" data-expanded-url="http://on.mash.to/1bxgaat" class="twitter-timeline-link" target="_blank" title="http://on.mash.to/1bxgaat" ><span class="tco-ellipsis"></span><span class="invisible">http://</span><span class="js-display-url">on.mash.to/1bxgaat</span><span class="invisible"></span><span class="tco-ellipsis"><span class="invisible">&nbsp;</span></span></a> <a href="/hashtag/SherlockLives?src=hash" data-query-source="hashtag_click" class="twitter-hashtag pretty-link js-nav" dir="ltr" ><s>#</s><b>SherlockLives</b></a>]]></document>
		<document id="410339368444768256" url="https://twitter.com/mrtfernandez/status/410339368444768256"><![CDATA[Bichos en las calles... Wow! New Environmental Street Art by ROA <a href="http://t.co/GjYk9lLlaD" rel="nofollow noopener" dir="ltr" data-expanded-url="http://www.thisiscolossal.com/2013/12/new-environmental-street-art-by-roa/" class="twitter-timeline-link" target="_blank" title="http://www.thisiscolossal.com/2013/12/new-environmental-street-art-by-roa/" ><span class="tco-ellipsis"></span><span class="invisible">http://www.</span><span class="js-display-url">thisiscolossal.com/2013/12/new-en</span><span class="invisible">vironmental-street-art-by-roa/</span><span class="tco-ellipsis"><span class="invisible">&nbsp;</span>…</span></a> vía <a href="/Colossal" class="twitter-atreply pretty-link js-nav" dir="ltr" data-mentioned-user-id="203063180" ><s>@</s><b>Colossal</b></a><a href="http://t.co/tOWSPGP2ja" class="twitter-timeline-link u-hidden" data-pre-embedded="true" dir="ltr" >pic.twitter.com/tOWSPGP2ja</a>]]></document>
		<document id="410385854570319872" url="https://twitter.com/mrtfernandez/status/410385854570319872"><![CDATA[<a href="/vs1942" class="twitter-atreply pretty-link js-nav" dir="ltr" data-mentioned-user-id="462293438" ><s>@</s><b>vs1942</b></a> <a href="/DavidCacho" class="twitter-atreply pretty-link js-nav" dir="ltr" data-mentioned-user-id="35204413" ><s>@</s><b>DavidCacho</b></a> Yep!]]></document>
		<document id="410899630671794176" url="https://twitter.com/mrtfernandez/status/410899630671794176"><![CDATA[Para devotas de Jimmy y en especial para <a href="/BelenBermejo" class="twitter-atreply pretty-link js-nav" dir="ltr" data-mentioned-user-id="264950207" ><s>@</s><b>BelenBermejo</b></a> RT <a href="/annehelen" class="twitter-atreply pretty-link js-nav" dir="ltr" data-mentioned-user-id="16714443" ><s>@</s><b>annehelen</b></a>: James Dean, why tweens love androgynous stars <a href="http://t.co/Izbpswvxx9" rel="nofollow noopener" dir="ltr" data-expanded-url="http://bit.ly/19hPpX3" class="twitter-timeline-link" target="_blank" title="http://bit.ly/19hPpX3" ><span class="tco-ellipsis"></span><span class="invisible">http://</span><span class="js-display-url">bit.ly/19hPpX3</span><span class="invisible"></span><span class="tco-ellipsis"><span class="invisible">&nbsp;</span></span></a>]]></document>
		<document id="411033101843062784" url="https://twitter.com/mrtfernandez/status/411033101843062784"><![CDATA[Muy épico! RT @NoelBurgundy: Anuncio de &quot;The Time of the Doctor&quot;. Esto va a ser épico, Twitter. <a href="https://t.co/5tYWRd69GF" rel="nofollow noopener" dir="ltr" data-expanded-url="https://www.youtube.com/watch?v=7GhY-ds2Kfk" class="twitter-timeline-link" target="_blank" title="https://www.youtube.com/watch?v=7GhY-ds2Kfk" ><span class="tco-ellipsis"></span><span class="invisible">https://www.</span><span class="js-display-url">youtube.com/watch?v=7GhY-d</span><span class="invisible">s2Kfk</span><span class="tco-ellipsis"><span class="invisible">&nbsp;</span>…</span></a> cc <a href="/lalita1972" class="twitter-atreply pretty-link js-nav" dir="ltr" data-mentioned-user-id="12456322" ><s>@</s><b>lalita1972</b></a> &amp; Co]]></document>
		<document id="411628299073634304" url="https://twitter.com/mrtfernandez/status/411628299073634304"><![CDATA[<a href="/ramonaranguena" class="twitter-atreply pretty-link js-nav" dir="ltr" data-mentioned-user-id="971732570" ><s>@</s><b>ramonaranguena</b></a> <a href="/Teatro_Real" class="twitter-atreply pretty-link js-nav" dir="ltr" data-mentioned-user-id="180314037" ><s>@</s><b>Teatro_Real</b></a> <a href="/erwinschrott" class="twitter-atreply pretty-link js-nav" dir="ltr" data-mentioned-user-id="52424110" ><s>@</s><b>erwinschrott</b></a> @lumachina86 Sí hay. ;) <a href="http://t.co/lYvAqBUBv6" rel="nofollow noopener" dir="ltr" data-expanded-url="http://www.elmundo.es/blogs/elmundo/blogdepecho/2013/12/02/aqui-si-hay-playa.html" class="twitter-timeline-link" target="_blank" title="http://www.elmundo.es/blogs/elmundo/blogdepecho/2013/12/02/aqui-si-hay-playa.html" ><span class="tco-ellipsis"></span><span class="invisible">http://www.</span><span class="js-display-url">elmundo.es/blogs/elmundo/</span><span class="invisible">blogdepecho/2013/12/02/aqui-si-hay-playa.html</span><span class="tco-ellipsis"><span class="invisible">&nbsp;</span>…</span></a>]]></document>
		<document id="412456894281043969" url="https://twitter.com/mrtfernandez/status/412456894281043969"><![CDATA[Last night I dreamt I went to Manderley again. Adiós a la segunda señora de Winters. Adiós Joan Fontaine.]]></document>
		<document id="413360119896752128" url="https://twitter.com/mrtfernandez/status/413360119896752128"><![CDATA[@NoelBurgundy <a href="/hematocritico" class="twitter-atreply pretty-link js-nav" dir="ltr" data-mentioned-user-id="81577367" ><s>@</s><b>hematocritico</b></a> TocToc??]]></document>
		<document id="413971114059370496" url="https://twitter.com/mrtfernandez/status/413971114059370496"><![CDATA[<a href="/JuanAndresB" class="twitter-atreply pretty-link js-nav" dir="ltr" data-mentioned-user-id="47783762" ><s>@</s><b>JuanAndresB</b></a> Does Britannia, when it sleeps, dream? Is America her dream? -- (...)]]></document>
		<document id="413971413796913152" url="https://twitter.com/mrtfernandez/status/413971413796913152"><![CDATA[<a href="/JuanAndresB" class="twitter-atreply pretty-link js-nav" dir="ltr" data-mentioned-user-id="47783762" ><s>@</s><b>JuanAndresB</b></a> She has turned her face, more than once, to the Outer Radiance and simply seen nothing there. (...)]]></document>
		<document id="415368647998464000" url="https://twitter.com/mrtfernandez/status/415368647998464000"><![CDATA[OMG RT <a href="/apod" class="twitter-atreply pretty-link js-nav" dir="ltr" data-mentioned-user-id="8295072" ><s>@</s><b>apod</b></a>: Sharpless 308: Star Bubble: <a href="http://t.co/WlhCzVtF6C" rel="nofollow noopener" dir="ltr" data-expanded-url="http://apod.it/131224" class="twitter-timeline-link" target="_blank" title="http://apod.it/131224" ><span class="tco-ellipsis"></span><span class="invisible">http://</span><span class="js-display-url">apod.it/131224</span><span class="invisible"></span><span class="tco-ellipsis"><span class="invisible">&nbsp;</span></span></a>]]></document>
		<document id="415422404283076608" url="https://twitter.com/mrtfernandez/status/415422404283076608"><![CDATA[<a href="/wertheriano" class="twitter-atreply pretty-link js-nav" dir="ltr" data-mentioned-user-id="253709038" ><s>@</s><b>wertheriano</b></a> Gracias!!]]></document>
		<document id="415575344113287168" url="https://twitter.com/mrtfernandez/status/415575344113287168"><![CDATA[Comunidad Intelectual! Tiene Twitter!!]]></document>
		<document id="415737792204140544" url="https://twitter.com/mrtfernandez/status/415737792204140544"><![CDATA[Kidding? Pynchon! RT <a href="/GuardianUS" class="twitter-atreply pretty-link js-nav" dir="ltr" data-mentioned-user-id="16042794" ><s>@</s><b>GuardianUS</b></a>: Who is the greatest American novelist? Round 6: Thomas Pynchon v Carson McCullers<a href="http://t.co/9Zc03R4uGP" rel="nofollow noopener" dir="ltr" data-expanded-url="http://trib.al/Zns5P3e" class="twitter-timeline-link u-hidden" target="_blank" title="http://trib.al/Zns5P3e" ><span class="tco-ellipsis"></span><span class="invisible">http://</span><span class="js-display-url">trib.al/Zns5P3e</span><span class="invisible"></span><span class="tco-ellipsis"><span class="invisible">&nbsp;</span></span></a>]]></document>
		<document id="416495368675684352" url="https://twitter.com/mrtfernandez/status/416495368675684352"><![CDATA[<a href="/antoniofse" class="twitter-atreply pretty-link js-nav" dir="ltr" data-mentioned-user-id="34868923" ><s>@</s><b>antoniofse</b></a> Ohhhhh....]]></document>
		<document id="418729671472463872" url="https://twitter.com/mrtfernandez/status/418729671472463872"><![CDATA[Ohhh! RT <a href="/fotogramas_es" class="twitter-atreply pretty-link js-nav" dir="ltr" data-mentioned-user-id="19913847" ><s>@</s><b>fotogramas_es</b></a>: Primera imagen de Benedict Cumberbatch como Alan Turing en &#39;The Imitation of Life&#39;<a href="http://t.co/vcBOUnXWNU" rel="nofollow noopener" dir="ltr" data-expanded-url="http://www.fotogramas.es/Noticias/The-Imitation-Game-Primera-imagen-de-Benedict-Cumberbatch-como-Alan-Turing" class="twitter-timeline-link u-hidden" target="_blank" title="http://www.fotogramas.es/Noticias/The-Imitation-Game-Primera-imagen-de-Benedict-Cumberbatch-como-Alan-Turing" ><span class="tco-ellipsis"></span><span class="invisible">http://www.</span><span class="js-display-url">fotogramas.es/Noticias/The-I</span><span class="invisible">mitation-Game-Primera-imagen-de-Benedict-Cumberbatch-como-Alan-Turing</span><span class="tco-ellipsis"><span class="invisible">&nbsp;</span>…</span></a>]]></document>
		<document id="419189294591643648" url="https://twitter.com/mrtfernandez/status/419189294591643648"><![CDATA[<a href="/TheAtlantic" class="twitter-atreply pretty-link js-nav" dir="ltr" data-mentioned-user-id="35773039" ><s>@</s><b>TheAtlantic</b></a> Truman Capote&#39;s Black and white ball. The party of the Century!!]]></document>
		<document id="419232374757408770" url="https://twitter.com/mrtfernandez/status/419232374757408770"><![CDATA[Conjurar la borrasca con la música de Desplat. Heroic weather conditions of the universe part 7. <a href="/hashtag/MoonriseKingdom?src=hash" data-query-source="hashtag_click" class="twitter-hashtag pretty-link js-nav" dir="ltr" ><s>#</s><b>MoonriseKingdom</b></a><a href="http://t.co/vwWiDG4OOO" rel="nofollow noopener" dir="ltr" data-expanded-url="http://www.youtube.com/watch?v=MbPO7OzGTqs" class="twitter-timeline-link u-hidden" target="_blank" title="http://www.youtube.com/watch?v=MbPO7OzGTqs" ><span class="tco-ellipsis"></span><span class="invisible">http://www.</span><span class="js-display-url">youtube.com/watch?v=MbPO7O</span><span class="invisible">zGTqs</span><span class="tco-ellipsis"><span class="invisible">&nbsp;</span>…</span></a>]]></document>
		<document id="419927169226121216" url="https://twitter.com/mrtfernandez/status/419927169226121216"><![CDATA[Feliz Noche de Reyes: It will be a love story, for she will be my heroine for all time. And her name will be Viola. <a href="http://t.co/7Dcf40vQKQ" rel="nofollow noopener" dir="ltr" data-expanded-url="http://www.anyclip.com/movies/shakespeare-in-love/urFrtYJt7hbJmm/#!quotes/" class="twitter-timeline-link" target="_blank" title="http://www.anyclip.com/movies/shakespeare-in-love/urFrtYJt7hbJmm/#!quotes/" ><span class="tco-ellipsis"></span><span class="invisible">http://www.</span><span class="js-display-url">anyclip.com/movies/shakesp</span><span class="invisible">eare-in-love/urFrtYJt7hbJmm/#!quotes/</span><span class="tco-ellipsis"><span class="invisible">&nbsp;</span>…</span></a>]]></document>
		<document id="420517492415397888" url="https://twitter.com/mrtfernandez/status/420517492415397888"><![CDATA[@JOSEGAMO13 Se me cuide usted... eh?]]></document>
		<document id="420844824724377600" url="https://twitter.com/mrtfernandez/status/420844824724377600"><![CDATA[<a href="/stromboli72" class="twitter-atreply pretty-link js-nav" dir="ltr" data-mentioned-user-id="365757441" ><s>@</s><b>stromboli72</b></a> Elementary my dear Stromboli...]]></document>
		<document id="420874599622930432" url="https://twitter.com/mrtfernandez/status/420874599622930432"><![CDATA[@NoelBurgundy <a href="/GQSpain" class="twitter-atreply pretty-link js-nav" dir="ltr" data-mentioned-user-id="33906991" ><s>@</s><b>GQSpain</b></a> Ooooooooooooohhhhhhhhhhh. No me lo tengas en cuenta, habla la fan.]]></document>
		<document id="422849674975145984" url="https://twitter.com/mrtfernandez/status/422849674975145984"><![CDATA[Eso RT <a href="/AdviceToWriters" class="twitter-atreply pretty-link js-nav" dir="ltr" data-mentioned-user-id="44949890" ><s>@</s><b>AdviceToWriters</b></a>: &quot;If you really want to write, then shut yourself in a room, close the door, and WRITE…&quot; <a href="http://t.co/tZCFX3tgw6" rel="nofollow noopener" dir="ltr" data-expanded-url="http://www.advicetowriters.com/home/2014/1/13/lock-yourself-in-a-room.html" class="twitter-timeline-link" target="_blank" title="http://www.advicetowriters.com/home/2014/1/13/lock-yourself-in-a-room.html" ><span class="tco-ellipsis"></span><span class="invisible">http://www.</span><span class="js-display-url">advicetowriters.com/home/2014/1/13</span><span class="invisible">/lock-yourself-in-a-room.html</span><span class="tco-ellipsis"><span class="invisible">&nbsp;</span>…</span></a>]]></document>
		<document id="423559506711576576" url="https://twitter.com/mrtfernandez/status/423559506711576576"><![CDATA[<a href="/gutisolis" class="twitter-atreply pretty-link js-nav" dir="ltr" data-mentioned-user-id="81696941" ><s>@</s><b>gutisolis</b></a> <a href="/Alfabia_BCN" class="twitter-atreply pretty-link js-nav" dir="ltr" data-mentioned-user-id="524264646" ><s>@</s><b>Alfabia_BCN</b></a> Planeta Pynchon.]]></document>
		<document id="423825779760582657" url="https://twitter.com/mrtfernandez/status/423825779760582657"><![CDATA[<a href="/Kaisser_Sousse" class="twitter-atreply pretty-link js-nav" dir="ltr" data-mentioned-user-id="212644778" ><s>@</s><b>Kaisser_Sousse</b></a> Mason y Dixon. O Vineland.]]></document>
		<document id="423833580280614912" url="https://twitter.com/mrtfernandez/status/423833580280614912"><![CDATA[@AJStyles_Lesnar Oh! Gracias!]]></document>
		<document id="423859749382524928" url="https://twitter.com/mrtfernandez/status/423859749382524928"><![CDATA[<a href="/Karl_Langas" class="twitter-atreply pretty-link js-nav" dir="ltr" data-mentioned-user-id="244557242" ><s>@</s><b>Karl_Langas</b></a> <a href="/thursnext" class="twitter-atreply pretty-link js-nav" dir="ltr" data-mentioned-user-id="14171140" ><s>@</s><b>Thursnext</b></a>  <a href="http://t.co/SfhdMOtvb0" rel="nofollow noopener" dir="ltr" data-expanded-url="http://twitpic.com/dsgc3f" class="twitter-timeline-link" target="_blank" title="http://twitpic.com/dsgc3f" ><span class="tco-ellipsis"></span><span class="invisible">http://</span><span class="js-display-url">twitpic.com/dsgc3f</span><span class="invisible"></span><span class="tco-ellipsis"><span class="invisible">&nbsp;</span></span></a>]]></document>
		<document id="423922428197478400" url="https://twitter.com/mrtfernandez/status/423922428197478400"><![CDATA[<a href="/ana_ortas" class="twitter-atreply pretty-link js-nav" dir="ltr" data-mentioned-user-id="223827086" ><s>@</s><b>ana_ortas</b></a> Y sin Martín Sheen. Fatal. This is the end, my friend. <a href="http://t.co/lqjU7Vs3Cz" rel="nofollow noopener" dir="ltr" data-expanded-url="http://touch.dailymotion.com/video/xju2ct_the-doors-the-end-original-stereo-hq-audio_music" class="twitter-timeline-link" target="_blank" title="http://touch.dailymotion.com/video/xju2ct_the-doors-the-end-original-stereo-hq-audio_music" ><span class="tco-ellipsis"></span><span class="invisible">http://</span><span class="js-display-url">touch.dailymotion.com/video/xju2ct_t</span><span class="invisible">he-doors-the-end-original-stereo-hq-audio_music</span><span class="tco-ellipsis"><span class="invisible">&nbsp;</span>…</span></a> <a href="/hashtag/MeRetiro?src=hash" data-query-source="hashtag_click" class="twitter-hashtag pretty-link js-nav" dir="ltr" ><s>#</s><b>MeRetiro</b></a>]]></document>
		<document id="424087484482347008" url="https://twitter.com/mrtfernandez/status/424087484482347008"><![CDATA[El cielo. Sturm und Drang, hoy. <a href="http://t.co/94KvCbPHsA" rel="nofollow noopener" dir="ltr" data-expanded-url="http://www.thisiscolossal.com/2014/01/severe-skies-the-photography-of-storm-chaser-mike-hollingshead/" class="twitter-timeline-link" target="_blank" title="http://www.thisiscolossal.com/2014/01/severe-skies-the-photography-of-storm-chaser-mike-hollingshead/" ><span class="tco-ellipsis"></span><span class="invisible">http://www.</span><span class="js-display-url">thisiscolossal.com/2014/01/severe</span><span class="invisible">-skies-the-photography-of-storm-chaser-mike-hollingshead/</span><span class="tco-ellipsis"><span class="invisible">&nbsp;</span>…</span></a> … <a href="/hashtag/MikeHollingshead?src=hash" data-query-source="hashtag_click" class="twitter-hashtag pretty-link js-nav" dir="ltr" ><s>#</s><b>MikeHollingshead</b></a><a href="http://t.co/kknJmkogCT" class="twitter-timeline-link u-hidden" data-pre-embedded="true" dir="ltr" >pic.twitter.com/kknJmkogCT</a>]]></document>
		<document id="424139542606512128" url="https://twitter.com/mrtfernandez/status/424139542606512128"><![CDATA[A man who is his own lawyer has a fool for a client. <a href="/hashtag/PuesEso?src=hash" data-query-source="hashtag_click" class="twitter-hashtag pretty-link js-nav" dir="ltr" ><s>#</s><b>PuesEso</b></a> <a href="/hashtag/CasoAsunta?src=hash" data-query-source="hashtag_click" class="twitter-hashtag pretty-link js-nav" dir="ltr" ><s>#</s><b>CasoAsunta</b></a>]]></document>
		<document id="425731613545476096" url="https://twitter.com/mrtfernandez/status/425731613545476096"><![CDATA[<a href="/TheAngelNaughty" class="twitter-atreply pretty-link js-nav" dir="ltr" data-mentioned-user-id="192936152" ><s>@</s><b>TheAngelNaughty</b></a> Ohhh. Sabes que te lo agradezco siempre. :)]]></document>
		<document id="425734105595396096" url="https://twitter.com/mrtfernandez/status/425734105595396096"><![CDATA[<a href="/TheAngelNaughty" class="twitter-atreply pretty-link js-nav" dir="ltr" data-mentioned-user-id="192936152" ><s>@</s><b>TheAngelNaughty</b></a> Y yo te cuento!]]></document>
		<document id="425951654228160513" url="https://twitter.com/mrtfernandez/status/425951654228160513"><![CDATA[@SonrisaDesigual Muy de Cucumberhot... ;)]]></document>
	</documents>
</author>